-0.061061826,-0.09979682,-0.050071847,0.12964153,0.07760825,-0.004644009,-0.04310379,-0.108841315,-0.05269955,-0.12011985,-0.054341238,-0.32629877,0.04123646,-0.04100134,0.19650576,-0.062405482,0.013632266,-6.9134788e-18,-0.061824206,-0.08246359,-0.044052478,-0.039188467,0.09406343,0.06609768,0.15774491,0.17572385,0.07151405,0.17510474,0.12278687,0.13767613,0.028592892,-0.090474494,-0.07686251,0.056002535,0.054554734,-0.0057218093,-0.037984125,0.08978788,0.00028768016,0.035308514,-0.121157974,-0.0760462,0.048938002,0.08819006,0.16266502,0.0056989235,0.092749186,-0.04570996,0.033935737,-0.009605232,-0.11091021,0.051054433,0.028847337,-0.12139747,0.24595544,-0.089985736,0.055243526,-9.436027e-34,0.11937588,-0.03136611,0.19381827,-0.2748634,-0.095360324,-0.022526193,0.1419633,-0.11455114,-0.10605338,0.14775386,0.047375433,-0.055463705,-0.019487765,-0.07893422,-0.08648284,0.01811352,0.0460535,0.08707625,0.08237854,-0.11141469,0.11835304,-0.062645905,0.17175342,0.074028105,-0.012194345,0.024789857,0.10514311,0.00062945124,-0.04181581,0.20435715,0.090149485,-0.2806023,0.025906976,-0.1952116,-0.17724171,-0.17314047,0.08850459,0.08382024,0.09507755,-3.2045651e-18,0.063112736,-0.113848284,-0.16146193,-0.14637154,0.086186945,0.00041938716,0.022969386,0.016511928,0.10725576,0.060828384,-0.019968495,0.12751608,0.000670133,-0.18873835,0.032642756,0.048941612,0.19385017,-0.26075473,0.08426118,0.09536946,0.024955876,-0.029950187,0.04392091,-0.049040157,-0.22437045,-0.0098676365,-0.06229974,0.0028658945,0.0034520233,0.07226136,0.13526723,-0.19258538,-0.3162313,-0.18442361,0.0009230362,0.020249957,0.1056296,-0.13023698,0.03536988,-5.1868457e-25,-0.07183687,0.10654127,-0.090341866,-0.020585207,-0.11064444,-0.09711446,-0.053103596,-0.042822205,0.031218465,0.3148799,0.07107427,0.15273362,0.008816218,-0.15128452,-0.064304486,0.18067421,0.22632292,-0.03545171,-0.18731353,-1.2671112e-05,-0.124321826,0.047204014
0.28471872,-0.0441371,-0.00090446614,0.20964418,0.009647391,0.008849761,-0.08548619,0.024744615,-0.047616135,-0.1545031,0.15748379,-0.1383182,0.34958833,-0.03612127,0.046795353,0.18302877,0.20964938,1.681525e-14,-0.0730956,0.0060263057,0.094432995,0.18881758,0.09329857,-0.12485856,0.09983249,-0.010896322,-0.012224955,-0.15898772,-0.19265065,-0.10966099,0.043625675,0.053640384,0.058499314,0.004818737,0.2418771,0.14057948,-0.108273424,0.14921393,0.15985006,0.16241643,0.1313377,0.07823801,0.07621777,-0.09462125,0.18169223,0.009569742,-0.07339626,0.030535929,0.1742633,0.12136813,-0.0010096547,-0.017043948,0.2355415,0.07561426,8.0553174e-05,-0.16083269,0.15824057,2.2218267e-16,-0.047639586,0.038012244,-0.108724184,-0.0139758615,0.122858554,0.0906233,0.19661699,0.02834994,-0.07766797,0.027970532,-0.15173854,-0.10599922,0.17905883,0.29363096,0.0030233685,0.12105113,0.10717867,0.101169296,-0.21957247,0.0743122,0.19180761,0.15562905,-0.13357766,-0.06154951,0.05853383,-0.09492008,0.06426815,0.010758502,-0.16664825,-0.095595814,-0.26820067,0.06617772,0.11096024,0.0894241,-0.0020553032,-0.1622942,0.093790635,0.07592365,0.1101649,-2.955743e-33,-0.03983519,-0.07067789,0.015262636,0.026458293,0.3385538,-0.101747856,0.17177185,0.10211233,-0.024591122,0.13319747,-0.08091808,-0.09256706,-0.021090722,0.121647336,-0.1617413,0.1932664,-0.28717825,0.006754184,-0.057418812,-0.16676864,-0.05051336,0.032392006,0.17995165,0.023368096,-0.056389138,0.19217476,-0.017442541,-0.013114094,-0.2090722,-0.08460808,-0.20932424,0.047410704,-0.033279616,0.18274462,-0.025298914,0.09619584,0.121221334,0.038279288,0.045904823,9.849608e-33,0.11160639,0.066220656,0.09020733,0.12944497,0.17134973,-0.09619994,0.13455713,0.098227754,0.029377101,0.26191252,0.051426522,0.026549457,-0.095734015,0.061692853,-0.20075959,0.051745534,0.155256,0.06646186,-0.27407438,-0.03244567,0.008098147,0.07829893
0.17029144,0.007452774,-0.07176121,0.030113626,0.11441117,-0.0009827391,0.13805673,0.039611198,0.11309111,-0.1646618,0.042303436,-0.106203884,0.06303343,0.007929205,-0.04427665,-0.03537058,-0.013712066,-9.115589e-15,-0.004699635,-0.013204011,0.060415227,0.21466874,0.053895727,-0.005873874,0.12399518,0.07966778,-0.036638025,-0.095350176,-0.102094114,0.14940211,0.15395467,-0.10495058,0.041188415,0.002844148,0.22228613,-0.081896715,0.046855465,0.0011514666,0.099936664,0.16201866,0.025208784,-0.0015372309,0.11658268,-0.08431431,0.13366826,-0.020319572,-0.07791736,-0.19704697,0.004203357,0.039994583,-0.16785716,0.0767669,0.31901312,0.032786366,-0.17458005,-0.043127205,0.20299804,4.561518e-11,-0.03383626,0.0374665,-0.17562002,-0.085204355,-0.07131915,0.13821378,0.300347,-0.037293933,-0.07595314,0.0782827,0.0008744079,-0.051569127,0.16099125,-0.027055727,0.25578582,0.08225783,0.08174916,0.23401703,-0.22885716,-0.0022732655,0.20222595,0.22181594,-0.12197068,-0.021776725,-0.045613773,0.11704573,0.028274449,-0.041956987,-0.09654056,0.031707957,-0.21529034,-0.19962108,-0.05893921,-0.0773631,-0.06635939,-0.014097022,0.35711914,0.06633445,-0.22129111,1.2139194e-18,0.12970978,-0.046952154,0.23384513,-0.0019039919,0.08703329,-0.14798063,0.02394809,0.02711993,-0.031885482,-0.00438945,0.17902693,0.015655732,0.14702855,-0.13632523,0.008565014,0.078812644,-0.18346609,-0.13720259,0.028714245,-0.18548782,-0.088909835,-0.03819237,0.14831293,0.021190366,-0.20296341,-0.07093092,0.060263492,-0.017732844,0.103258565,0.12627526,0.02755797,-0.065924875,-0.39013758,-0.15029858,-0.1492979,0.01111842,0.029402914,0.11411991,-0.022381239,3.1424183e-24,-0.043332588,-0.083620004,-0.16849737,-0.22135222,0.110133655,0.17437582,-0.06579293,-0.15001418,0.18682191,0.0009774351,-0.0426685,0.11466637,-0.043834023,-0.072933696,0.029427249,0.0120691275,0.051103,0.110515445,0.003103846,0.0043515177,-0.10050347,-0.13522059
0.011293641,-0.015929427,0.12786284,0.032221764,0.049538724,0.0017285504,0.0058644717,0.023087915,-0.020906135,-0.0068246503,-0.0020939403,-0.0035029433,-0.02313419,0.029640619,-0.0059039327,0.06435951,0.001056247,2.4315262e-18,-0.07761342,0.0011417838,0.0025693907,0.005430327,-0.004375539,-0.00018293079,-0.026423413,0.03601158,-0.08234018,0.007336426,-0.026798723,-0.007915636,-0.08994927,0.023092737,-0.028371915,-0.0029748257,-0.007918659,-0.012420385,0.031845246,0.009046504,0.06552755,-0.0050012674,-0.0028538068,-0.02447114,-0.089690596,0.0005322167,-0.01792667,-0.006936084,-0.022846758,-0.029888706,-0.07285826,-0.0021255543,0.066333726,-0.013979029,-0.0017942601,-0.074793436,0.095909424,0.015977947,-0.030633612,9.1946555e-12,-0.06139948,0.00071157806,0.025867539,-0.013712047,0.0009760033,-0.028114174,-0.015287919,-0.014335282,0.0755353,-0.022492591,0.09858863,-0.010135573,0.12396531,-0.03040938,-0.011902865,-0.009490961,-0.01639247,-0.01140541,0.0023549725,-0.056793164,0.049615093,-0.022446882,0.017155094,-0.011269562,0.0076251333,-0.0032810906,-0.07247366,0.005511117,-0.04805119,-0.006100537,-0.02058694,-0.0017036538,0.004558689,-0.014437014,-0.018458124,0.029465681,-0.01902774,0.097325586,0.019041609,2.97445e-29,0.05378132,0.00066967914,-0.006714212,0.036228694,-0.0036663876,-0.062167708,0.0036600765,-0.017610721,-0.006545808,-0.0016172398,-0.037348073,0.0046765218,0.060296714,-0.007160098,-0.032155663,-0.0028021282,0.07718319,-0.017884975,0.017907903,0.061814185,-0.0034053943,-0.0004990094,-0.029432386,-0.010709851,-0.024848426,-0.009495764,0.033389293,-0.005200651,-0.00966343,-0.028541733,-0.020479439,0.021641267,0.014348641,0.0025232711,0.0029243706,-0.051359456,0.0038778356,-0.1148513,0.012300019,-4.702437e-27,0.043586403,0.0002879772,0.023190474,-0.019029057,-0.009800452,-0.08866327,0.03797854,0.032046676,-0.02032184,0.018083297,0.08265138,-0.010038355,0.09977449,-0.022718389,0.035268113,-0.000994267,-0.043911986,-0.0021085653,-0.016269617,-0.0731158,0.024599163,-0.0066818297
0.2811574,0.06147607,-0.07343603,0.22247352,-0.058987875,0.04415142,0.11028755,-0.00965249,-0.018986518,0.1998865,-0.021361768,0.083382055,0.009111209,-0.093771465,-0.037188474,-0.012044554,-0.037002873,-1.6151766e-14,0.05517402,-0.046913836,0.00029861738,0.017787797,-0.10397345,-0.12819636,0.09255141,0.039185267,0.14297426,0.01785618,-0.04224333,-0.10806263,0.21332847,-0.051701255,0.18398833,-0.06164474,0.03579823,0.08296485,0.12028109,0.054836746,-0.08532459,0.054355692,-0.05843001,0.037700288,-0.009306188,0.16659577,0.19890459,0.026459277,-0.017840777,-0.17490704,0.12924102,0.32509813,0.021661509,0.038789213,-0.103770524,-0.076114096,0.01574933,0.15916169,0.14045547,-8.730201e-10,-0.13233957,-0.07081635,-0.01641967,0.11236164,-0.027456086,-0.014704402,0.01822712,0.108574785,0.16141388,0.000830791,0.11358565,0.08011724,-0.053909548,0.042251337,0.0558649,-0.07892422,0.19656262,0.10836942,-0.03787099,-0.08656685,0.15443546,0.058761057,-0.12054758,0.12830682,-0.05022153,-0.1906349,-0.102151364,0.0023537206,0.050037116,-0.07932778,0.13738765,0.04170853,0.007428804,0.19309409,0.15749006,0.053996056,0.1401355,-0.14930828,0.05186311,-2.5367522e-18,0.15192415,0.13503386,0.26769662,0.028037349,-0.048764125,0.0030734562,-0.059393678,0.04981394,0.11905933,0.12165663,0.050456896,0.1468904,0.14450823,0.09917878,-0.108663686,-0.117610686,-0.08032647,0.035528194,0.16655774,0.09530581,-0.07642918,0.029767543,0.1023671,-0.045389574,0.02057674,0.095329665,0.047196154,-0.0037696012,-0.046767864,0.04495575,0.0028173989,0.2937671,-0.22507885,0.22871765,0.061274417,0.007368437,0.059834637,0.16923606,0.10743664,5.4277535e-25,0.0008703964,0.048648708,-0.12745044,0.23900783,0.017715724,-0.01153154,0.21252316,-0.08335308,0.074864514,0.10685198,-0.035114363,0.16240074,-0.16314211,0.21963282,0.10676499,-0.09565842,-0.04673893,-0.053520642,-0.11478245,0.08169323,0.101857364,-0.006838737
0.15561311,-0.04404728,-0.005601293,0.13024198,0.088913575,0.027915621,0.022542803,0.17043231,0.20864435,0.07460253,-0.020385051,0.12678523,0.24691527,0.15583374,-0.04574598,-0.12559669,-0.035747945,4.2250037e-14,0.038683303,-0.07331078,0.0064947344,0.01482604,-0.06322915,-0.056077402,0.091991164,-0.08017583,0.17295781,0.09301357,-0.09279008,-0.020100601,0.010594581,-0.057085745,-0.036652047,-0.11835866,-0.03968635,0.0028305147,-0.10250858,0.04501963,-0.05857929,0.112362735,0.040638242,0.007522648,0.0478021,0.0993766,0.17166966,0.027936885,0.1301137,0.05569292,0.20612797,0.2791144,0.12730491,0.07663891,0.035860665,-0.10127049,-0.008770083,0.008322442,0.012585944,-2.1893676e-09,-0.13877587,-0.09835882,-0.13333207,0.2681041,0.018719751,0.030857036,0.2494487,-0.15835519,0.18606766,-0.028042018,-0.08265369,0.053898983,-0.057871312,0.13023137,0.25569683,0.009485743,0.05028597,0.1427372,0.066705145,0.14667581,-0.1432073,0.13523716,0.08139702,0.10320369,0.22266498,0.09782944,0.17502497,-0.02981343,-0.11558862,0.07521715,0.049741004,0.39560378,0.083506934,0.26071757,0.19573702,0.102362275,0.2107189,0.083061285,-0.059151523,6.2008866e-19,-0.06094187,0.062544845,0.20657703,0.3067484,-0.13486052,0.15313055,0.08623394,-0.1448521,-0.12317022,0.077941515,0.03672877,-0.11040195,0.0068040215,0.20799132,-0.088590614,-0.17295901,-0.020338247,0.31544605,0.19793974,0.01448503,0.05830165,-0.016000872,0.13093568,0.03589997,0.14303055,-0.047453355,-0.15155578,-0.006619949,0.118474714,0.09153345,-0.21372235,0.19365603,0.29228744,0.32025573,-0.106483966,-0.073332876,0.15719102,0.031433046,-0.016380984,9.608696e-25,-0.021134768,-0.06740702,0.12656789,0.5721959,0.18333879,0.030160312,6.1730134e-05,0.00164836,0.21913928,-0.13753857,0.0036093146,-0.0037946666,-0.1313946,0.16263814,-0.14043911,-0.12497671,0.09652664,0.14342289,-0.060435954,-0.14887744,-0.09901856,0.007017676
0.0050794776,0.07580218,0.24696565,0.076599844,0.13624598,0.0032828816,-0.115471356,0.05469719,0.09358216,0.025003726,-0.002156337,0.13888593,-0.019627538,0.13031663,-0.14342614,-0.07305099,-0.10325292,-2.1254355e-14,-0.06836768,-0.034292053,0.17053428,-0.13124608,-0.09302647,0.17170016,0.12815344,-0.08377307,0.15658318,0.24957173,0.023641564,0.05263948,-0.019752556,-0.17926605,-0.03824203,-0.03237094,0.011632488,-0.13467358,0.047185857,0.11920722,0.07760845,0.03721193,-0.08469193,0.0481174,0.06096083,0.039137848,0.08092162,0.031191122,-0.14290082,0.050184328,0.103152834,0.019787902,0.2967173,-0.14483607,0.07417769,0.13174166,-0.053884063,-0.0032937918,-0.016593149,-1.8187793e-09,0.08298183,0.032240566,0.1262721,0.096654624,-0.050684188,0.034200713,-0.09493804,-0.00021048817,0.058262076,0.14663768,0.02570804,-0.019578684,-0.02791293,-0.0770274,-0.15657511,-0.025857877,-0.17849724,0.0027918946,-0.020148216,0.090665564,0.042131986,-0.10912252,-0.064614154,-0.042817965,0.18375008,0.042313915,0.17352813,-0.0031817318,-0.0010568612,0.0085440865,-0.12687457,-0.013271297,-0.077491485,-0.063327,0.016510727,0.071853235,0.25394002,-0.02353172,-0.0032424158,1.0146233e-18,0.110400364,0.054793008,0.18316783,-0.1453834,-0.08950787,-0.1608972,0.10015062,0.25845078,0.00444289,-0.20744348,-0.009196489,-0.13264932,-0.06511682,-0.23556207,0.17485222,-0.14224999,-0.016775366,0.0448747,0.08829502,0.1026123,0.10625109,-0.011359588,-0.042046875,-0.08633447,0.16222814,-0.033658944,0.08918759,-0.012231699,-0.14467052,-0.085160196,0.06362284,-0.08622183,0.015617259,-0.13948908,-0.0066605317,0.056404375,0.16278255,0.088295475,0.06737358,-1.8953839e-24,-0.034253247,-0.022637252,-0.13859399,0.0008039379,-0.1110205,0.14601617,0.04453158,-0.019243652,0.13015486,-0.16768254,-0.095693275,0.092001036,0.112467825,-0.13058312,-0.0537687,-0.08789895,-0.0062272386,-0.20645645,0.049489528,0.17935823,-0.035650376,-0.09141311
0.13993181,-0.092987195,-0.029575687,0.12530662,0.14091192,0.04232587,0.1434048,0.088415615,-0.018478496,0.03463736,-0.042059865,0.1493522,-0.021487618,-0.09359457,0.0004301273,0.17509684,0.1527047,1.22383776e-14,0.093977794,0.071913645,0.13329852,0.15668456,0.05084349,-0.034864057,0.0281563,-0.13591518,0.12569147,0.13736413,0.07462695,-0.08396402,-0.018393563,0.19031146,0.15026005,0.053515784,-0.068773754,-0.09962896,0.008121704,-0.14535274,-0.09254618,-0.08678609,-0.057075683,-0.08670451,0.099058606,0.14181435,0.03989211,0.027374832,0.13858303,0.061944902,0.14904405,0.121592134,0.13184078,0.07932373,-0.07409612,0.103160374,0.050422195,-0.036324993,0.15099931,4.3615275e-10,-0.17138328,-0.09026615,0.017507829,0.103453666,0.031488657,0.15355732,0.09757045,0.028653743,0.1513621,-0.046815038,0.14573242,-0.04107517,-0.08016152,-0.052655924,0.14891323,0.026397416,0.21156201,0.08475699,-0.025385521,0.111040615,0.080697514,0.09523533,0.113145515,-0.03898668,0.18327124,-0.08776132,0.009229669,-0.002599426,-0.0152565995,-0.117161214,0.0020933514,0.16773176,0.09940039,0.18680301,0.20385484,-0.07160009,0.1084586,-0.09730344,-0.008895879,-1.8778038e-18,0.17275932,0.030538863,0.21596013,0.26995555,-0.015197679,-0.1269845,0.04075878,0.05790602,0.040317997,0.24999125,0.05553155,-0.075640656,0.115568444,-0.031562187,-0.03227306,-0.1730773,0.14232221,-0.014807417,-0.03857903,0.10607104,0.18280913,0.101528145,0.123924196,-0.049369305,0.046739172,0.10494785,-0.116449565,0.03858002,-0.10328118,0.025606858,0.036777187,0.08412724,0.108369626,-0.008787719,0.28518328,0.06638145,0.06202434,-0.108989954,0.1671707,2.2929027e-24,0.015989903,0.067894384,0.25770268,0.12733996,-0.06349257,0.1050599,0.2670982,0.1323434,-0.0029269794,0.0013134769,0.18074916,-0.16248123,-0.10536675,-0.03340415,-0.015303144,-0.0919773,0.069100626,-0.020794885,-0.0849567,-0.14166883,-0.029011201,-0.021894867
-2.460147e-24,2.1820956e-24,-0.00022087646,-5.224919e-22,-0.00013408856,8.717379e-26,-2.4195497e-05,-2.0355056e-08,-2.5746006e-06,5.887522e-24,-2.5366078e-13,1.2731618e-21,-2.9339182e-08,-5.228236e-05,-0.00031186026,-0.00019141081,-1.3177936e-25,-1.848693e-32,-0.00013047033,8.631911e-21,-2.3136212e-05,-1.0475185e-24,1.72622e-26,-0.00034590895,4.3290533e-24,-0.0002116825,-7.137989e-05,-8.359197e-08,-0.00018048559,-1.7382094e-07,-0.00022900473,1.3935929e-24,2.8373876e-21,9.271832e-17,1.4986125e-23,-7.2268375e-10,-1.1621521e-05,-6.303298e-05,-8.680683e-05,1.7167243e-22,3.3396927e-24,-3.841079e-09,-0.00024045269,1.0772586e-15,-9.944775e-05,1.0454103e-25,-1.9746543e-05,-4.378492e-07,-1.3691023e-05,-9.569034e-25,6.223694e-25,8.418595e-24,-4.3536297e-06,-9.3467446e-05,-0.00019884265,-0.00023671771,3.762387e-24,-1.5405606e-32,-0.00017465427,4.11778e-19,-1.4515843e-05,1.4372766e-24,1.0226996e-24,-0.00025122607,2.8845916e-24,-0.00021387915,-4.7380865e-05,-5.8416216e-08,-0.00025041561,-2.0532502e-07,-0.0001778528,-8.423825e-25,-6.766815e-24,-4.6229285e-25,-6.806336e-24,-1.5970878e-06,-9.624618e-06,-0.00012360926,-7.209452e-05,-3.777029e-09,-1.0135241e-07,-1.460716e-26,-0.00019387227,-1.5460416e-17,-0.00011841691,-2.8033627e-25,-3.3912962e-05,-4.2481574e-07,-1.5224343e-05,-3.0636593e-10,-1.37244975e-24,-1.4088353e-12,7.696959e-26,-3.7647555e-05,-0.00028433625,-0.00022391642,-1.6204806e-17,-1.0987214e-32,-0.00015103968,-4.6616914e-20,-1.2376902e-06,4.0947423e-25,-7.8131675e-11,-0.0003732941,-4.4830585e-07,-0.00024673203,-0.00017418379,-2.5951178e-06,-0.0001272989,-1.8635933e-07,-0.00022351954,2.1229529e-24,-2.2655083e-06,-4.3221675e-09,-1.997853e-05,5.227202e-27,-1.5190654e-05,-3.0952273e-05,-4.2586504e-05,-1.8132074e-25,-4.2669594e-06,3.6537552e-25,-0.00016294097,-3.6887524e-10,-0.00015154242,-1.0378922e-24,-5.5350843e-05,-2.1977235e-06,-9.750514e-05,-6.0958526e-23,4.624681e-25,-8.725468e-25,5.876468e-25,-8.753285e-05,-0.00024088322,-0.00029366266,-1.11354275e-07,6.779615e-33,-0.000107492444,6.5500545e-19,-4.6430646e-19,-2.871365e-25,-3.1013652e-25,-0.00029781554,-8.7118266e-08,-0.00022857351,-8.045195e-05,-4.634117e-06,-0.00017586257,-2.6079735e-07,-0.00025758438,8.9978175e-25,-2.1765685e-05,1.7424892e-24,-8.477748e-05,8.911609e-25,-2.4723426e-05,-5.3836473e-05,-6.4128115e-05,1.196967e-25
-0.00061957655,2.8367948e-08,-0.0008273456,-0.000836318,-0.0005161622,2.256579e-12,0.00016683861,-0.00015403687,0.00023138174,-3.486897e-06,-1.5000339e-08,-6.6282394e-07,-2.7602244e-05,-0.00069015735,0.000213258,-0.0002483441,-0.00017442685,-1.2565834e-18,0.0010613552,-6.7017123e-07,-0.00018503772,-8.368406e-05,-1.3467655e-06,0.00028418205,-0.00012725042,0.00075160863,0.00039036537,-0.0005570294,-0.00042687624,-0.00021547847,-0.00083989877,-3.8972514e-05,-0.00027812723,-4.4492504e-06,-0.00027239503,-2.3150346e-06,-0.00029681355,0.00031243224,-0.00058105116,-5.8942052e-05,-0.00036115645,-3.8524945e-06,-0.00021674538,-0.0011241782,-0.00037981168,-6.016153e-06,0.00027685746,-0.00029031682,0.0010274282,-0.00043109356,-2.9918665e-05,-0.00016684791,-6.98779e-05,8.291882e-05,-0.00045539308,-6.032585e-06,-0.00010689529,-3.7885554e-18,0.00041173055,-1.8370814e-08,-0.00028807292,-0.00015303228,-2.8983702e-06,0.0007638429,-0.00020996617,0.0007339093,-0.00026043315,-8.943571e-05,-0.00028347483,-0.00011098966,0.00010621711,-0.00015102632,-0.00012040395,-2.6285682e-06,-5.3805943e-05,-6.670429e-05,-0.00016370852,-0.00027631072,-0.00057558395,-0.00022300772,-7.176626e-05,-2.805095e-06,-0.00025975736,-4.674702e-05,0.0004310013,-6.6072445e-08,-0.0001630148,-0.0003932302,0.00022322111,-5.5828958e-05,-6.765557e-08,-7.3964395e-07,-4.968944e-05,-0.000613933,-0.00038139144,-0.00012966747,-0.00038990576,2.1364302e-21,-0.0005830954,-6.950605e-08,-9.723656e-05,-0.00029884517,2.3318428e-06,-0.00080571655,-3.4423745e-05,-0.0011966884,-0.00023776406,-0.00036427227,-2.6014772e-05,-0.00014547587,0.0003734817,-0.00017508834,0.00091681094,-1.7913818e-12,-0.00026664606,-1.04323035e-05,0.000106171756,-0.0005316501,-0.00043553978,-1.2270764e-05,0.00020517064,-0.00106511,-0.0011614937,-0.00014195553,-0.0004546575,-2.5793666e-12,-0.00060722657,-0.00035796146,0.0005965327,-0.0008989656,-0.0004507427,-0.0008475098,-0.00074571226,-0.00032414845,-0.0015851585,-0.00057371036,-5.638432e-05,-6.786892e-26,-0.00070002984,-4.3615245e-08,-0.00033454405,-0.00030706765,-1.2176698e-06,9.934277e-05,-0.00023255161,-0.0005766544,-0.00053207215,-0.0002523335,-0.0010791044,-0.00013713328,-0.00028609985,-0.0005394574,4.0184823e-05,7.615889e-08,0.0010315797,-0.001124892,-0.00088642794,3.3170127e-05,-0.0004843626,-0.000778191
-0.055875883,0.01948635,0.04948566,0.015336742,0.049965855,0.017900959,0.11158573,-0.017303094,0.07052908,0.047935486,2.4212786e-06,0.013068263,0.025041252,0.09335111,-0.11245632,-0.081334546,-0.0027180025,7.704176e-15,-0.0044337087,-0.006856257,0.0034501448,-0.006315404,-0.008065402,0.10190575,0.009736396,0.09552767,-0.11507106,-0.06416055,-0.08200251,-0.00079533097,-0.102928124,0.005181339,0.0412902,-0.0009929272,0.022458633,0.022201052,0.09016986,-0.0036588402,0.080141604,0.029141262,-0.07644003,-0.0052463734,0.0009795243,0.10272036,0.05682931,0.013232793,-0.0908292,0.0048354277,0.07626685,0.0059013907,0.027470687,-0.0031497467,-0.008890364,0.13099058,-0.027773265,0.014673549,-0.006894169,5.6220123e-10,-0.04897111,0.007545486,0.0016193445,0.10667199,0.0029754958,-0.10081445,-3.163166e-05,-0.012958519,-0.11378011,0.017386463,-0.15655985,-0.035811573,-0.019464765,0.054284092,-0.020127933,-0.0002904413,-0.010829133,0.0056394627,0.09578587,0.032472085,-0.062894344,0.05211305,-0.057170175,0.038325462,-0.039582647,-0.06687927,-0.08236601,0.013340402,-0.080493465,-0.11281544,-0.13095763,0.0010276351,0.025627153,0.0019315779,0.053315125,0.06847133,-0.087808535,0.12989713,-0.039528023,7.776399e-20,0.100826,0.00040121397,0.052300375,0.0023778328,-0.00534017,-0.03448964,-0.007140136,0.0057636783,0.041101072,-0.0030339488,-0.08168922,0.010162114,0.00090537575,0.044791706,-0.061891925,-0.0045285127,-0.122485824,0.053900093,0.1249716,-0.097808555,0.13639873,0.02161414,0.07137738,0.017418249,0.057980735,0.1321946,-0.003955473,0.016897062,-0.038739987,-0.057825163,0.039550323,-0.0076518366,0.015405194,-0.00147068,0.039085474,0.13968502,0.07925659,0.15289544,-0.026537022,5.1941136e-25,-0.12092521,0.014468874,0.0031537905,0.010463603,0.0030099058,0.048237972,0.0002832179,-0.1073936,-0.12563029,-0.035842273,-0.073663704,0.030430922,0.031145746,0.004819554,0.07162632,-0.0018284651,0.0011186793,0.018975176,-0.10113116,0.031876434,0.069737956,0.030556303
-0.072915465,-0.053238526,-0.057895564,-0.016015748,0.0010853561,0.0058402154,-0.0006747676,0.053282198,0.052422043,-0.093797036,-0.027284607,0.0052662496,-0.15569676,-0.08087239,0.01585652,-0.118887305,-0.07276948,4.6197024e-15,0.1674714,-0.024123974,0.08710465,0.08552655,0.016435456,0.16838668,-0.03411588,0.20066898,-0.053080935,-0.0012268682,0.14092411,-0.07725843,-0.13760114,0.02547632,-0.18495493,0.025500368,-0.024222815,0.0161726,-0.14842276,-0.06319661,0.10629293,0.065374695,0.06699978,-0.030301973,-0.029372893,-0.053451218,0.0918558,-0.0015603265,0.08346731,0.030952388,-0.15360904,0.047953397,0.013401642,-0.018097172,-0.10887694,-0.015360493,0.22322862,0.062298983,0.022643229,-3.8706906e-11,-0.03402527,0.009474742,0.08623781,0.14708342,-0.051244132,0.1398976,0.0055092135,0.1177324,-0.056145098,-0.14247786,-0.070000045,-0.12048395,-0.11364435,-0.1077588,-0.022063447,-0.0060142367,-0.03322109,0.10248239,-0.048288073,0.07146418,-0.09693911,-0.053937845,0.1403388,0.01775147,-0.08756075,0.124505304,0.11234213,0.008281504,-0.07788408,-0.05551277,-0.118435495,-0.20837076,-0.00010289007,-0.08316948,-0.005433926,0.06543032,0.029244427,0.05209119,0.1507197,4.3921714e-19,0.058292344,0.02894818,0.0970547,0.13708317,0.06060461,-0.080104396,-0.09739703,0.12105843,-0.120929904,0.13740243,0.098030105,0.037464052,0.14122902,0.093059145,0.07244228,0.045419242,-0.06904704,-0.009468644,0.12612942,-0.05662074,-0.07967515,-0.049179047,0.009237697,0.0053027333,0.022481028,0.13123484,0.13211839,0.0037184295,-0.11626906,-0.09819415,-0.011495768,0.048921492,-0.06773305,0.019363927,0.019080775,0.13346957,0.06560656,-0.0076265507,0.021366024,-5.849015e-24,-0.08309213,-0.0908288,0.008474214,0.10079338,-0.017372755,-0.037736006,0.22713797,-0.11856258,-0.12865469,-0.036157146,0.01207246,0.018478485,-0.13096818,0.019782774,0.11033383,0.010647536,-0.047531888,-0.05151753,-0.09742847,0.13236782,0.15338586,-0.025277447
-3.6126535e-16,4.75789e-21,-0.00016067758,8.6303566e-20,-7.014664e-05,4.4891294e-21,-4.625588e-05,-4.277996e-09,-6.855238e-05,-2.835607e-13,-2.6863488e-21,1.0377907e-21,1.9377047e-20,-5.4436758e-05,-8.344132e-06,-0.00020264329,-4.4134985e-09,-9.322699e-26,-1.8352748e-05,-5.0309177e-21,-3.4660406e-11,6.7536774e-18,-7.915324e-22,-0.00032341667,1.9669186e-16,-0.00016318035,-1.2381588e-05,-4.249521e-09,-9.8312856e-05,-5.1516696e-10,-0.00018258952,-1.2175218e-19,-5.4435172e-06,-1.210776e-21,-2.0888047e-08,4.9217615e-18,-6.382793e-05,-2.8549503e-06,-5.361693e-06,-2.9159643e-21,-1.9861e-18,1.03960415e-20,-0.00021505801,-1.955923e-18,-0.00010356887,1.3820899e-21,-4.339474e-05,-6.3914825e-08,-5.7578385e-05,-1.7399101e-06,2.686703e-18,-1.6495934e-08,5.547567e-21,-4.441891e-05,-6.636299e-05,-0.00023183342,-1.737292e-09,5.428755e-25,-4.249328e-05,3.0342718e-21,-1.6456442e-12,1.0637071e-21,2.6186923e-21,-0.00027970193,-8.742707e-09,-0.00021429644,-6.708713e-05,1.028583e-15,-0.00012124203,-2.2604537e-08,-0.00019760651,-8.488269e-22,-5.6132003e-06,1.738993e-21,-5.616514e-06,-3.7101847e-10,-4.9092683e-05,-3.2088003e-05,-3.2213484e-05,9.452011e-21,-1.463102e-08,4.5845936e-20,-0.00014936367,1.7136105e-14,-6.950842e-05,-1.0502843e-21,-1.3885387e-05,-3.3261372e-08,-4.974085e-05,1.976633e-23,-2.1235354e-21,4.5387235e-20,1.5521786e-18,-3.9884457e-05,-1.7506618e-05,-0.00017346482,-2.893965e-07,-3.2949768e-33,-1.9415676e-05,-1.3884811e-21,1.3986476e-15,-5.4141427e-08,-1.1854063e-21,-0.00033646642,1.218994e-12,-0.00018626566,-7.643986e-06,2.6658136e-19,-5.0640167e-05,-1.1892215e-11,-0.00018120524,-1.0109783e-08,-1.2591897e-05,-8.936595e-22,-9.389293e-06,-5.2545792e-21,-9.678063e-06,-2.3611436e-05,-1.7595758e-05,5.0752126e-18,-6.076882e-08,1.0617553e-14,-0.00019612089,2.3999715e-15,-9.0990856e-05,-2.8809802e-21,-4.9069764e-05,-8.0878164e-07,-3.552594e-05,-2.368837e-06,-2.981171e-16,-2.2767628e-07,2.1573946e-20,-2.7342203e-05,-8.0113605e-05,-0.00020987524,-4.9442306e-17,-2.3772109e-33,-6.13232e-05,3.3526422e-21,-5.003387e-09,-1.696707e-22,2.9951367e-22,-0.00031913203,-3.1635608e-08,-0.0002774789,-5.64785e-05,2.667813e-21,-9.807327e-05,-2.8057662e-10,-0.00024183706,-1.3902946e-11,-9.870981e-06,-2.5283686e-24,-1.0451078e-05,-3.6074372e-09,-5.6723708e-05,-2.39407e-06,-8.017721e-06,4.992755e-18
-0.060507614,0.04688124,0.04549373,-0.16839601,0.035813306,0.032053087,0.11760229,0.03140666,-0.039995898,-0.055499084,-0.14646633,-0.21431842,-0.04386592,-0.04400952,-0.028958429,0.05670739,0.044931702,1.3856741e-14,0.106405124,0.013979503,-0.14470504,-0.031451542,-0.094693586,0.032573473,0.062200237,-0.028525969,0.0149967475,-0.07608653,0.11522116,0.13430193,0.06144403,0.05937425,-0.26471317,0.066729724,-0.07087447,-0.19686852,0.027212141,0.075758494,0.021699097,-0.05188663,-0.14179896,-0.062608056,-0.067276694,-0.048346825,0.051792447,0.007034827,0.040240712,0.21103378,0.116454214,-0.005095283,-0.47787192,0.03723559,0.0827709,0.048184574,0.19287668,0.14631313,0.038280413,-1.2233508e-09,0.047162,0.008653184,-0.10055001,-0.50586736,-0.049556386,0.12787418,-0.19076853,0.23817103,0.20940384,-0.03334335,0.14018416,0.12480376,0.12573208,-0.13781807,-0.0115043735,0.09168365,-0.047986124,-0.01668979,-0.13501988,0.09752974,0.014411256,0.12043375,-0.22280098,-0.029921437,0.087743826,0.11506907,-0.13831027,-0.024676127,-0.016365588,-0.042968206,0.04986304,0.0036730673,-0.19157346,-0.116703734,-0.0011935225,-0.060646657,-0.4175806,0.15143073,-0.07209842,2.3126386e-18,0.16496767,0.045582693,-0.44501156,-0.11686281,-0.11068203,-0.05420239,-0.0019542547,0.09708856,-0.024011029,0.086831875,0.07441315,-0.061229654,-0.011389293,0.08736266,0.10932348,-0.13850257,-0.07325671,0.041709922,-0.10891354,0.19006701,0.08332165,-0.02603292,-0.12467765,0.16169946,0.08024759,-0.13419686,0.09652032,-0.00022970745,0.042653292,-0.008232379,0.122802205,0.16588797,-0.16845264,0.03729861,0.065650694,0.082009576,-0.24695635,-0.045306046,0.06532283,-3.0451074e-24,-0.09137489,-0.03509363,-0.30381882,-0.110729195,-0.2196991,0.08644357,-0.1274497,0.13809416,-0.07416653,-0.3810726,0.04244681,-0.034443397,-0.028262172,0.10737519,0.04055686,-0.09928332,0.049165454,0.10593232,0.17465125,0.095602974,-0.12828277,-0.023309175
-0.073059045,-0.07582078,-0.041666746,-0.046208315,0.12492625,0.032539193,0.122871295,-0.090654396,0.15528007,0.15659201,-0.20090221,0.31172246,0.039987538,0.03216642,0.1261469,0.046242896,-0.1497154,7.469904e-18,0.16008286,-0.045329284,-0.09433066,-0.08157261,-0.11215263,-0.04309829,0.08647513,-0.029495763,0.06509928,-0.03565619,0.0015897667,0.12161252,-0.08444373,-0.060119543,0.060520485,-0.098111354,-0.08849282,0.091229275,0.04030356,0.07721602,0.08806867,-0.02872428,-0.006724197,0.10981271,-0.19110338,0.08266307,0.036661766,0.015988152,0.013281713,0.13385867,-0.14553356,-0.084550075,-0.20846598,-0.018259894,-0.20751457,-0.12823735,0.07605858,0.08133708,0.20608905,-4.365199e-11,0.09703585,-0.017359689,-0.094232544,-0.13786428,-0.0724566,-0.08543341,0.02670546,0.048163023,0.11960388,-0.040742356,-0.021316335,-0.10205618,0.023579556,0.03468069,0.094628416,0.0032154294,0.09741659,0.018483361,-0.11854879,0.01783359,0.010976372,0.13278894,-0.055678893,0.11150615,-0.07445248,0.10666183,-0.107042916,-0.013796088,-0.013093995,0.01721414,0.10506479,0.017604169,-0.09604593,-0.010612256,0.2580898,-0.029239312,-0.31043157,0.17212906,-0.0765011,-1.8245094e-18,0.14274885,0.07704488,-0.110737234,-0.0021739015,-0.18573262,0.15529756,-0.0954454,0.1125595,0.12350211,-0.15075769,0.14237568,-0.12013211,0.12602271,-0.09390224,-0.032629862,-0.22763215,0.122585006,0.13017818,-0.12701,-0.13056736,-0.034859177,-0.004520632,-0.09480345,0.14576922,0.038463827,-0.035958316,0.08391964,-0.0011199681,0.11222579,-0.030672923,0.06339636,0.116611585,-0.10619225,0.084303305,0.20319131,0.05280399,-0.1445318,0.101945505,0.02662987,5.1010977e-24,0.116819724,0.030568983,-0.21174355,-0.1586266,-0.065107495,0.027301606,0.12578595,0.06833046,-0.15241525,-0.2186033,-0.111383356,-0.06026146,0.13921662,0.0034463007,0.022616774,-0.12354524,-0.11813256,-0.03124688,0.16672808,0.15216173,0.2061832,-0.02536593
-0.19664253,0.104760356,0.21843418,0.050218046,0.15138718,0.017757464,0.1409255,-0.15274478,0.0977828,-0.021537514,0.009048335,-0.12578273,0.20364541,0.012818871,-0.1502243,0.10217724,0.01985463,8.333762e-15,-0.070302255,-0.0819179,0.21692578,-0.004470724,0.031563126,0.12654658,0.18732052,0.105262265,0.122214735,-0.02932378,-0.057230067,0.111892164,0.11099828,0.06792685,0.092477545,-0.022250725,-0.228016,-0.023100024,0.09762534,-0.12554972,-0.13182308,0.021354962,0.027341131,-0.028812218,0.18672067,0.14377637,-0.052157976,0.006885084,0.15510075,0.17104806,0.13800426,0.21576296,-0.2994064,0.10701916,0.24984522,-0.023815552,0.043492407,0.07359955,0.040106878,5.748131e-10,0.02960693,0.05494431,-0.055535026,-0.47947434,-0.1136769,0.12481615,-0.13385507,0.037509743,-0.089868866,-0.0025256472,-0.04207715,0.060163435,-0.01791403,-0.00054653577,0.03222682,-0.007880957,0.18113792,0.1587025,-0.08609158,-0.052733816,0.08793475,-0.10024618,0.06952408,0.08334687,0.12993428,-0.103964336,0.020161219,-0.023713099,-0.021592123,-0.083139814,-0.09783369,-0.056437243,-0.13421786,-0.029428285,0.012343348,0.06118146,-0.068612605,0.09444974,-0.096316755,1.5770757e-18,0.11833598,0.122036375,0.08131783,-0.2242627,-0.28077015,0.10155446,-0.13282408,0.24351577,0.12734629,-0.22398867,-0.15885833,-0.06675798,0.1460096,0.014888395,-0.020001708,-0.22141084,-0.08008069,-0.031442817,0.004664039,0.0847042,-0.08965467,0.018835861,-0.015738573,0.10935632,0.15623227,0.04698047,-0.0071513257,-0.007208123,0.17574514,0.16461518,0.088266775,0.12835036,-0.14065887,0.26599532,0.16088656,0.045587014,-0.21775971,0.127309,0.13105647,-2.9191324e-24,0.08663909,0.10322377,-0.032366883,-0.2600376,-0.1937846,0.13775365,0.02860484,-0.037291262,0.109977074,0.050308835,0.06574564,0.027554937,-0.06583661,0.043774582,-0.10917245,-0.09386063,0.045062125,0.26394486,0.007966949,-0.053617947,-0.11554096,-0.055835724
-0.096681505,-0.06454371,0.03079255,-0.11487152,-0.06860315,0.02435071,0.14138325,-0.089683734,-0.117991194,-0.09991756,0.016329877,0.0002289111,0.2328676,-0.06521306,0.09228096,-0.05379018,0.18702878,-1.1058858e-15,0.018592745,0.057328966,0.091838785,-0.04322977,0.02582283,0.09992754,0.08338441,-0.15342754,0.07594608,0.17199138,-0.115825586,-0.10354276,-0.03858633,0.14272293,-0.10101031,-0.001295668,-0.0767829,0.11355426,-0.04393768,-0.030492192,0.13348834,0.04791735,0.1007044,0.012615997,0.16815108,-0.086062565,-0.07828941,0.003378625,0.07410708,-0.08928638,-0.092379466,0.15626507,0.12029022,0.13072191,0.18992296,0.14582635,-0.12027611,0.12691294,0.095493615,1.1826535e-09,0.0061595216,-0.045721624,0.015107685,0.17659426,0.017465902,0.12876163,-0.05537778,0.08175208,0.16352122,0.12849152,0.08534175,0.098511,-0.08436855,-0.007297938,-0.07505743,0.035235256,0.13647678,0.06987229,-0.04942014,0.019677155,0.01894535,-0.06361221,-0.010993488,0.092297554,-0.21999611,0.098011404,0.021659326,-0.0025334,0.06292449,-0.044093113,0.18531553,-0.020923782,-0.018430524,0.12685975,0.16039692,0.052231744,-0.08977211,0.11094683,-0.023694236,2.576957e-19,0.11208193,-0.010947857,0.15255372,-0.036652073,-0.06914315,-0.049854852,0.1910055,0.09110299,-0.020037526,0.054508284,0.10507092,0.055282976,0.13056315,0.03540318,-0.12441946,-0.063290216,0.049306728,0.014190405,-0.024416184,0.11929334,-0.06590517,0.06474744,0.0027973596,0.15701857,-0.12900734,-0.12101812,0.12307271,0.021920627,0.051368862,0.17252143,0.034114573,0.08893409,-0.028784106,0.14390486,0.18945622,0.10830007,-0.16666783,-0.1212539,0.13238299,1.4941161e-24,0.11381751,-0.0056095226,-0.13968252,0.21435994,0.070851214,-0.023807993,0.033837985,0.13498692,0.12727208,0.10088656,0.1309982,-0.0609708,-0.0664968,0.15499295,0.11600073,-0.03512926,-0.105028644,0.03324395,0.12171472,0.06960047,-0.15654488,0.1991103
0.033047467,-0.07406224,0.0108554615,0.0359507,-0.15148321,0.009720642,0.01916112,-0.024311095,-0.023117134,0.057380725,-0.027464222,0.06814521,-0.06688192,0.018342968,-0.041292112,-0.107238136,-0.08711976,2.8700991e-15,-0.11206031,0.0031218906,-0.013405073,0.058866724,-0.008703747,0.061665125,0.021787118,0.110386975,0.029726127,-0.13640457,-0.010417027,0.06949857,-0.04001477,-0.0064532477,-0.13940859,-0.021339124,0.15431516,-0.104326464,0.10753991,0.13097467,0.14420806,0.0752671,-0.052483626,0.0069627613,0.110703886,0.09922526,0.14724611,0.001234173,0.046653997,-0.1837109,-0.021404147,-0.03668904,-0.031508263,-0.090378895,-0.24748461,-0.15346232,0.21213989,-0.12590541,0.049108844,6.303324e-10,-0.0714862,0.09428311,0.0136621855,-0.1168214,-0.037087724,0.10535965,0.0470343,0.059765812,0.04017632,0.060535986,0.14140618,-0.07123176,0.06689902,-0.089838326,0.019636031,-0.001740044,0.13376504,0.021943217,-0.061211005,0.0030622166,-0.124615386,-0.14135648,-0.048686057,-0.00066280516,-0.040103644,0.08520995,0.15581547,0.0051785666,0.124815494,-0.053520624,-0.0085491305,-0.070415914,-0.03826596,0.0079824515,0.035219174,-0.094475545,-0.05818601,0.09202077,0.0041589593,3.576813e-18,-0.15911153,0.07238718,0.16004251,-0.012360659,0.104120694,-0.09478726,-0.07092027,0.1300576,0.012649546,0.015493072,0.19343813,0.0058673946,-0.0023298676,-0.014539756,0.16637369,-0.007415977,-0.050919633,-0.050860547,-0.042719062,-0.10375558,0.057062645,-0.05789528,0.11735185,0.0039082477,-0.1374251,-0.062052332,-0.13670868,0.0060761226,0.07850898,0.080554724,-0.096849695,-0.14195056,-0.19632997,-0.16063312,0.040428814,0.15942754,0.109174415,0.15139179,-0.050311167,-4.623115e-24,0.0886317,0.10591779,-0.008091221,-0.311565,-0.08321975,0.090932794,0.2002243,-0.11010949,0.070639856,0.056549143,-0.036476303,-0.049578834,0.023067717,-0.10528415,0.03557575,-0.013796159,-0.0129486825,-0.10223623,-0.11479117,0.036623314,0.15414849,-0.043626644
0.023096776,0.10575483,-0.037729736,-0.06625227,0.0110466145,0.036780007,0.19457743,0.23039366,-0.0059761642,-0.08745988,-0.04898045,0.077635415,-0.03783048,0.09106002,-0.1722241,-0.00047676294,-0.12978117,1.8784916e-14,0.20215349,-0.027355917,-0.40683153,0.09516694,-0.031747587,0.1762795,-0.015435282,0.06599418,0.19414464,0.10703153,-0.1339465,-0.1277655,-0.053485528,-0.13562547,-0.17483015,0.15127617,0.08128089,-0.14147067,0.058819525,-0.05238755,-0.09296125,-0.01870767,-0.11309406,0.18130545,0.1650952,-0.11034075,-0.015210238,0.03123935,-0.03677918,0.01582019,0.03174108,0.0056750556,-0.04069891,-0.07853995,-0.15309346,0.12352621,0.27140984,-0.013844264,-0.043945797,-1.304147e-09,-0.011165556,0.005847107,-0.07160042,0.42546692,0.110905804,0.1777345,-0.058045555,0.09119951,0.16008103,0.025871718,0.08877385,0.11439129,0.20880595,0.06244079,-0.015134925,-0.0751362,0.013724183,0.055003036,-0.019310499,-0.22390641,0.057120956,-0.012600117,0.050886344,0.15982804,-0.11886624,0.08041085,0.12798582,0.008459973,0.033230286,-0.15278678,0.033046428,0.06987378,-0.029422076,0.14430468,0.096900925,0.03563436,-0.17615691,-0.09149177,0.15773216,1.7264509e-19,0.13637361,0.021705182,-0.027240083,0.18512413,0.050689526,0.0415798,0.09379931,0.012619064,0.03775681,0.21131694,0.0094511965,0.06341163,0.04303996,0.054620467,0.054995254,0.007166337,-0.08602095,-0.017301584,-0.101816595,-0.025168119,-0.052028026,0.036102794,0.011555638,0.08652351,-0.12071308,0.061510973,0.038852215,0.044843227,0.11320358,0.15891628,-0.007566053,0.080544166,0.24202962,0.09884662,0.070949204,0.10063411,-0.046114903,-0.122479826,0.052427705,-5.5132826e-24,-0.09583856,0.0018601931,-0.10903545,0.39297944,0.16135904,-0.021483177,0.25825074,0.14210598,0.17408505,0.067703724,0.04960731,-0.0702306,0.085838445,0.094510555,-0.051114157,0.04261631,-0.09811143,0.018141605,0.19438833,-0.073497355,-0.07967777,0.096584104
-9.894768e-06,1.911639e-14,-0.00026253273,-2.5747215e-05,-0.00012406602,-1.1420235e-17,-0.00013370017,-0.00018090205,-9.164577e-05,-4.4493585e-17,-1.745321e-17,2.2243597e-14,-6.314326e-08,-0.00025770266,-7.126825e-05,-0.00035098853,-6.1773e-13,-1.498215e-21,-0.00010803213,-2.7144903e-17,-1.1703311e-07,-4.815341e-09,-1.4932329e-16,-0.00043549924,-4.3629327e-09,-0.00043829193,-0.00012293538,-1.6849505e-06,-0.00017294027,-7.3137755e-07,-0.00032952873,-3.5842e-12,-1.2304079e-05,3.9301604e-14,-1.1018622e-05,-1.1215946e-09,-0.00012111991,-0.0001348709,-0.000102303195,-4.8635944e-09,-8.349648e-07,-6.2530296e-16,-0.0005194086,-3.8651597e-06,-0.00020402372,-1.9304918e-09,-7.289289e-05,-5.3979356e-06,5.9531867e-06,-1.3378716e-09,-2.6852984e-12,2.8220952e-14,-1.8928908e-10,-0.00010781275,-0.00026764572,-0.00037528106,1.6814867e-13,1.3968408e-21,-0.00011590564,2.6535102e-17,-5.127252e-07,-2.1601215e-06,3.5960526e-14,-0.00049665786,-2.8381306e-08,-0.00040510917,-9.6195814e-05,-1.2684181e-09,-0.00032084563,-1.3868326e-07,-0.000389475,-1.3793978e-06,-4.637315e-06,-3.9697974e-15,2.6497257e-06,-3.018331e-12,-7.9852034e-05,-4.1769246e-05,-8.723359e-05,-2.1256936e-07,-6.92242e-07,-2.876091e-17,-0.0002995562,-2.0405066e-08,-0.00027148103,3.4823915e-18,-0.00012777557,-1.0717928e-05,-0.00012449423,-9.63911e-07,2.0034974e-18,-5.915498e-08,-1.4126386e-10,-0.00018021464,-0.00016368506,-0.00043141964,-2.4914814e-06,1.1366725e-23,-0.0001385171,-2.067568e-17,-1.6824123e-07,-6.425338e-08,-9.627652e-18,-0.00048062578,1.1155034e-05,-0.0004499432,-0.00015812425,-1.7373816e-06,-0.00026207397,-8.644231e-08,-0.00045875038,-3.3303235e-10,-0.00010479811,7.167336e-19,-1.7092652e-05,1.0956328e-13,-0.00019404267,-4.9224e-05,-8.325468e-05,1.122968e-15,-1.2075659e-05,2.3224931e-16,-0.0004705457,-1.5343791e-06,-0.0002693723,2.1255132e-18,-7.2531046e-05,-2.1596348e-05,-6.565374e-05,-1.4081158e-08,1.2036947e-13,-1.1609044e-10,-4.4077513e-17,-0.00017064084,-0.00027607163,-0.0004898643,-1.9831579e-09,-1.6954156e-32,-0.00011043953,-1.8046131e-17,-2.4587368e-07,-2.900456e-07,1.28575085e-17,-0.00067939237,-2.2017854e-09,-0.0006014954,-0.00019098958,-3.3313526e-08,-0.00028292558,-6.666886e-08,-0.00050622155,-2.3699057e-07,-9.371536e-06,-1.6961744e-18,2.2262007e-05,-1.0759803e-09,-7.829052e-05,-9.358553e-05,-9.587122e-05,-9.863376e-17
0.027832216,-0.0058038654,-0.12341214,0.019431489,-0.100003615,-0.018138053,0.004168237,0.007935931,-0.059210397,-0.036338802,0.009373512,-0.03890834,-0.004544696,-0.09534074,0.010403848,0.10416248,0.029443074,-3.8906277e-33,0.02618717,-0.0012231407,0.03750365,0.095930226,0.10299207,-0.027197286,0.024562754,0.13978745,0.006760752,0.07688339,0.073952466,-0.016862568,0.020692397,-0.064744584,-0.0010378122,0.03376793,0.13287508,-0.045172293,0.10651955,0.06536829,0.048798397,-0.0009145133,-0.0024359997,0.02984296,-0.0822106,0.0023786884,0.14872038,0.0016502591,-0.09568034,-0.024443995,0.0735374,0.055848077,0.013483785,0.022663498,0.008878831,-0.07934985,0.09461384,-0.04077845,0.05691109,-8.17438e-34,0.1195241,-0.0038247274,-0.013181019,0.095639735,0.081579365,-0.09267588,0.28815702,0.18067144,0.12084081,0.10707869,-0.034238443,-0.021791914,-0.028825887,0.08855921,0.12345873,0.10725036,-0.0026933406,0.049708672,-0.07024234,-0.07147738,-0.07290923,0.010585352,-0.045198265,-0.017229252,0.10985127,-0.0006079045,0.012351019,0.008033982,0.07296128,-0.06757413,-0.20602523,0.019939698,0.0226262,-0.0040260428,-0.025397668,-0.07299272,0.089663535,0.008068122,0.113132074,2.4009012e-32,-0.08565983,-0.0029056384,0.08355265,0.10543854,0.11991313,0.010619617,-0.0095846765,-0.16186775,-0.042447545,0.068019286,0.105757885,0.02190768,-0.02454406,0.11440246,-0.021569835,0.06711972,-0.17722276,-0.02108341,-0.030555993,-0.15013315,-0.071486495,-0.032377988,0.031019924,0.006393011,-0.05101445,0.026915962,-0.057538163,-0.0012584046,-0.09112792,-0.006435062,-0.18911034,0.058195394,0.015026926,0.07347794,-0.02468704,-0.03266537,0.1172429,-0.045236353,-0.018907303,2.4025648e-32,-0.10088809,-0.00045877194,0.06642564,0.09132841,0.08033158,0.0073403334,0.08844966,-0.0117660705,0.015053851,0.08941982,-0.039985616,-0.037522968,-0.115943104,-0.0026012575,-0.09583636,0.10797411,-0.06677374,-0.015664687,0.014899466,0.038727313,0.053294465,0.02928709
-0.09805711,0.07283936,0.071733825,-0.10562018,0.09853449,0.020014228,0.06535853,-0.1378193,0.043027718,0.024388026,-0.08684972,0.24381769,-0.1280057,-0.050283276,-0.1154227,0.11740162,-0.20585805,5.6303055e-15,0.15699998,0.1421562,-0.1643047,-0.09923401,-0.11309966,-0.088906296,0.10702381,-0.106981404,0.14192596,0.13167718,0.035092678,-0.010069042,-0.13725954,-0.10111797,-0.035789296,0.029770054,-0.17339198,-0.18753035,0.107774064,0.1945072,0.11543018,0.08812356,-0.12695317,-0.052915554,-0.009252657,0.11740399,0.038729645,0.0097290585,-0.16777617,-0.13400383,-0.110001616,-0.15618122,-0.067841165,-0.15003447,-0.13080783,0.015089481,0.18162704,0.13151234,-0.030999683,-6.2051086e-10,-0.045907952,-0.037946243,0.25936276,0.00075745734,0.03287083,-0.121640906,-0.19754143,0.1150957,0.16444945,0.023268625,-0.1296278,0.053328354,0.09918447,0.095029324,-0.18739039,-0.04184007,0.06599069,-0.15741973,0.07812678,-0.16525035,0.016850507,-0.109486625,0.055111144,-0.06439379,0.1461159,-0.04637186,-0.030795071,-0.009017187,0.14386976,0.11142537,0.038588915,-0.045778666,-0.0016935915,0.048585057,0.22230874,-0.0067908643,-0.21448927,0.13531396,0.16640352,1.2296411e-19,0.14595033,-0.04154696,-0.18775068,-0.07013,-0.28857264,0.12721974,-0.018042253,0.09884596,0.0058290637,0.01336417,0.042384923,-0.06705795,-0.13150336,0.099436365,-0.13800071,-0.06421829,0.027825061,-0.04967252,0.15752463,0.1684916,0.07489238,-0.037918374,-0.08773644,0.0024597289,0.15721792,0.08480381,-0.16340612,-0.01852275,-0.06424826,-0.060261495,-0.051894885,0.14366716,0.087177046,0.025708469,0.01251223,0.0981922,0.00946916,-0.10429042,-0.18301275,3.0579242e-24,0.21441808,0.10512584,-0.053748637,0.009391802,-0.09657704,0.019008102,0.24531648,0.18744907,0.06883511,-0.38599932,0.020160805,0.14972337,-0.12261719,-0.00385614,0.13457878,-0.08605248,-0.12815672,0.1419656,0.073776774,-0.032893587,0.18091343,-0.12572397
0.00042022037,0.0228386,-0.0027996942,0.0032090254,-0.003758282,0.01723647,-0.0015843029,-0.018436275,-0.020501234,0.013102514,-0.01950605,0.0056196414,0.028041454,-0.029906044,-0.010931806,0.029677764,-0.024492934,-3.576791e-15,-0.029147087,-0.00438684,0.008738478,-0.01834024,-0.006059008,-0.05530116,-0.013855098,-0.04230231,-0.029247474,-0.026803192,0.013104034,-0.008643905,-0.056569245,-0.004315961,0.012099006,0.0009436161,-0.025541117,0.027309341,-0.024657099,-0.0060141296,0.016504496,0.014755705,0.0099095395,0.019298999,-0.052233797,0.023754444,0.032197528,0.01490976,0.00027018823,-0.016610473,-0.004341553,0.008601627,0.0070885425,0.0029171,0.0031060644,0.010567452,-0.013677121,-0.0014043835,-0.002482878,-1.2867044e-10,-0.043586522,-0.003323355,0.0034298599,0.0018163718,-0.005322892,-0.0011425545,-0.007999103,0.018304499,-0.019317454,-0.02442251,0.010432377,-0.009057694,-0.013479698,0.018478362,0.011513797,-0.0018301248,-0.02644333,0.01932721,-0.026788635,-0.015771583,0.0017790631,0.015628153,0.0075933966,0.029773038,0.0062731975,0.012975832,0.0505774,0.00087593775,-0.0022584153,-0.01549073,-0.034258563,0.0026561636,-0.0037839708,0.008817671,0.034424514,-0.018730251,0.004740556,-0.018752957,-0.009193515,8.0638633e-19,0.011419052,-0.00023045029,0.028902078,0.0061092055,-0.007818341,0.0017155142,-0.0066609797,-0.04603946,0.01302936,-0.00415354,-0.0019953905,0.0001801906,0.014447641,0.007422969,0.020887965,-0.00858017,-0.023994152,0.036395043,-0.0031635703,0.011326993,0.0023674644,0.024334792,0.0057321494,0.012516226,0.031553615,0.021624563,0.013446264,0.007973506,-0.0031640155,0.0054834867,0.013109336,0.008916403,0.0051102773,0.007735934,0.027496492,0.027261065,0.018801248,0.06986621,-0.008802135,-1.2892918e-24,0.026293887,0.0005791836,0.021175053,0.00037478434,-0.0014257489,-0.015940305,0.0043649357,0.009812378,-0.026677692,-0.026868077,0.025912276,0.0019833313,0.066496804,0.0203771,-0.006422114,-0.0053994185,-0.02557489,0.017588736,0.038990416,0.03636734,0.031205509,0.015814511
-0.00308686,-0.0036394391,0.019005315,0.0025278232,0.021202601,-0.006976146,0.018395215,0.007997951,0.019966858,-0.00069398724,0.004725245,0.0010889613,-0.010166967,0.014973715,0.020724012,0.020507006,-0.005144463,-1.683392e-18,0.02209133,0.003019525,0.005758555,-0.00938524,-0.001634262,0.021275587,-0.0047168904,0.019751687,0.020367062,0.0067427247,0.020534843,0.01129863,0.020104323,-0.0030070788,0.012855083,-0.0024900697,0.012248259,0.0024611861,0.015340223,0.015767423,0.015988696,-0.0036576753,0.0008285332,-0.012363282,0.016500778,-0.0010008266,0.016994124,-0.0026795678,0.01913264,0.015290886,0.019694159,-0.013210665,0.014414145,-0.010758793,-0.009982711,0.018753428,0.014695266,0.019715773,-0.016493019,5.4904203e-11,0.018509177,0.0032710016,6.254364e-05,-0.0016690798,0.0039932216,0.022047166,-0.013307873,0.022183428,0.015194845,0.0027764938,0.01667051,0.011862289,0.01955621,-0.009737646,0.0035057275,-0.0020772365,0.0132957315,-0.0103138,0.01651783,0.01864834,0.01650161,-0.008452071,0.014060465,-0.006676551,0.02242612,0.013799342,0.019887047,0.0028449157,0.01610735,0.013249642,0.015556116,-0.0060857437,0.004182741,-0.00594068,-0.0117657855,0.019607825,0.016396428,0.021164916,-0.007914266,3.124013e-21,0.016632952,0.0028004104,-0.0027575903,-0.005411668,0.0042369156,0.020083508,-0.00793924,0.020010596,0.016960014,-0.003998798,0.020859282,0.010810008,0.02054975,-0.0040207948,0.013494602,0.0020253372,0.01142382,-0.013016225,0.017345777,0.017693823,0.018666722,-0.006136443,0.012142689,-0.0071014143,0.018823095,0.004172825,0.019917624,0.0016144662,0.014040689,0.0078058387,0.018935934,-0.018237334,0.007650856,-0.014698112,-0.009649008,0.01778673,0.015280664,0.019245632,0.00093427766,2.5237882e-26,0.015385284,0.0026328233,-0.002179038,-0.01181598,0.0035715215,0.02112212,-0.008219683,0.016145246,0.012848377,0.000550099,0.017777283,0.010407981,0.019055283,-0.016544046,0.018182151,0.0015712512,0.013835053,-0.0060919295,0.012401748,0.015943425,0.018085053,-0.0035767157
0.00063579076,-0.0005005915,0.00094624294,0.0007219813,0.00051245006,-0.00033522514,-8.557858e-06,0.00027718893,-7.851745e-05,-0.0009953021,-0.0006645672,-0.0005756376,0.0008141439,0.0007626042,0.0007619282,0.00072028267,-0.00014857696,-1.7361905e-32,0.00021166293,8.3778934e-05,0.00050075434,0.0008451614,0.0004949524,0.0007965497,6.582084e-05,0.0006414552,1.1069042e-05,0.00047327534,0.00061748445,0.00033580002,0.0006066918,0.00051017443,-0.00032593182,0.0011773211,-4.187475e-05,-0.0008097369,-2.0804135e-05,0.00087504566,0.00084338733,0.00032395634,-0.0007578496,0.00070684985,0.00079326046,-0.00028680175,0.0005772177,-0.0002598708,0.00020491368,-0.0003588429,0.00019193557,-2.471235e-05,-0.0015091526,4.220131e-05,0.0010074171,0.00015175887,0.0008541743,0.00047368798,0.00021518389,1.4384764e-32,0.00064335315,-5.3932352e-05,0.00079940655,-8.024062e-05,0.00056012353,0.00061875203,0.00025897732,0.00042067553,0.00026553872,0.0005274099,0.00077554013,0.00016166284,0.00040840227,4.8716014e-05,-7.33116e-05,0.0008445336,-0.00042249513,0.0006266668,6.108283e-05,0.00031142982,0.00050144485,0.0004521847,5.1520743e-05,0.0006723613,0.0010630201,0.0002531485,0.00042486138,-0.0001068502,0.0005245123,0.00075012865,0.00047092407,-2.5793794e-05,-0.00037527143,0.00092702627,0.0009447257,0.0007931951,0.0005760162,0.00090653164,-0.0007025551,7.6192636e-26,0.0010515844,-3.1639294e-05,0.00070609,0.00068917224,0.00032921787,0.0010645327,-0.00020163658,0.0009991954,0.00065971946,0.0009065799,0.0007938746,0.0004955666,0.00052704784,4.9043185e-05,-0.00063056545,0.000595863,0.00045276096,0.00087278517,0.00033291604,0.0012089143,0.0010150392,0.0006388211,0.0004076269,0.0008178818,0.0010160534,0.000780439,0.0006841951,0.00052815053,0.00048071606,0.00068881566,0.0007224735,-0.0008896538,-0.00054808904,-0.00047967068,0.00073417934,0.0011054294,0.00026566428,0.00085667527,-0.00039259842,4.730696e-33,0.0005696833,-9.3800205e-05,-0.00020035222,0.0006400289,0.0003728227,0.00093236566,-0.00119782,0.0005009367,0.0002761226,0.0001854161,0.00093675544,0.00035116222,0.00052362756,0.0010340359,0.0004628854,1.4134996e-05,-0.00015363163,0.00059091736,0.0005039468,0.0010923981,0.0007652526,0.0008229553
-0.032829743,0.094922885,-0.009125214,-0.009938135,0.10157336,0.03652618,-0.098001905,0.15684383,-0.07317913,0.20738873,0.021092946,0.17526273,0.044172455,0.108598195,0.11039822,0.18773758,-0.0776913,-6.2008563e-15,-0.17447197,0.02135131,0.19859697,0.057715844,-0.057418764,0.114962846,0.21346532,-0.1043719,0.08779762,0.04566369,0.15567443,0.12535839,-0.04654136,0.023844456,-0.10330603,0.029198442,-0.120430686,-0.13371469,0.029493209,0.046356995,-0.05400043,0.15202034,-0.1267354,-0.1566161,-0.03329478,0.14668986,-0.02511762,0.02137788,-0.084085375,0.05091629,-0.012234003,0.16425037,0.21088643,-0.01661021,0.113495626,0.06567788,0.0016918379,0.11585452,0.033764575,-2.090365e-10,-0.16764133,0.13405281,0.013077502,0.03141884,-0.035413805,-0.016520478,0.05025218,0.006404015,-0.1565742,-0.07020658,-0.11528574,-0.0046447394,0.099708915,0.13180564,0.017231,-0.14557286,0.11241005,-0.012877119,-0.11133333,-0.12588926,-0.13655457,-0.17134562,-0.12798686,0.018233795,-0.025063146,0.1314065,0.1421501,0.01403548,-0.11955821,-0.09763651,-0.011455708,0.19342339,-0.046366043,-0.0072475714,0.3377793,0.1751819,0.1891067,0.15441997,0.16175883,1.1923257e-18,0.037832722,0.123024784,0.17952538,0.02623841,-0.16449381,-0.068023935,0.055967562,-0.09150383,0.15590958,0.27545318,-0.06992188,-0.13734463,0.09173886,-0.061576813,-0.15223104,-0.15677615,-0.026702754,0.18032318,0.0899815,0.17486511,0.05703744,0.046226546,-0.18188207,-0.10083512,-0.0740834,0.0684282,0.080339864,-0.017036665,-0.105386786,0.05087364,-0.04805568,0.11623903,0.04097513,0.19208974,0.4075331,0.09602481,-0.20069511,-0.09953201,0.1380631,-1.1245673e-24,0.053890586,0.086622775,0.11602716,-0.1919021,-0.1809865,0.14148057,0.16231911,-0.13890812,-0.014455913,0.08023789,-0.025760513,-0.082199566,-0.07581096,0.16591503,0.09951491,-0.08992379,0.09305107,0.14554583,0.042965684,0.10526309,0.15456985,0.17540188
0.11205042,-0.021164646,0.004162677,0.06231641,0.120740384,-0.010214664,0.022811675,0.16219294,0.1435782,-0.10423997,0.02427261,-0.03028138,0.07408856,-0.0096310675,0.00084191863,0.056036793,-0.09555387,5.1403185e-33,-0.016042989,-0.011885826,-0.03677694,0.10621834,0.013023278,-0.14430627,-0.008002628,0.16365492,-0.041180033,0.20941287,0.020792942,0.052408673,-0.065704525,-0.032529376,0.020270614,-0.023050709,0.04660816,0.08022322,-0.077562556,0.2405461,0.18654773,-0.00026710943,-0.08652762,-0.030202981,-0.1903755,-0.1510748,0.041265003,0.0049782814,0.17247003,-0.0641625,-0.17964682,-0.04180599,0.4093341,-0.16827184,-0.0017885709,-0.046071287,-0.026031341,-0.07032008,0.08807233,7.3458846e-33,0.06810258,-0.02708143,0.098241635,0.3261964,0.17264801,-0.14221649,0.17880939,0.09566685,0.15042415,-0.08377692,-0.17118055,-0.0023693866,0.19225912,-0.06269729,-0.029177818,-0.013619544,-0.23754689,-0.09015521,0.027990213,-0.19824317,0.01782514,-0.042919908,0.023589568,-0.033941407,0.053812567,0.1067395,0.14455323,0.014993398,0.047644954,-0.11126849,-0.0736482,-0.03699239,0.057354398,-0.013482371,-0.05094074,0.13774818,0.2745401,-0.1283189,0.03218806,2.3116332e-32,-0.15702072,0.008648264,0.32469514,0.20305191,0.18283121,-0.11321442,-0.03976945,-0.16066025,0.08322412,0.2148943,0.20348181,-0.02700153,-0.0018736478,0.13473494,-0.053111505,0.18769261,-0.08162809,-0.09886432,-0.062384654,-0.07876465,0.0011143461,-0.02984921,-0.026580304,-0.038560558,0.09073627,0.08123775,-0.15622962,-0.003245841,-0.07275563,0.021173587,-0.2874057,-0.1476778,0.21402514,-0.11088371,-0.014110317,-0.180392,0.2905352,-0.051494673,-0.124387324,-1.70067e-33,-0.20417175,0.027073488,0.12812452,0.13162422,0.32121637,-0.18510105,0.12879509,0.08874518,0.056113377,0.027921475,-0.068278864,0.02329743,0.20241354,-0.10087168,0.021284925,0.07205722,-0.20404789,-0.24445945,-0.07916122,-0.20702508,0.03607614,-0.11509766
0.03411997,0.07125549,-0.021721238,0.13872278,0.08753126,0.028306851,-0.10621878,0.044200096,0.15282789,-0.041656625,0.06340988,-0.011620833,0.07253686,0.21606316,0.009681493,-0.011425844,0.27998623,9.261427e-15,0.09980466,0.06188489,-0.0033084564,0.06973955,0.02507334,0.1850628,-0.023086613,0.20430811,-0.10001056,-0.27820656,-0.07657309,-0.12360934,0.07896597,0.042382587,0.1860392,-0.11098914,0.06150409,0.07861932,0.25370923,-0.122130714,-0.02517793,0.17137858,0.31188276,0.13948059,-0.16513547,0.28410995,0.14706431,0.009181691,0.05251066,0.018859461,0.17535165,0.16718575,-0.18844704,0.11444586,-0.011461788,0.035030056,-0.046156928,0.22917224,0.3317054,-1.8093357e-09,-0.037981555,0.024151485,-0.1602424,-0.0943386,0.046474107,0.012272571,0.1461476,-0.15330824,0.024914712,0.062380146,-0.08431497,-0.040475514,0.025861856,0.12126268,0.19369641,0.060685888,0.12658846,0.044000562,-0.047919333,0.079459205,0.08366215,0.15143934,0.083885595,0.005683559,0.020829981,0.05573633,0.07173861,-0.023145327,0.048085783,-0.03896239,0.23300013,-0.0029380536,-0.13472366,0.031037603,0.2137219,-0.11922707,-0.13575937,0.04903234,-0.06372284,-1.2643209e-18,-0.12595853,0.011787659,-0.042661816,-0.09619719,-0.010706848,0.13970315,-0.19339249,-0.22674301,-0.15517282,0.04489058,0.18796028,0.10415641,0.02204416,0.12608597,-0.093208775,0.034041014,-0.15376167,0.0576536,0.042704962,0.0383458,0.04489429,0.04099044,0.18808797,0.019033961,-0.0777472,0.21761954,-0.053503707,0.016706655,0.09875256,0.17015915,-0.0829211,0.04349812,-0.010118208,0.13187449,-0.14517693,-0.04868577,-0.29584953,-0.012877023,-0.049720567,4.4024444e-25,0.10619176,-0.03451905,-0.06456673,0.082575455,0.046546634,-0.0649336,-0.13422316,0.121041946,0.07199096,-0.1448327,0.1486839,0.108542696,0.08374576,0.14276549,0.033621587,-0.03141961,-0.013730265,0.10110686,0.051173784,-0.07641653,0.011260798,0.02393678
-0.0018515354,0.0473663,-0.032852575,0.05643629,-0.040484577,0.0131981755,0.0054907165,0.047714975,-0.07771615,0.020050285,-0.068397924,0.26232207,-0.016910918,-0.014646074,-0.26811668,-0.07844818,0.084768586,-5.8491174e-15,0.10766598,-0.038045973,-0.11808131,0.042372905,-0.13035701,0.14428657,-0.10444094,0.15797202,-0.017674383,-0.044362746,0.15376318,-0.05921402,-0.09902413,-0.052873537,0.0250104,0.035808764,-0.036358166,-0.041271914,-0.11981581,-0.06482455,0.028391141,0.15058419,-0.023780555,-0.05002523,0.08394954,0.016675498,0.14137276,0.022280097,0.054271095,-0.11783622,-0.0640279,-0.0037254817,-0.09365205,0.037184093,-0.18847474,-0.030700674,0.12366947,0.20708722,0.10822901,7.097936e-10,0.008213988,0.069248736,-0.082237504,0.13762355,0.07034667,-0.08719136,-0.07579328,-0.025499243,0.12300542,-0.34134853,-0.00805119,-0.0030641474,-0.07334962,0.20604892,0.11866749,-0.081321396,0.04790304,-0.20942314,-0.02837747,-0.16578925,-0.08438297,0.15826447,0.020155814,0.06956621,0.19559821,-0.14917883,0.10303015,-0.010479993,0.14989151,0.0216685,0.19009282,0.2913247,0.0072437837,0.059091944,0.030313864,0.1699159,-0.44783974,-0.13606618,0.20176645,-3.589109e-20,0.061371908,-0.017846165,-0.13444093,0.0025084182,-0.1397768,-0.06689904,-0.113652386,0.05251906,-0.0101058,0.0057508834,0.041922163,0.14240551,0.009054656,0.09282739,0.0014909079,-0.03340631,-0.12482845,0.10409353,0.103536755,0.0994284,0.07370641,0.07841725,0.025047429,0.03333319,0.17365533,0.098024145,0.16048901,0.0007855586,0.015251512,0.18039554,0.05963046,0.030931223,0.08258942,0.21533056,-0.03863812,-0.043581836,-0.09005412,-0.061200287,-0.13597348,-1.4971343e-24,-0.14727032,-0.124174654,-0.0023188547,0.42748052,0.0031868315,0.09686142,-0.07052532,0.22014074,-0.07503529,-0.2141161,-0.013180133,-0.0901642,0.19852538,0.017468015,-0.13160945,-0.0063060517,-0.08843633,-0.0526855,0.16585664,-0.13955493,0.07777954,0.040559594
-0.0023349207,0.0011212346,-0.09667537,0.024654929,0.104340285,-0.003650464,-0.057958953,-0.015513748,0.043934222,-0.0029608598,0.0038322397,0.0017944371,-0.0013390967,-0.017594509,-0.030442629,-0.030960957,0.017078625,2.6195989e-33,-0.026954515,0.0019963179,-0.009634001,0.027359651,0.02688265,-0.04037879,0.021066638,0.008893358,0.06723863,0.029716372,-0.08215392,-0.006784812,0.08239179,-0.0051620645,-0.037059166,0.01250208,0.042310536,-0.0042398768,-0.055187277,0.02623607,0.0073025846,0.0008143452,0.004549267,0.0013596204,0.06382175,0.020097794,0.03492553,0.001325865,0.007462661,-0.047267616,0.06328487,0.03173111,0.015617225,0.012734129,-0.0028828995,-0.008680515,0.114477456,0.025574127,0.009547078,-1.3115073e-32,-0.07367218,-0.0006311202,0.041870873,0.025519006,0.024341788,0.03739404,0.014773757,-0.013473824,-0.0644243,0.022010116,0.013642972,-0.009652432,0.11580171,0.010699361,-0.028660165,0.024961073,0.002422558,-0.00890447,-0.102028176,-0.046348322,0.07023597,7.6429504e-05,0.013951602,-0.007885319,-0.018577363,0.036570694,-0.041616637,0.007866511,-0.049438268,0.023001123,-0.04444414,0.007380407,0.019411089,0.0018080368,-0.0027116397,-0.039599676,0.02107695,-0.108633325,0.032796334,1.1046008e-32,-0.00031696924,-0.00021974284,0.027874604,0.0044727903,0.048319723,0.07465856,0.009967344,0.074872434,-0.04145882,0.0319915,0.07827926,-0.025742477,-0.05711254,0.09106577,-0.037299678,0.030843673,-0.04592664,-0.009559593,0.0065399264,-0.09580369,-0.062075168,-0.003918798,0.0033304899,-0.0108152535,0.01689132,-0.0031828836,-0.088634126,-0.0008259023,-0.09390559,-0.050124913,-0.035042644,0.06084229,0.008492154,-0.011914708,-0.0014095645,-0.01732202,0.0033373672,-0.073620684,6.655664e-07,1.7702163e-32,-0.09094487,0.00046065066,0.034071926,0.016441476,0.018740242,0.077200666,0.06425315,0.003653727,0.11126558,0.030214073,-0.045977484,-0.017964222,-0.027784657,0.00091603206,-0.036105514,0.032833457,-0.026889354,-0.033526693,0.05899961,-0.027506951,-0.067757234,0.007151456
0.054538686,0.10003394,0.16974206,0.013451459,0.16772643,0.07118714,-0.057690963,0.124635115,-0.08251502,-0.05575469,-0.012024848,-0.10915831,-0.04170922,-0.0027552354,-0.13963395,-0.050665416,-0.06508575,1.3624074e-15,-0.038627088,-0.12078991,-0.03870938,0.08169108,0.028165657,0.13048597,-0.008315911,-0.20481062,-0.15544961,-0.055239487,-0.071889445,0.08142761,-0.1055651,0.12537067,-0.00022016975,0.06541872,0.050373916,-0.079027556,0.12695728,0.10291254,0.1444996,0.027836323,-0.05750017,-0.044840425,-0.09620599,0.1680382,-0.036246747,0.009106758,-0.13442095,0.031793263,-0.17103848,0.032165617,-0.13874996,0.071733825,-0.017495101,-0.004008206,-0.0032312803,0.085026845,-0.014055189,-2.6021449e-11,-0.09242773,0.01630777,-0.11246274,-0.08225003,0.118950985,-0.138057,0.044157926,-0.14763278,0.003859581,0.043646682,0.08875538,-0.05365298,-0.032234922,0.10202965,0.0025027595,0.022978414,-0.14176437,0.121879786,-0.050133143,-0.14542551,0.052277327,-0.036952905,0.1750668,0.14228459,-0.013726162,-0.022061506,0.07077622,0.011467021,-0.015324532,-0.0733049,0.0064611584,-0.092342585,-0.0019582196,-0.0235746,0.262201,0.12874064,0.07698165,-0.07896,-0.063232124,-2.3833671e-20,-0.085435204,-0.06660276,0.18953682,0.1695596,-0.029388305,-0.0005562136,0.14492387,0.09037041,0.11022892,0.108376354,0.102342874,-0.14118733,0.12374994,-0.018560132,-0.04427578,-0.06341655,-0.08130884,0.04269424,-0.02337093,0.22490755,0.10876853,0.18590888,-0.064682655,0.09184432,0.11744688,-0.029960085,-0.091935925,0.036499973,-0.11133006,0.08465753,-0.037768777,0.020539535,-0.051376846,-0.020287264,0.11813476,-0.042677466,0.002405764,0.083600074,0.15172312,-1.9037595e-32,-0.17182246,-0.09893979,-0.091487,0.12758641,0.029776612,0.17091347,0.11353827,0.09869327,-0.21381548,0.061350696,0.08032522,-0.13459574,-0.16840613,0.09999398,0.13717796,-0.029322147,0.06653803,0.2137043,0.09622464,0.118668005,-0.12164957,0.049024213
-8.2618105e-21,-1.0845325e-06,-1.4424647e-07,5.199549e-21,1.3643499e-07,-1.2585979e-21,2.2157812e-07,-1.3580193e-07,2.206546e-07,5.18269e-07,9.6169536e-08,-4.7942666e-07,3.0040445e-07,1.3011007e-07,5.046001e-08,-9.4058166e-08,-5.0059185e-21,6.3336297e-34,4.1740034e-07,2.0441988e-08,-2.3194337e-07,-3.511591e-21,4.7468014e-21,-2.5622123e-07,-1.02904265e-20,-3.5945695e-07,3.904244e-07,-1.6869063e-20,1.1565526e-07,2.4774751e-09,-5.0873545e-08,-2.0667784e-21,-9.1500254e-08,5.440584e-21,-9.411427e-21,-2.8294096e-08,3.187348e-07,1.4298554e-07,2.3091002e-07,2.5762816e-07,-1.0064854e-07,-2.6661917e-07,-2.103219e-07,-1.768532e-08,5.2285935e-07,-4.7640178e-08,2.0636523e-07,-8.175446e-09,2.7757707e-07,4.3031555e-08,2.9124805e-21,3.6062268e-08,-5.773049e-07,3.9616899e-07,1.5265367e-07,-2.5662712e-07,-2.1425212e-21,2.041213e-32,4.097218e-07,-3.7501103e-08,-1.9011935e-07,-8.354438e-21,-8.101187e-21,-8.443181e-07,9.989747e-22,-3.3528525e-07,1.6803668e-07,1.2789413e-20,3.4744477e-07,-1.1293011e-07,5.7241458e-08,-4.7147537e-08,-2.455028e-07,2.9555993e-21,-6.874339e-08,-4.5432776e-07,2.8505974e-07,3.9885498e-07,4.043903e-07,1.953539e-07,-1.809177e-20,-2.1984393e-07,-1.8630772e-07,1.863793e-20,1.9133523e-07,3.8608183e-21,2.069592e-07,1.1691096e-20,3.7292432e-07,-2.1411384e-07,-3.3186498e-07,-7.4173073e-07,-3.0445202e-09,3.7135834e-20,2.7234927e-07,-1.4097533e-07,-1.9907768e-07,-1.6644935e-32,4.6951268e-07,-3.3906694e-08,-1.4240752e-07,-4.557779e-21,1.9238549e-21,-3.868832e-07,-2.811558e-07,-4.4254276e-07,5.161593e-07,1.448295e-20,7.869662e-08,-6.400146e-09,-9.761734e-08,3.592585e-21,-2.375629e-07,-1.1445285e-21,-9.080564e-08,1.6546734e-07,2.7575734e-07,-4.4943925e-20,1.4967046e-07,-6.7100584e-21,3.3847095e-07,-5.0796192e-21,-2.6812046e-07,-4.972713e-09,1.5455056e-07,8.627187e-21,3.7730862e-07,-1.0773474e-07,5.240298e-07,6.384278e-08,-4.033159e-21,4.731316e-08,-3.0474507e-21,3.168521e-07,2.548828e-07,-4.290627e-07,-1.1948514e-07,-1.5866856e-33,4.6594852e-07,2.0888399e-08,1.7443832e-20,1.8202259e-21,-6.438395e-21,-1.0774952e-06,-2.0719739e-07,-3.481787e-07,4.1838388e-07,-3.5180395e-08,-4.234697e-08,-1.5643364e-07,-2.8628995e-07,-5.5808474e-21,3.391229e-08,2.8321244e-21,-5.594128e-07,-1.1401893e-20,2.706967e-07,1.7251011e-07,2.4613803e-07,-3.1423202e-21
0.045605905,0.056005314,0.012211367,0.20456074,-0.036707085,0.020938547,-0.091693945,0.16464409,0.022339918,-0.039600324,-0.017465295,0.13683702,-0.08110817,0.018757688,0.029395647,0.115312345,0.016154997,1.2798717e-14,-0.13093552,-0.09157193,0.018363439,0.36575156,-0.015196835,0.09146066,-0.071122184,0.1337868,-0.10309907,0.15907201,0.014244252,-0.15076254,-0.14799316,0.05202574,-0.16435105,0.014139831,0.123345345,-0.14702357,-0.017916603,0.14995165,0.022831894,-0.12691963,-0.13886873,-0.027958646,-0.14064191,0.044317335,0.16120856,-0.0011342064,0.109628774,0.0036630735,0.15047485,0.15734652,0.22534497,-0.028206093,-0.20836219,0.15601462,0.25309053,0.09001415,0.07330313,3.225889e-10,0.057487704,0.051678877,0.26996198,0.31282783,-0.08285592,0.07374428,-0.062440623,-0.12225013,-0.14275429,0.014897964,-0.02191818,-0.0305011,-0.12923166,-0.028378988,0.008050248,-0.11323734,0.049038216,-0.08751028,-0.15776552,0.03208444,0.06572886,-0.1372985,0.10320204,-0.012048923,0.15803817,-0.06796588,0.042663205,-0.0027591074,0.13331924,0.15084352,-0.07341496,-0.08327068,0.059564356,0.035065755,0.26514992,-0.057018366,0.23581271,-0.02499468,-0.024692675,-3.0866123e-19,-0.11189432,0.11105655,0.20597483,0.37742278,0.04992816,0.049863294,-0.09477987,-0.028212063,0.11979737,0.26496348,0.14594944,0.10228163,0.055158623,0.121779464,-0.16765034,0.0033524046,-0.03491024,0.05123864,-0.0834995,-0.17093952,-0.2093156,0.13661447,-0.032415375,-0.024908146,0.14571229,-0.0503599,-0.020253405,-0.019237384,0.060285803,-0.14316162,0.083527096,0.27561104,-0.091319434,0.04444564,0.17962232,0.033424724,0.0013473737,-0.16421898,-0.034207124,3.6407718e-25,-0.18835038,-0.06098267,0.081246465,0.23103334,-0.009098375,0.022911146,0.39315796,0.090215154,-0.195034,-0.022667393,0.13483557,-0.12122776,-0.12233968,0.21892223,0.098554835,-0.047854837,-0.051939715,0.00061875704,-0.13367042,0.076840706,0.12093156,-0.036606085
0.18120806,0.120881826,-0.07686356,0.08594239,-0.050487015,0.028009491,-0.043557364,-0.13925245,0.064412646,0.17297563,-0.03291996,-0.115871176,0.13755286,-0.03577461,0.05754648,-0.11117105,-0.046277523,-5.403346e-15,-0.0006289605,0.1104917,0.17508194,0.15702564,-0.062039837,-0.12313499,-0.012059369,-0.2020728,-0.11389872,0.19001868,0.046255827,0.041066922,-0.008708621,0.19217499,0.02078324,-0.02002843,0.12652656,-0.09272011,0.0976564,-0.16330226,0.015463712,-0.019245818,0.11158893,0.0013769004,0.0797749,0.17717072,-0.07293797,-0.0017532733,-0.045908336,0.18581127,0.07910275,0.05170126,-0.0696033,0.15179735,0.17710425,-0.04614364,0.009898534,0.08286864,-0.042775013,1.6547119e-10,0.07159892,0.12438105,0.017127434,0.12337586,-0.055785287,-0.08877331,0.12437151,-0.06689965,-0.026999013,0.112566896,0.066152595,-0.04467023,0.081254974,-0.00014060295,-0.14460836,-0.03622187,0.03876968,-0.058539677,0.09784767,0.19093679,-0.0074218567,-0.035483036,-0.016352598,0.057439975,-0.027028421,-0.06396406,-0.012915157,-0.022698425,0.07610323,0.096000224,0.1317121,0.19874421,0.078341134,0.14405696,0.20134804,0.16896583,0.35988358,-0.019517964,0.12529372,2.9603855e-18,-0.042045206,0.028180769,0.2465219,-0.008088555,0.04768832,-0.10160581,0.10088646,0.12159155,-0.051781695,0.18029879,0.107063465,0.045300007,-0.0428107,0.14444941,-0.060885042,-0.047858823,0.006824224,-0.008100693,-0.029878465,0.037428778,0.075154886,-0.01658894,-0.061381374,-0.04567326,0.10718556,0.03484193,-0.094436646,-0.008315795,-0.012947708,0.06518475,-0.10734124,0.13238433,-0.06772044,0.18995534,0.11801272,0.046888873,0.01705951,0.1575169,-0.067833856,-4.9776654e-24,0.19825755,0.027869184,0.07206991,0.015357762,0.029433705,0.15561447,0.15317662,0.107378624,-0.085702024,0.06839664,0.015049469,0.0469141,-0.15501104,0.12858088,0.017449224,-0.03631898,0.09550674,0.0571985,-0.0599682,0.07668683,0.14324902,0.031423844
-2.9594621e-05,-7.8094026e-10,-0.00010618544,-7.698439e-06,-0.00017373965,4.7148205e-14,-0.0001807617,-8.112185e-05,-0.00013123277,-5.636893e-11,-3.7693918e-14,3.8410844e-15,-4.0609434e-06,-0.00023013071,-0.00016273397,-0.00029504194,-1.2859598e-06,4.1547418e-20,-0.00015904973,-5.8773194e-15,-2.5963386e-06,-5.5011845e-10,-4.6841657e-14,-0.00032295415,5.93165e-12,-0.00047340064,-0.0001956529,-4.4002473e-07,-0.00013540007,-7.87296e-06,-0.00034549166,1.3228068e-11,-7.9045036e-05,1.03069124e-13,-6.5212385e-05,-2.4887933e-07,-0.00021361167,-0.00013161745,-0.00013670143,-2.6655842e-09,-1.4259165e-05,7.3693486e-14,-0.00034982536,-7.0086844e-06,-0.00021493256,-7.941005e-09,-0.0001511298,-1.4109786e-05,-8.692602e-05,-1.3331587e-05,-3.1914929e-12,-1.2393683e-06,-5.1680923e-11,-0.00015762376,-0.0003050149,-0.0003067097,-3.0076436e-07,8.172484e-19,-0.0002088631,-1.144865e-13,-4.1792669e-07,-4.6567408e-08,-1.1466049e-13,-0.00035742568,-1.1182715e-06,-0.00056049647,-0.00018538642,-2.7405127e-08,-0.0002629616,-5.6668296e-06,-0.00032276442,-1.0867192e-05,-5.0742696e-05,5.711734e-14,-3.9357325e-05,-4.2454133e-07,-0.0001556909,-0.0001762914,-0.00021471421,-5.6716554e-10,-9.6866315e-06,-6.1670626e-14,-0.00056385953,-2.081797e-08,-0.00031678053,-3.8644167e-14,-0.00015786555,-4.7142963e-05,-0.0001861828,-8.556398e-06,1.701931e-14,-1.3170866e-06,3.1261183e-13,-0.00024504273,-0.00015329313,-0.00044580727,-3.3394783e-05,3.5307238e-22,-0.00016906037,8.82315e-14,-2.6670736e-07,-1.6806201e-06,-1.9362907e-14,-0.0005542808,-2.3612844e-05,-0.00022877663,-1.245721e-05,-2.7840093e-05,-0.00038645213,-4.199536e-06,-0.00038349265,-4.211475e-07,-6.073582e-05,-6.1993074e-14,7.6441655e-05,-1.2522463e-13,-0.00018251754,-0.00017913229,-0.000112498776,8.533372e-14,-6.8995265e-05,-1.4526892e-13,-0.0006707502,-1.5493697e-05,-0.00041210855,2.7236209e-14,-0.00018959887,-7.2904055e-05,-0.0001682615,-2.1269983e-05,-1.0412789e-12,-7.744746e-06,5.3213046e-14,-0.00030696212,-0.000345971,-0.00052272575,-8.782578e-11,1.7991166e-32,-0.0002639721,9.043893e-14,-2.6329363e-07,-1.929179e-06,-5.696214e-15,-0.0006207867,-3.083072e-06,-0.00033604566,-0.00024322407,-1.9341578e-06,-0.00043881705,-3.9496153e-06,-0.00047554454,-1.12347855e-08,-7.201944e-05,8.358511e-15,1.3827443e-05,-4.7052255e-09,-0.00022654187,-0.00021395311,-0.00018338334,-2.8677264e-13
-0.02913438,0.030368324,-0.081479624,-0.066551454,0.057393815,0.009728408,-0.044301145,0.0023582224,-0.050952274,0.022321086,-0.028331833,-0.004795187,0.035737183,0.10412783,-0.1086536,-0.03423253,-0.025638498,-1.7288486e-15,-0.09045666,-0.0041306918,0.007505169,-0.045712654,-0.0069099767,-0.016232431,-0.0052213804,0.02773344,-0.035518147,-0.0012253525,-0.00071748137,0.022000108,-0.09193083,-0.020637324,0.022672024,0.013296473,0.015340812,0.016179927,0.037715234,-0.058152642,-0.08525234,-0.00894714,-0.04727825,0.012950478,0.05705741,-0.0009047964,-0.013240246,0.015684424,0.07630837,-0.055149812,0.093052156,-0.04571683,-0.022169381,-0.01157532,-0.019720249,-0.05692524,-0.016506974,-0.057680774,0.020153245,7.590545e-11,-0.041901175,-0.0030595784,-0.01589608,-0.006357354,-0.0041416753,0.045091853,-0.019596046,-0.15308402,0.054087237,0.011638918,-0.010541412,-0.043689504,-0.07222078,0.021268101,-0.049990486,0.0011917664,-0.014960859,0.03129796,-0.0208176,-0.089293666,-0.045894887,0.0060656336,0.059050743,0.03769608,0.16062446,0.07851353,-0.113587245,0.013777002,-0.04037276,0.0732212,-0.01965121,-0.021445628,-0.0018173127,0.010344156,0.038507137,-0.05876736,0.023560755,-0.06075777,-0.026466299,1.8702277e-19,-0.035501223,9.786806e-05,0.032996275,-0.015708547,-0.0005141255,0.1031078,-0.0048249564,-0.0013472179,0.0291333,-0.022230772,0.13677241,-0.04008098,0.00016280831,-0.0092101,-0.006053106,0.0041837823,-0.084771894,0.046790425,0.13185002,-0.10285198,0.12076696,0.026490174,0.08412881,0.01762073,0.07835893,0.10119644,0.08819827,0.015858835,-0.091681644,-0.051310413,-0.06347494,-0.013670354,-0.009106339,-0.027104769,0.061531,0.06249627,0.09413892,0.14632536,-0.017339053,5.7741506e-24,0.052523334,0.006291609,0.0026623076,-0.053036053,-0.0045956387,0.043827005,-0.011400538,-0.05441595,-0.089908406,-0.045458414,-0.047602642,0.0072704228,0.010354891,0.0021789065,-0.010242042,-0.0056942375,0.08895361,-0.021816267,0.007759951,0.054964203,0.1355657,0.052623104
-0.08704475,-0.0017365484,-0.044365674,-0.08305343,-0.09659383,0.054391496,0.09418284,0.092626184,-0.05494982,0.057662778,-0.10119783,-0.26845825,0.15893313,0.0650037,-0.13597757,-0.03395467,-0.081841365,-7.624976e-15,-0.09292588,0.147336,-0.084608525,0.45376468,-0.019427812,0.048470993,0.22376344,0.17195918,0.13483848,0.18329181,-0.038349498,0.06304692,0.18278776,0.12714802,-0.07671947,0.06854022,-0.17294452,-0.056472853,-0.0059140516,-0.065567955,0.14975852,0.08867876,0.18426317,-0.035125926,-0.05913247,0.06118844,0.013649373,0.001887952,0.073722154,0.0826751,-0.06821909,0.24356785,-0.44353124,0.34417596,-0.05994589,0.107006855,0.1613096,-0.07144497,0.24516939,-1.1255468e-09,0.20909631,-0.0058146366,0.23614366,-0.3295898,-0.20159052,0.120158456,0.2947967,-0.09774248,0.22057869,0.147331,-0.055340003,-0.12148738,-0.062811,0.050995093,-0.015888888,-0.044432495,-0.05665871,0.0015524484,0.14489159,-0.015781688,-0.04732196,0.35861287,-0.07583078,0.08458101,0.11372474,0.17140503,-0.09295511,-0.028263735,0.06411603,-0.039472546,-0.02387873,-0.09546568,-0.12780994,0.06850277,0.3554963,-0.15630893,-0.09570695,0.17053929,0.16945615,6.862003e-20,0.10502787,0.12784971,0.04077066,0.15308148,-0.14367445,0.037700135,0.18538015,0.11857416,-0.04957842,0.17931966,0.07051773,0.14582168,0.13506581,0.116572075,0.048619166,-0.16269818,0.15029262,0.006265541,0.048797864,0.007705749,0.12039801,0.07420331,0.06751662,0.038156133,-0.069009304,-0.014073373,0.0696427,-0.025631225,0.10244546,0.034701522,-0.00042123534,0.45279077,-0.3423769,0.18280037,0.17453064,-0.12289853,-0.13138105,-0.04316966,0.040569585,-1.8073881e-25,-0.07053699,0.112218544,0.11819558,0.14389026,-0.1157142,-0.032626506,0.23745011,0.13765265,-0.11177633,-0.13503183,-0.02572578,0.10830983,0.11786465,0.14745313,-0.21991459,-0.15748627,-0.154987,0.17176367,0.043220483,0.16028091,0.016221022,0.18225645
0.21805084,0.039220717,0.17995802,0.009447621,0.17698283,0.023607818,0.104101844,0.20974433,-0.027192315,0.0060948282,-0.01325424,0.07587436,-0.013335326,0.11379547,0.008490388,-0.09502601,-0.12312328,-1.0578957e-15,-0.023272812,-0.09328656,-0.16666695,0.25981566,0.00859478,-0.11251636,0.12258005,0.14204541,0.14347135,0.124753274,-0.08484168,0.054955732,0.10246658,0.0680888,0.04174682,0.024546899,-0.039670832,0.030073248,-0.03701549,0.24958056,0.0620086,-0.099660225,0.022494651,-0.009839522,0.167138,0.10199631,0.033608414,0.006913636,-0.0024651212,-0.087936096,-0.101490624,0.1661844,-0.1578743,-0.010473949,0.09156973,-0.06422577,0.18844983,-0.029461477,0.056534935,-2.953134e-10,0.022091752,0.07958128,0.09413792,0.0775743,-0.08812973,-0.10086357,0.1049172,-0.17293589,0.15903853,-0.05008393,0.017530661,-0.1158428,0.09536665,0.16033655,0.08581965,0.032720212,0.04387374,0.15991324,-0.099942006,0.15938574,0.17164221,0.23598924,0.1447119,-0.044535156,-0.008942306,0.21618924,0.069927976,-0.034169674,-0.023457581,0.1078993,0.0027987373,0.04085507,-0.028021278,0.0009394,-0.022216346,0.059127815,0.08608871,0.2052807,0.039944604,-2.8092496e-19,0.07265335,-0.032657724,0.12289645,0.24824266,0.022621999,0.128217,0.02390367,-0.01233027,-0.020664018,0.11817262,0.10058581,0.016038617,-0.0785668,0.15255806,0.17286702,-0.07630221,-0.11002451,0.09745536,-0.12774181,-0.12514038,0.012255899,-0.007320556,0.18348867,-0.022086812,-0.053031057,-0.00025808573,0.06087994,-0.022299252,-0.024863921,-0.10711344,0.029162847,0.09416438,-0.12191318,-0.14217502,0.1686642,0.1907773,0.19332524,-0.09516325,0.03326402,-4.8742917e-25,0.12753886,-0.03669662,0.007421539,-0.025060497,-0.062514484,-0.07833524,0.020782541,0.18826447,0.15527257,-0.067341425,-0.023541017,-0.042480424,0.032851312,0.046948172,-0.00982757,-0.04123321,-0.012010588,0.121342205,-0.2133122,0.11826251,0.27515423,-0.007875375
0.004808665,-0.0006302791,-0.14621815,0.03453115,-0.119667314,0.001980833,0.072742335,-0.0038963717,0.0089879995,-0.022313125,-0.003067821,-0.013248497,-0.00926543,0.020185888,-0.14048256,0.04068228,0.0053880173,-1.9727348e-18,-0.11006448,-0.0018605439,-0.008264447,0.19810927,0.01231564,-0.05016357,-0.031658653,-0.01494975,0.027056597,0.09087119,0.037740197,0.04731924,-0.0986979,0.11077513,-0.01902977,-0.006465409,0.09489988,0.002910478,0.076662794,-0.01604728,-0.028168242,-0.009455899,0.018511813,-0.017414646,0.0025792527,0.009338654,-0.096319266,-0.0035048656,0.084982924,0.090373226,0.09289332,0.09041296,0.060120862,-0.016210914,-0.022250438,-0.019524934,0.044119906,-0.030048108,-0.060613837,-1.9220123e-10,-0.041844152,0.0021441926,0.013086105,0.009676889,-0.002829572,-0.017663708,0.016651724,0.1778699,0.17279348,0.00041274528,-0.062356997,0.048976958,0.011810637,0.0020906078,0.02840086,-0.0011272373,-0.07240941,-0.040245537,-0.00734798,-0.08916724,-0.087991275,-0.0063819825,0.020427423,0.035042293,0.16668631,0.054910317,-0.11549584,0.02473784,0.016562555,0.101269156,0.089682266,-0.018991992,-0.012601519,-0.019302584,0.09013996,0.16203587,-0.048242316,-0.078169346,8.494917e-05,5.050802e-19,-0.050320197,0.0036133458,-0.0008173034,0.054971907,-0.0006950179,-0.1282504,0.004344981,0.043832984,-0.077996366,-0.0022186444,0.07714383,-0.03232903,-0.05490937,0.06939073,0.021637402,-0.002387538,-0.0379593,0.0432023,-0.09096377,-0.07325793,-0.08616043,0.059335005,-0.037889596,0.0077935182,0.00053686916,0.10089477,-0.12096756,0.028214622,0.024036504,0.04868125,0.1076612,-0.03026608,0.15729104,0.07660158,0.01939533,0.13549967,0.040837687,-0.06026268,0.022815397,-1.7474681e-24,0.06605919,0.00781772,0.04646657,-0.008542624,0.0032134238,0.04551324,0.027673718,-0.09602019,0.05259538,-0.018567955,0.10330492,0.01683918,-0.024355076,0.008397237,-0.0351948,-0.0061635543,-0.06075947,0.1181908,0.054081656,0.04894416,0.06903338,0.06739454
-0.029854698,0.014397851,-0.13783926,-0.06895579,0.03267825,0.022546098,-0.13099816,-0.055850595,-0.014129919,0.034416195,0.23877434,-0.12824665,0.0767301,-0.11045309,-0.011905504,0.14913398,0.09622053,6.6665576e-15,-0.19738825,0.10698366,0.06714853,0.37241095,0.06093718,-0.1416922,0.15813409,0.11694041,0.03309095,0.12898771,-0.06913826,0.087844744,0.13790487,0.049324248,0.12018141,-0.028680054,0.15198484,-0.07967029,0.22363418,-0.14274906,0.119103484,0.2032549,-0.018374925,-0.013190745,0.013637712,0.021573527,0.1299242,-0.014549851,-0.062539995,0.040596794,0.05242517,0.09986676,-0.22441266,0.1538469,0.13945168,0.13981164,0.09584016,-0.08445123,0.103982784,7.0392947e-10,0.18262613,-0.06296189,0.16670673,0.11531187,0.064769894,-0.01903109,0.26387447,0.14674594,0.03628105,0.19452913,0.019440467,-0.041485213,0.10223158,0.14965811,0.225537,0.17533727,0.21684988,0.178565,-0.116045,0.005573634,0.15257224,0.13593447,0.0258806,0.10492865,0.044746283,-0.11817038,0.10354519,-0.020006958,0.09131009,0.16483377,-0.06763434,0.043252487,-0.01332764,0.16091368,0.12962776,0.11911379,0.101494744,0.025369363,0.11620511,-2.2167182e-19,0.04433718,-0.11253987,0.048623856,0.2154391,0.13424906,-0.118276775,0.016223745,-0.113849685,0.076892376,0.2784425,0.095954895,0.044179346,-0.14773886,-0.03604074,-0.014518757,0.089491785,-0.036372487,0.098286144,-0.069578096,-0.004527128,-0.06968822,0.04572228,0.031614877,0.124808304,0.006024513,-0.07034451,-0.20176105,-0.032017052,0.14696436,0.19016154,-0.14012992,0.11555965,-0.044600386,0.25310427,0.079848774,-0.0081234155,0.2137086,0.065186605,0.21665587,1.7324963e-24,0.111372784,0.08429492,0.1517239,0.4047327,-0.131915,-0.1644947,0.17677806,0.099433206,0.13499199,0.38376638,-0.15863362,0.08319177,-0.10243099,0.31388822,-0.04472282,-0.018947093,-0.021812238,0.22751677,-0.019592177,0.05608015,-0.12535308,0.20291413
