-0.098863736,0.13058454,0.24006155,0.38502112,-0.018819258,-0.09920431,-0.4087557,0.2761752,0.23439778,0.037913486,-0.20261031,0.22091147,-0.42946813,0.13979794,-0.3721389,-0.28272974,0.018175859,-0.38197762,0.24913013,0.18984346,0.3790177,0.20517862,0.0039791754,0.10636134,-0.090904385,0.6484109,0.008797799,-0.14855629,-0.28494865,0.008060682,-0.023053268,-0.6547299,0.3754004,-0.14167318,0.32152924,0.2655089,0.13087459,-0.12818684,-0.10805817,-0.42314884,0.34669355,-0.10891652,0.0058419965,-0.017738499,-0.09256807,0.07541209,-0.32837096,0.062819235,-0.03473861,0.2019734,-0.21640587,-0.12238051,-0.0823183,-0.03673545,0.05462879,-0.037858136,0.29626945,-0.09279848,0.002696858,0.41918445,0.014373377,-0.41645753,0.06672279,-0.1634781,-0.2846621,0.07918035,0.117352866,0.10523407,0.2822678,-0.033325832,-0.10654024,0.018875316,0.25513116,-0.23480979,0.12039958,0.07860195,-0.06330255,-0.15087543,0.17558068,-0.018965527,-0.5563093,-0.0074704927,0.21045527,-0.016971694,0.11757229,0.123669915,0.38020274,0.14512384,0.10148787,0.028499896,0.12243164,0.09371711,-0.06812293,-0.182116,-0.003536108,-0.15380919,-0.2051656,0.09222821,0.08211235,-0.17912902,-0.12318105,0.036557727,0.1449362,0.31678098,-0.30729172,-0.19221611,0.07534313,0.24407318,0.1647923,0.09766099,0.29720235,0.15616535,-0.28267688,0.23287845,0.19316922,0.31872526,-0.28777358,0.16609694,0.18035169,0.0662105,-0.21998297,-0.052687086,0.1581075,0.25473598,0.075921424,-0.030510932,0.110812776,-0.14399049,-0.21096703,-0.21815924,0.031827204,-0.09500775,0.005537536,0.0660471,0.36354715,0.26292807,-0.14517948,0.15014479,-0.03341735,0.27587566,0.15998508,0.14130545,0.033932164,0.15403616,0.2097804,-0.20079474,0.15548033,0.31167948,0.004119387,0.16270235,-0.17752455,0.41865048,-0.22090839,-0.02975456,-0.1933031,0.4764197,0.62983614,-0.073904954,0.11727914,0.1154976
0.11583972,-0.11545358,-0.22489484,0.2042103,0.16506739,0.15920766,-0.027791886,-0.1342005,0.029935103,-0.22426187,-0.11719538,0.07177657,-0.40118927,0.009335735,0.01262917,-0.22889046,-0.13792041,0.19276178,0.08359729,-0.22615533,-0.24737565,0.15046087,-0.034136094,0.18880513,0.028296933,0.052346565,-0.34827837,-0.40336874,-0.019436331,-0.11449624,0.011941838,-0.32392612,0.0050975657,-0.32876465,-0.16341887,-0.48456958,0.17584051,0.08517526,0.037189443,-0.063602515,0.51429886,0.053330213,0.11890943,0.22654942,-0.14323227,-0.15922615,0.17954947,0.096764594,0.21622571,-0.24302693,0.24313137,0.2022734,-0.033355176,0.2786199,-0.0107970955,-0.40855217,0.12774782,0.081988476,-0.52169675,0.2505404,-0.3031981,-0.26041004,-0.031485535,0.33951902,0.16549514,0.11934547,0.20458952,-0.14258714,-0.06676891,0.025811056,-0.0070390943,0.14449061,0.14611092,-0.46288496,-0.0578631,-0.27480996,0.32863495,-0.13875654,-0.1997489,-0.07484649,-0.08679871,0.015541445,-0.057000834,-0.018220998,0.08692117,0.071623445,-0.79832596,0.18513347,-0.14646855,-0.07526945,-0.006156511,0.004121428,-0.082973294,0.3041356,0.18516074,-0.7078809,0.2853679,-0.050882243,0.2719988,-0.23484915,-0.33074957,0.15518473,-0.18221746,-0.437681,0.12490529,-0.035680674,0.24543692,-0.40043977,0.26478216,0.120724075,-0.60757774,0.38262543,0.08744778,-0.5339156,-0.12227003,0.19252048,-0.028771047,0.027107874,-0.041568905,-0.20507856,0.11557804,-0.008639739,0.37400305,0.34192204,-0.094384275,-0.12474975,-0.24084884,0.28516406,-2.3830951e-05,-0.2575525,0.43034926,0.26455408,0.2590434,0.36017632,0.18629144,-0.403633,-0.051177643,-0.3419716,-0.30770022,0.6127385,0.25909537,-0.21171561,-0.040234294,-0.19033924,0.21340683,-0.0068716737,-0.054087643,0.41380322,0.2331483,-0.083666466,0.021802623,0.11136185,0.059940815,0.1763401,-0.11211686,0.2324594,-0.34784707,-0.014048164,0.060945902,-0.037141684
-0.42653188,-0.14061679,-0.07449642,0.077106774,0.018089416,-0.11427742,-0.40747288,0.11778011,0.47312558,0.22595915,0.03626506,0.095483474,-0.0009845771,-0.1236827,-0.119668536,-0.42514962,0.09520205,0.2395421,0.024251627,0.28017032,0.4358741,-0.20262146,0.27588138,-0.083006054,-0.19018254,-0.056486145,-0.033474334,0.24720469,0.062892154,0.01048636,0.007616938,0.064758986,-0.2166195,-0.25416884,-0.10684969,0.007613491,-0.1260671,0.06571536,-0.044453796,0.0065824133,-0.078649916,-0.08792002,0.4892039,0.2770532,-0.14221382,0.13632162,0.5579526,0.0702425,0.007532261,0.2818851,0.03767957,0.1816062,0.10307302,0.07475216,-0.37705815,0.22636102,-0.22309002,0.054685824,0.0012996927,0.2058909,0.39647147,0.26050863,-0.1521428,0.09377666,-0.2320023,0.14193955,0.2208056,0.14353652,-0.09033365,0.056677107,0.6353811,-0.05121188,-0.12225455,0.0211069,-0.18191682,0.30522722,0.12777415,-0.042780362,-0.08597667,0.30884778,0.16796088,-0.08165956,0.21096388,0.46273604,0.018159164,0.13031131,-0.13087548,0.06386556,-0.31899938,0.3926105,-0.03621767,-0.24855563,0.2446739,-0.24142444,0.068247214,-0.18973969,-0.2032197,0.30842885,-0.10287643,0.021751538,-0.10959655,0.1007194,-0.13708133,0.09181175,-0.43345943,0.12936078,-0.40141788,-0.12264669,0.15239689,0.08564254,0.23248526,-0.1695602,-0.35141033,-0.16770889,0.41354078,-0.014284347,0.12880395,0.04228121,0.11109162,-0.1384489,-0.066940896,0.16583398,0.1323593,0.17504086,0.053297304,0.01638496,0.4072811,-0.26326895,0.29467297,0.4548358,0.21728483,-0.07634698,-0.1301312,-0.26562777,-0.06711376,-0.03320008,-0.058523994,0.06794093,0.16858427,-0.004177193,-0.123533934,0.060911503,0.13911974,-0.15708035,-0.03854543,0.19936633,-0.24278198,-0.15498857,0.27843335,-0.09950182,0.14726582,-0.037695102,0.20637615,0.009502444,-0.15962519,0.2860268,0.34071591,0.082882866,0.05895782,-0.10594719
-0.293096,0.1559702,0.21550223,-0.16402844,-0.027395038,0.021464214,0.036650717,-0.15310016,-0.294874,0.28756776,0.24352393,-0.011636321,-0.09490337,-0.28712106,0.4685211,0.34969404,0.21222405,0.23133323,0.31500968,0.22903681,0.013830928,0.23250194,0.084491126,-0.18547468,0.07162691,-0.32052627,-0.021518197,0.06004177,0.15995054,0.15993074,-0.016384535,0.3929137,-0.042015027,0.19658124,0.027907459,-0.14976306,0.13844123,-0.16676599,0.09196503,0.051746648,-0.9886761,-0.043409597,0.13449194,0.50089824,0.12171601,0.091851264,0.2858963,0.18445276,0.037072837,-0.3123451,-0.18766432,0.19698443,0.37045532,0.02376654,0.08420847,-0.33069327,-0.31598395,-0.4725239,-0.032226436,-0.51481336,0.34436643,0.3935746,0.35983488,0.008047445,-0.10019052,0.2854249,0.093505554,0.07275802,-0.34078106,-0.06925496,0.041059773,-0.27312914,-0.4247846,0.42935923,0.15854333,0.08092309,-0.15692116,0.008908528,0.21548513,0.095126376,0.1842886,0.16498727,-0.35396907,0.3596265,-0.10919127,0.074402906,-0.25800732,-0.00576887,-0.0017800658,0.2998024,-0.038645353,-0.07104144,0.17139633,-0.09123726,-0.23583075,0.20764382,0.13477305,-0.17829135,-0.37100622,0.37061504,-0.013506472,-0.28987676,0.15939672,0.06892696,-0.17730881,0.11319194,0.3156432,0.19414005,0.27214545,0.05699727,0.06872387,-0.2034285,0.10625815,-0.5079151,-0.034336008,0.020324402,0.36849204,-0.075944714,-0.30298194,-0.13857807,0.17990439,-0.113845475,-0.25387976,0.17465831,-0.065373436,0.10652049,-0.19735432,0.17504533,-0.08783424,0.097594455,0.050321274,0.090830356,-0.21957248,0.045232117,-0.03319222,0.23028363,0.2672012,-0.29684514,0.03566724,-0.14663833,-0.15284428,-0.08515857,-0.18194167,0.0016583498,0.0063609052,-0.103117935,-0.35927248,-0.26800746,-0.21788265,-0.0602249,-0.14661598,-0.00072360586,-0.090423465,0.2947069,0.07161722,-0.26171774,-0.09166486,-0.028732536,0.24387403,0.28054518
-0.4400599,-0.07867533,0.03436731,0.030976538,0.012349061,-0.044170853,-0.27295107,0.3418415,0.42281145,0.38598076,-0.04207433,0.07058838,-0.19151919,0.16755943,-0.24878384,-0.09138291,0.23871171,0.003517565,0.11246178,-0.36614677,0.11390185,0.046302635,-0.21608943,0.017908806,0.27915886,0.41483626,-0.09603607,-0.07655178,0.20852435,0.06319033,0.37799704,-0.022477271,-0.15621549,0.20951895,0.0819202,0.0987636,-0.2680376,0.0038029521,0.17385508,-0.3324896,-0.3040178,-0.0060544866,0.35588267,-0.56336206,0.061196048,0.09147336,0.2102943,0.14643781,-0.09264834,0.27085698,0.37760505,0.31093293,0.091624826,-0.096646704,0.021128688,0.021367976,-0.34894457,-0.5463682,-0.011171835,0.25392962,0.15103118,-0.32316238,-0.24658445,0.03754723,0.028237307,-0.41466153,0.16898265,0.073968515,-0.07492135,-0.015171928,0.536543,-0.0915953,0.052500978,0.032489173,0.020626776,-0.028828135,0.012606426,0.06733112,0.10844965,-0.15286371,0.14868233,-0.020243004,0.08975806,0.23708186,-0.09277367,-0.047953364,0.057488102,-0.23377481,0.3513527,0.34974197,-0.07426337,-0.19742432,-0.219287,-0.27390298,-0.1673317,-0.733454,-0.013351834,0.05334744,-0.49835005,-0.17144558,0.04081133,-0.12779154,-0.10702743,0.38718742,0.044305664,0.054610264,0.18871078,0.07535365,0.055168647,0.14723104,0.30022463,-0.1660822,0.2849223,0.11244261,0.14766121,0.15637818,0.21469939,-0.1360639,0.18325791,0.17846732,-0.38633582,-0.10914248,0.35977697,-0.0914473,-0.052299615,-0.07461953,-0.11103202,-0.26549628,0.012669066,0.6135758,0.16559301,-0.27902764,0.19461559,-0.3616509,-0.0054694135,-0.72218245,0.048247986,-0.08834279,-0.15859109,0.20916827,0.35756576,-0.43644646,-0.13078281,-0.29633063,-0.06866968,-0.030551905,0.18787701,-0.1735503,-0.0579496,-0.008547583,0.14719811,-0.65508765,0.21306881,-0.005093531,0.080555536,0.15695004,-0.2666611,0.0923514,0.30587465,-0.4044825
0.030102624,-0.07058016,0.059302527,0.13320954,-0.1121999,0.1564199,0.26972812,0.1093274,-0.017250948,-0.12439958,-0.07010789,-0.071444705,-0.060547277,0.06685543,-0.055960532,-0.00808445,-0.03303399,0.06535955,0.118267655,0.116510525,-0.087445006,0.0915351,-0.020094046,0.15167236,0.18451323,0.17382182,-0.19399935,-0.079885654,-0.016608972,0.013056533,0.031551596,-0.021453748,-0.1381382,0.020659542,0.4019948,-0.107245155,-0.17533337,-0.1392905,0.2301095,-0.09567008,0.27759433,0.07032346,0.2034108,-0.16931309,-0.1273464,0.059798863,-0.34880373,-0.14395307,0.0791968,-0.12801965,-0.24424496,-0.28057092,0.21149878,-0.122740075,0.1218981,0.06820004,0.16389829,-0.19250615,0.020210912,0.1963461,0.1922381,0.0050124163,0.022759918,-0.025097601,0.18962865,-0.09645401,-0.28236338,0.15612821,0.22639363,0.17025557,-0.047203206,0.15529461,-0.30421823,-0.17601256,0.16540554,-0.1565064,-0.17217956,-0.14260755,0.23539227,0.29121915,0.046618313,0.067942254,-0.16509908,0.16115484,0.018064817,0.083034255,-0.107157275,0.35446906,-0.13520734,-0.060793836,0.109520376,0.15777184,0.18489116,-0.022916665,-0.32173213,0.016342409,-0.07967831,-0.054613944,0.15263769,-0.24653724,0.012849069,0.10539519,0.12364364,-0.07793282,0.3451881,0.021993801,-0.014520812,0.1891599,0.1575829,-0.08208803,0.36057502,-0.22672077,-0.11676589,-0.1312794,-0.1639933,-0.1392022,-0.15445052,0.089114346,-0.12445139,0.16645505,-0.19928603,-0.15798704,0.11975559,-0.03235146,0.07418053,0.013305318,-0.3640937,0.2750046,0.08156358,-0.41985047,-0.12166472,0.067895815,0.32991463,-0.09513107,0.16176333,0.13963975,-0.11064189,0.22181675,0.18081228,0.035536915,0.00039118849,-0.003297749,-0.17818105,0.33310416,0.15352567,-0.14909685,0.22374791,0.17174499,0.022520298,0.064354904,0.26808807,-0.09755982,-0.054243393,-0.20391974,0.18479279,0.05850357,0.08052875,0.062037528,0.10174211,0.23293023
0.03775451,-0.09055339,0.22240238,0.43883073,-0.0306291,0.15048648,-0.21536903,0.0789119,-0.065664634,-0.3640036,0.14545627,-0.22567451,-0.10727871,-0.051883515,0.45141095,0.5991648,0.15667647,0.21302645,0.029992467,0.014003136,-0.44427094,0.19363955,-0.08359134,0.0347667,-0.13486242,-0.24347559,0.009636005,-0.1468404,-0.13624817,-0.11653064,0.17807093,0.038759556,-0.031619288,-0.23813197,0.021436825,0.1719674,0.0851114,0.12854888,0.23769677,-0.2229269,0.37104836,0.10135748,-0.18725848,-0.37566164,0.17859748,0.06115284,0.060315207,0.3843594,-0.30568287,0.06606054,-0.0538571,-0.12971559,-0.3892315,-0.01483527,-0.047768515,-0.34334826,-0.059922665,0.12573624,0.09239902,-0.26449648,-0.37338796,-0.03805309,0.093144886,0.17782408,0.50360394,0.060778238,0.3626118,0.0093787005,0.3485117,0.14046086,-0.30126795,-0.21860395,-0.08788826,-0.29513416,0.2773659,0.053729292,-0.18119675,-0.17050251,0.18660179,-0.23222919,-0.19740525,-0.08534894,0.10284186,0.36653587,-0.05454685,0.12904425,0.10566853,-0.30120763,0.052912954,-0.14083639,0.045106865,-0.25374445,0.35124266,0.078202784,-0.20354784,0.50747263,0.076279484,-0.26649004,-0.1917774,0.30449453,0.10689957,0.2345786,0.036795106,-0.14158592,-0.2213567,0.23235358,-0.37767667,-0.12485567,0.1525744,0.06603908,0.2411216,0.27526316,0.087114245,0.5356849,0.01809177,0.32720867,0.06959961,0.071019135,-0.31880632,-0.051507644,0.20109917,0.16178389,-0.09440643,-0.04312655,0.13221428,0.036833696,-0.2682593,0.072931096,-0.045486934,-0.084240474,-0.07389045,-0.19445045,0.36612627,-0.38386992,-0.27496302,0.014496048,0.020320531,-0.37358287,0.002003611,-0.10112935,0.115030326,0.07509786,-0.07587913,0.2032838,-0.4850903,0.01824815,-0.27467877,0.13117935,0.15307471,-0.16862603,0.42114797,-0.005933609,0.09180483,-0.30959257,-0.13887246,0.14598921,-0.41905814,-0.12783548,0.38804922,0.15286113
-0.05289819,0.08036638,0.027438672,0.0047735577,-0.1640042,-0.14253134,0.5358805,0.387771,-0.09223791,0.15218312,-0.11433757,-0.11582189,0.11849216,0.3030577,0.04582486,-0.14539045,-0.27892166,-0.24619178,0.1502383,-0.17414625,-0.38655475,0.5763736,-0.28867203,0.041885823,0.3489575,-0.05121331,0.079500064,0.13566609,-0.056212183,-0.10436107,0.13592167,-0.013857352,-0.026111864,0.48248804,0.03318627,-0.1575928,-0.18380402,-0.1672902,-0.2146814,-0.062202204,-0.5063614,-0.100691214,-0.32176974,0.21650042,-0.06200477,-0.15253331,-0.040376782,-0.099920236,-0.26812342,0.046045996,0.36662617,0.059553143,0.16470207,0.0054729693,0.3192533,-0.18422997,0.11259323,-0.35204902,0.14224805,-0.20909628,-0.121531904,-0.30015522,0.095685735,0.18106648,0.04839732,-0.14333452,-0.21693829,-0.08903362,-0.2678216,0.13101646,-0.081624605,0.3964183,0.30031812,-0.26381356,0.40179232,0.06362665,0.3302505,0.0748955,-0.05048609,0.12357265,-0.8163948,0.13351317,0.05170103,-0.13392797,0.10859816,0.17003919,-0.46247062,0.22704186,-0.2713462,-0.01199994,-0.23717746,-0.11073288,-0.15885057,0.0018620362,-0.018043457,-0.052407723,0.2891858,-0.3808165,-0.074165985,-0.49594238,-0.16761856,0.045074318,0.15224956,-0.073798686,0.12732811,0.013601523,0.38929325,0.30096334,0.1461212,0.10342828,-0.058796987,0.015268138,0.3679364,0.041027326,-0.149083,0.07158053,0.1759453,-0.116424434,-0.5279355,0.28848365,0.10464627,-0.006283688,-0.0011908354,0.15834329,-0.048974868,-0.101798646,-0.05603107,0.5979511,-0.23086664,0.15173127,0.26587805,0.24940023,-0.13344145,0.29849374,0.27476758,-0.3469522,0.2718756,-0.509433,0.19054218,-0.3009623,0.14854613,-0.00982378,0.14331912,0.15854345,0.19214872,0.011502977,0.004945997,0.28380686,-0.14036456,-0.049323812,0.26070935,-0.0846077,0.053917676,-0.057635073,-0.23523973,-0.11506213,0.27097806,0.12028099,-0.31250438,-0.11815285
-0.17128071,-0.06053303,0.030129632,-0.091070056,-0.16004401,-0.07361678,-0.12599576,0.31672975,0.2946759,-0.10949466,0.059375364,-0.04256438,-0.43478084,0.14417173,0.008363643,0.20624793,0.22234067,0.3961857,-0.17730016,0.0030295914,0.03598022,0.0069445698,0.0540283,0.28012413,0.12032288,-0.078479216,0.13780132,-0.3616716,0.22218469,0.092927605,-0.072250366,0.25244084,-0.24556103,0.14403087,-0.019388631,-0.28474355,0.12508711,0.0027585141,0.111683935,0.12373237,-0.097578704,0.03702154,0.012174022,-0.36241296,0.13472684,0.07800747,0.5173398,-0.036114987,-0.071826644,0.08266972,0.09427757,-0.07382352,-0.108361796,-0.1236076,-0.06294186,0.67669606,-0.11643355,-0.3231431,-0.05308144,-0.10794055,0.12392868,-0.15239024,-0.16499765,-0.20140474,0.13293949,0.10885283,0.16661634,0.2040736,0.09140762,0.037709538,0.30071703,-0.09563632,-0.37191018,0.14758666,-0.2339072,0.14078556,0.101316996,-0.15461552,0.1071692,0.00013833177,0.4383001,0.12726796,0.42884362,0.17537273,0.0658805,-0.1578913,-0.10833508,0.19641076,0.10636589,-0.017987981,-0.1238241,-0.0031378632,-0.27522266,0.16622797,0.25009644,-0.053363208,0.075712755,0.0109229535,-0.39769033,-0.03484572,0.06001989,-0.14202192,0.21044499,0.13191344,-0.13091399,-0.13991635,-0.3511544,-0.21520868,-0.23380162,0.060317457,0.2515717,-0.2429993,0.018768694,-0.20725702,0.15477547,-0.03986793,0.12277348,0.051926773,0.041937776,-0.31492388,-0.060611002,-0.16607974,0.109021686,-0.074775495,0.15723644,0.13485527,0.283732,-0.1257733,0.61934716,0.26809254,0.046017017,-0.01576319,0.43778652,-0.036845606,-0.16910134,-0.3674928,0.06653284,-0.14456974,0.17881368,-0.24370193,-0.39797363,-0.06907056,0.1062303,0.27456045,0.041627377,0.15676697,-0.37927976,0.01739434,0.22948867,-0.042627167,0.1113908,-0.18913442,0.13477464,-0.0025470115,-0.27094254,0.23462926,-0.29111227,-0.03185575,0.30511153,-0.73342454
-0.090428,-0.1078364,-0.17362642,-0.38245457,-0.060563046,0.0915156,0.38387394,-0.19268657,0.2921703,0.18828453,0.047036197,0.03965052,0.12792858,-0.24964638,0.21671598,0.31109434,0.09660221,0.3290099,-0.1400374,0.3888274,0.18229264,-0.24327525,-0.094520554,-0.034470946,0.1171027,-0.5234268,0.09278058,0.12292265,-0.20914657,0.17018078,0.22658789,0.23050062,-0.037747696,0.1745148,0.1949569,0.09097721,0.034901924,-0.06426111,0.11945861,-0.030889483,-0.18363065,-0.079819165,-0.012673983,-0.14466038,-0.07741845,0.05457264,0.24376875,-0.0047007073,0.09851055,0.46123698,-0.41808185,0.21429932,0.1986833,-0.18061706,-0.031789232,0.34807393,-0.1059368,0.03151815,-0.17189029,-0.47757855,-0.030279543,0.37807247,-0.08137336,0.22594276,-0.2909325,-0.22491854,0.24976745,0.2004781,-0.11940389,-0.15362793,0.42959976,0.14763817,-0.46382546,0.5272914,0.2791745,0.07213606,-0.020915192,0.10776746,0.041077256,0.20635517,0.6924675,-0.004134872,-0.3028562,-0.044572,0.1313684,0.15977548,0.46038404,-0.17231648,0.19852851,0.18988097,0.100220986,-0.24182384,-0.336303,-0.08126499,-0.29581785,0.3711901,0.069422595,0.38939327,-0.0931493,0.28144982,-0.20347017,-0.08553594,-0.15415765,0.12736683,0.20403862,0.61817515,0.121851616,-0.09356245,-0.14473952,0.043073855,-0.2570433,-0.5053088,-0.27273583,-0.19763525,0.014861915,-0.001585938,-0.1968288,-0.1579523,-0.02004483,-0.26719916,-0.26380315,-0.12866907,-0.47999856,0.140624,0.04172296,-0.0075042443,-0.3814341,-0.2616737,0.04231002,0.16774008,0.23031712,0.053837292,-0.33952776,-0.43579537,-0.048392188,0.5183828,-0.23131342,0.51279074,0.23852478,-0.24284232,-0.27314407,-0.0639405,0.031290542,-0.11337343,-0.5350756,-0.0015159005,-0.031171186,-0.21035086,0.07865291,0.054006264,-0.23236588,-0.82624435,-0.124784574,0.27396888,0.16409849,0.15040292,-0.19239502,-0.058368992,-0.21798526,0.33531463
-0.20925663,0.110064566,-0.7427455,0.48614565,-0.07999697,-0.14613762,0.07485713,-0.112973526,0.15504023,-0.70224804,-0.19465092,-0.27407292,0.21841642,-0.15119371,-0.24632902,0.5073287,-0.1414016,0.037346013,-0.06570777,-0.040658306,-0.40020934,-0.35053825,-0.13858901,0.333047,-0.4994125,0.07550071,0.24287337,0.14683585,0.007356895,0.13796254,0.3120131,0.30820033,0.057214238,-0.08178152,0.039124604,-0.07887387,-0.18534559,-0.15227064,-0.2761011,0.26827395,0.015320675,0.16012637,-0.011498924,0.42617697,-0.16511114,-0.003575653,-0.2757497,-0.19087827,-0.117051795,-0.27398205,-0.014286046,0.17474568,0.07817634,-0.059303958,-0.30538923,-0.20333146,-0.37351385,0.16887979,0.40775886,0.20738488,-0.13845383,0.20111184,-0.0865727,-0.05200532,-0.051127546,-0.11683859,0.115842864,0.25606123,0.033125725,0.07791362,0.11858711,0.12590034,0.06404923,-0.050535373,-0.22721757,-0.10339353,0.08114113,0.021063015,0.24981637,0.15140189,-0.16467156,0.15652333,0.07760133,0.19482018,0.14700685,-0.013612973,0.4250574,-0.24162245,-0.06342262,0.47273615,-0.34522364,-0.15088266,-0.2636446,0.037137326,0.11545064,0.1849724,0.36466387,-0.22761308,-0.39457408,0.1835095,0.039271433,0.3662115,0.0012740601,-0.065406196,0.12094959,0.18455857,-0.37869406,0.26052272,-0.6472546,0.15870255,0.084892794,0.3168189,-0.023353659,0.3192988,0.2018216,0.07500654,0.20598255,-0.122966066,-0.37413868,0.004602051,-0.12196046,0.10609586,-0.16447416,-0.16748971,0.05994798,-0.11463886,0.034066614,-0.047240917,0.4181515,0.25475824,-0.21285138,-0.32627326,0.10649869,0.1005226,0.09312885,0.62470555,0.3546014,-0.5219287,-0.02731769,-0.15781623,-0.0030295537,-0.14485697,0.036034897,0.1997119,-0.097329535,-0.0448337,0.32850328,0.26552138,0.06628265,0.040503044,0.091950946,-0.14817719,-0.30906153,-0.1595793,0.028485097,0.3278993,-0.08207302,-0.019362058,0.23748201,0.008427465
-0.106585324,0.11744406,-0.04332839,0.22201328,-0.11035475,-0.17485198,0.006551299,0.088577434,-0.1148588,0.2543366,-0.36568362,0.24135785,0.2680883,0.07951609,-0.12200579,-0.066729724,-0.1309544,-0.05942354,0.32890645,0.01699003,-0.03906016,0.15645318,-0.08220873,0.12537378,0.22388369,-0.20774367,-0.08774456,0.067948096,0.49739936,0.029391158,-0.018275212,0.16475801,0.12734413,0.004409452,-0.040608462,0.23137425,0.014363314,0.041562647,0.23375376,0.43902606,-0.05348423,-0.06508651,0.36516145,0.18510763,-0.053129654,0.17602505,0.29518542,0.37530592,0.215027,0.3847781,0.3096907,0.16355853,0.21130022,0.008421733,0.29823315,0.016074965,-0.1713874,0.08371429,-0.024460401,0.11593297,0.3727823,-0.13681543,0.33622274,0.6269092,0.068354726,0.049628302,0.012457089,0.18962912,-0.068806395,0.012582944,0.16246183,-0.009752212,0.1892634,-0.098076485,0.22531942,0.30175537,0.13102162,-0.022915512,-0.2080061,-0.092974916,-0.085939094,-0.026004864,0.08926215,-0.027925462,0.0520398,-0.14824542,-0.07716624,0.083380915,-0.06087488,0.18677014,-0.016971096,-0.40851736,-0.09511703,-0.18039665,-0.16691323,0.15357465,0.5154418,0.33216736,0.16218004,-0.33118388,-0.3139938,0.2882008,-0.24164726,-0.08409291,-0.13092917,0.530096,0.4403897,-0.20493156,0.05547776,-0.048562706,-0.37569278,-0.082065046,0.13256796,-0.33751696,-0.016877694,0.19613251,0.0898145,-0.06683768,-0.09264131,0.16112569,0.14594042,-0.051083114,0.18747394,0.48929653,-0.08153121,-0.14612001,0.010919211,0.20652115,0.24098033,0.3083391,-0.115315795,0.01632856,-0.44634417,0.22582108,0.07987455,0.14311151,-0.23811607,-0.29204234,-0.04936,0.18692157,0.3873864,-0.018776732,0.044665877,-0.37159115,0.030756338,-0.026882615,-0.12050869,0.59835714,-0.087654024,-0.12110365,-0.098683774,-0.13754858,-0.18947695,0.2168275,0.05805004,0.13683093,-0.14388756,0.11105833,-0.28641152,0.24382216
0.08092085,0.14835815,-0.055340804,0.329577,-0.095624946,-0.1468002,-0.3299743,0.06176852,-0.28119978,0.03357368,0.50813067,-0.23493907,-0.16300575,0.019375784,0.13291588,0.37936893,-0.09900393,0.010780755,-0.13552926,-0.22035968,0.08353891,-0.12765868,-0.09589882,0.07106196,-0.015070297,0.30340344,-0.3553234,0.092131376,-0.09699027,-0.092256926,0.12632114,0.09653386,0.07659362,0.09822969,-0.33387613,-0.09604823,0.035059936,0.089301646,0.2599904,-0.0069275005,0.3705646,-0.10121288,-0.20546481,-0.45983133,-0.00933422,-0.15538067,0.24252921,-0.15100689,-0.51718897,0.5041683,0.083138965,0.19572866,-0.57730126,0.07214933,0.3876897,0.12655622,-0.18878332,-0.08193846,0.014669532,-0.092341766,-0.23592241,0.30387482,0.1527305,-0.07442492,-0.022244547,-0.32748273,0.39546624,-0.045869756,0.1995889,0.00015123205,0.087754756,0.16640332,0.2522617,-0.07044114,0.13710852,-0.0059529743,0.13142692,0.13003059,-0.025911871,0.15997118,-0.31701627,0.016823897,-0.18131502,-0.082451575,-0.013807936,-0.0015759458,0.13178203,-0.31158587,-0.33610427,-0.25724506,0.024452923,-0.18784355,0.14169863,0.043196216,-0.22354627,0.23204961,-0.027114144,-0.20228288,-0.0227457,0.38596365,0.14800791,0.18483351,0.123212315,0.12768058,-0.059158742,0.25873643,-0.44184327,0.25800696,0.1386281,-0.10216717,0.11128675,-0.10125396,0.1436341,0.4739296,-0.16074666,-0.07587721,-0.0893983,0.14485128,-0.15314423,0.31422168,0.21698622,-0.021605888,-0.01412564,0.02467975,-0.02335475,0.03390043,0.3932679,0.02365356,0.1969833,0.1418557,-0.44946495,-0.33945754,0.4151002,-0.48396856,-0.2493413,-0.11952687,0.28937733,-0.57432055,0.34979138,0.14521267,0.10162298,-0.23639028,0.19688544,-0.24322276,-0.22302014,0.19829823,-0.08522693,0.61669135,-0.24303642,-0.049066518,0.21138538,-0.1975677,0.108781524,-0.15611851,-0.050151195,0.21863309,-0.15311508,-0.120516025,0.4202372,0.66932386
-0.2886925,0.106002256,-0.17490627,-0.07920298,0.1021489,0.10179247,-0.0023489166,-0.20819977,-0.11279613,-0.23265769,0.22959569,0.15654022,0.16673742,0.21916997,-0.1492533,-0.46649638,0.1933141,-0.30903098,0.34038973,-0.19820444,0.19996944,-0.31753534,0.3416523,0.11507466,0.048654854,0.11746068,0.025427409,-0.39447722,0.25263497,0.055973288,0.050987344,0.11789265,0.38340196,-0.22586499,0.02529805,-0.07057481,0.29472613,0.074429594,0.114202596,0.28601328,0.74180466,0.12409308,0.30004397,-0.062504515,-0.12621978,0.008260229,-0.34309462,0.2954369,0.21402715,-0.13872495,-0.19880494,-0.13421732,-0.09564065,0.03768668,0.09641619,-0.13351338,0.25133264,-0.039140217,0.13010918,0.2463237,-0.060400378,-0.028253265,0.123475425,0.23820163,-0.08361175,0.24931945,-0.022116624,0.28737673,0.2003395,0.08430975,-0.046607845,-0.33131355,0.060020063,0.07975424,-0.11550322,0.06674543,0.20319617,-0.021218613,-0.21199504,-0.1638518,0.15515766,-0.14482458,0.101721995,-0.33540472,0.09263813,0.04565952,0.46327335,-0.0018017454,0.30705315,0.06555882,0.08962974,-0.06007539,-0.018529221,0.009334385,0.29876778,-0.12632366,-0.14946233,0.26969394,0.3821085,0.60180646,0.18976058,-0.06348052,-0.01602601,0.1294805,0.26972762,-0.13019633,0.0062744734,-0.253152,-0.3476264,-0.11671685,-0.11253922,0.25378752,-0.13229217,0.4001425,0.15004978,-0.085266516,0.07490845,0.13575523,0.52699023,0.017239109,-0.331041,0.12031972,0.009548394,0.031162774,-0.08416694,-0.028713772,-0.1861671,-0.18988785,-0.35381174,-0.13945113,-0.061195806,0.15547773,-0.21628834,-0.17224076,0.059362188,0.5963795,-0.14898875,0.4158626,-0.22385468,0.31172815,0.2252049,0.03649225,-0.12698157,-0.016245274,-0.05075344,-0.105113566,0.45434216,0.16877478,0.10526682,0.16843732,-0.2556088,0.3782989,0.014157128,0.03768214,0.07962306,-0.20236874,0.04999142,0.040361565,-0.105228506,0.013718277
-0.012821548,-0.13531591,-0.33489728,0.021638785,-0.01958401,-0.10516665,-0.19359373,-0.23057467,0.13986559,0.22550176,-0.1408495,0.36672267,0.50195616,0.20752059,-0.11691475,-0.13571982,-0.05769606,-0.1239141,0.24393389,0.33466637,0.047019795,-0.04836296,-0.17839278,-0.19544746,0.35270524,-0.6208963,0.14972311,0.11891642,-0.28132856,0.18729366,0.170259,0.5264596,0.26379123,-0.032987345,-0.23958704,0.011290397,-0.042293176,-0.02060658,-0.15717374,0.2898757,-0.20970005,0.11171061,0.1691369,0.31324545,0.10268664,-0.0143025005,0.35285392,0.12148649,0.15003338,0.3221012,-0.2990304,0.16384165,0.31844428,-0.07665637,-0.027120553,-0.1246617,0.058290817,0.14398536,-0.18694171,-0.25910825,0.41880843,0.39573604,-0.120694235,0.4566749,-0.27286425,0.0015047647,0.2914892,0.083691366,-0.04838043,0.08868112,0.28233466,0.0446388,-0.17317683,0.26512566,0.02112029,0.16163293,-0.13571368,0.16232355,-0.018874882,-0.12330004,0.53787893,-0.029155884,-0.2632421,-0.22794858,0.15367787,0.0034919793,0.5309692,-0.8080098,0.020303454,0.4562239,-0.15562776,-0.8031642,0.3680473,-0.28000706,-0.31540173,0.34879196,0.22390741,0.56181186,-0.36522382,0.6222462,-0.01876995,-0.09045048,0.15612192,0.24474326,-0.14354067,0.35828233,-0.1579104,-0.018056622,-0.55242264,0.069584414,0.18972874,-0.34799612,-0.19812284,-0.06632966,0.20422366,-0.21340738,-0.032163497,0.06882902,0.38999003,-0.37189367,-0.32258996,-0.11611818,-0.24028814,-0.20201547,0.074297816,0.14612815,-0.00084099924,-0.52341604,-0.22266154,0.33526593,0.102138385,-0.4006086,-0.1780581,-0.9863037,-0.43490654,0.8775121,0.18603472,0.4359132,0.43024617,0.37585336,-0.27192515,-0.51390004,0.019494696,0.15487623,-0.59210855,0.21109408,-0.1564872,0.32886416,-0.12702599,0.042096972,0.09724753,-1.0788425,0.177899,0.3213151,0.30403948,-0.29807973,-0.2586347,-0.15956981,0.17411987,0.62915856
0.09664431,0.04935282,0.02635048,0.15643719,0.054914225,0.07039936,0.022690231,0.029607091,-0.2575955,0.2330296,0.30503517,-0.07934614,-0.22339527,0.18979216,0.004467924,-0.011643535,-0.04352078,0.052256476,-0.017658394,0.39446744,0.26197574,0.34914282,-0.08505598,-0.042083044,0.37267524,0.07027437,-0.13739842,-0.11722909,-0.147867,0.12149923,-0.0021198646,0.16327086,0.052489907,0.027844213,0.077395454,-0.27143896,-0.0106180925,0.12068736,0.040182773,-0.026686585,0.056351196,-0.17330787,0.14196844,-0.4761414,-0.09941024,-0.11372386,0.44793072,0.03648088,-0.20753346,0.012446701,0.06668828,-0.028922131,0.19855157,0.14095046,0.07143026,0.19629303,-0.00043836763,-0.3542852,-0.13637774,-0.21964426,0.12150157,0.15327269,0.05918643,-0.16387403,-0.31835026,-0.17016514,0.44152465,0.16174144,-0.16738644,-0.038415164,0.53112483,0.24543191,0.14980263,0.070130564,0.41431448,0.1834665,0.17339225,0.045714702,0.073139936,-0.019238004,-0.30586633,-0.10285008,0.093570925,-0.23097928,-0.113361575,-0.07867932,-0.021631036,0.15922573,-0.45994845,0.046717532,0.0162091,-0.15077958,-0.01883227,0.09665069,-0.40968794,0.11694498,0.20849639,-0.10831211,-0.54519963,0.20524167,-0.34945473,-0.15942939,0.055337112,0.20382138,-0.15847188,-0.04968877,-0.19677855,0.34522888,0.13443251,0.028739318,0.11969791,0.041536167,0.13611881,-0.31316712,-0.06944316,-0.25693765,0.11425796,0.119045444,-0.31610614,-0.1175929,-0.16171786,0.070219696,0.024989696,0.052349787,-0.058619346,-0.004849035,0.14531851,-0.1848611,-0.2272149,0.040631585,-0.14388254,-0.2555748,0.2392512,-0.18358731,-0.05430954,-0.06445182,0.4641431,-0.45741665,0.33375627,-0.14872904,-0.12632093,0.048191223,-0.0006063533,0.19892983,0.17068364,-0.10467493,-0.1521391,0.22350971,-0.023777064,0.046436347,-0.21119285,-0.047170013,0.31828564,0.12150856,0.2601892,0.2966843,-0.007408623,0.11413821,0.15390766,0.49077168
0.29921776,-0.054848805,-0.1663306,0.004482729,0.0068819434,-0.09683023,-0.12727873,0.2400091,0.524246,0.07453174,-0.4443529,0.2568907,-0.09696272,-0.07736019,-0.16413216,0.14966413,-0.21803072,0.43375662,0.080450326,0.17629525,0.20564298,0.09104783,-0.059183974,0.1761026,0.24245974,-0.09067483,0.105257094,0.008717674,0.4004029,0.096691236,0.21656527,0.33274248,-0.24869561,-0.113087445,-0.06798583,0.083584085,-0.073959485,-0.08400231,-0.1006357,0.29706436,-0.15010592,-0.15652408,0.20833373,0.17646578,0.08213414,-0.03268891,0.9180631,0.15469654,0.22897741,0.076478444,0.4686568,0.14594227,0.05357062,-0.08113803,-0.11311694,0.4877121,-0.0996845,0.07592333,-0.10444079,0.32195905,0.09107301,0.112923935,0.032327775,0.24105923,0.07978478,0.03567211,0.05054361,0.09641604,0.010187759,0.13165197,0.35117638,0.2817572,0.021832336,-0.08697655,0.0071281767,0.1625636,0.36360353,0.09237644,-0.24167958,0.027578494,0.35026294,0.04309909,0.18639022,0.15395801,0.049488008,-0.0060947216,-0.44909123,-0.041228913,-0.3124029,0.27050966,-0.2692805,-0.24044485,-0.43190798,0.032059588,0.22562614,-0.12370609,0.04076831,0.22055234,0.0490641,-0.2567979,0.010527895,0.14490366,-0.0996266,-0.03819785,-0.1511608,0.38982058,0.14568502,-0.11533582,-0.117115945,0.12634085,0.014202041,0.11554748,-0.02655082,-0.2586571,0.34687382,0.3387878,-0.031725757,0.07447392,0.15552983,0.090209335,0.34897223,0.12947941,0.12064005,0.27628216,0.15442133,-0.14681262,0.097593814,-0.19317362,0.6588509,0.48698068,0.28347695,0.15997611,-0.20691665,0.13240755,-0.062188555,-0.4224188,0.10123847,-0.021204408,0.03801339,0.2660506,0.11342881,0.25327012,0.3307234,-0.1612138,-0.26468557,0.10000387,0.030107265,-0.113071844,0.37422532,-0.10494907,-0.03080413,-0.3285156,0.017771972,-0.088589296,-0.2084355,0.43478087,0.1183811,0.023446634,-0.087432295,-0.115583986
-0.037255768,-0.034318082,0.24181668,-0.03208289,-0.09512955,-0.013867476,0.090637624,0.09781087,0.16573457,0.056543868,0.39715093,-0.17132325,-0.080188215,-0.03940442,0.12547109,0.19026448,0.104714364,0.46504763,0.37923062,-0.24927795,0.12515663,0.3943517,0.24191554,0.1237714,0.09008605,0.2105882,-0.23735915,0.059713062,0.32071272,0.13484532,-0.005159759,0.1674313,-0.051850706,0.22467215,0.4124808,-0.094895646,0.34775195,-0.15347487,-0.12904584,-0.11729346,0.07746915,-0.13879666,-0.18200445,-0.17742111,0.12436051,-0.10181717,0.35636172,0.18892404,0.24557526,-0.14346707,-0.5117488,-0.086949736,0.5013205,-0.13321857,0.25216258,-0.08406424,-0.18748362,-0.4770432,-0.123531155,-0.0609751,-0.227829,-0.21430881,0.16992912,-0.23403768,-0.14244182,0.48875034,0.14734967,0.3146082,0.09152687,0.16409191,-0.41036826,0.023687113,-0.15880173,-0.11419081,0.24173445,-0.17886682,0.012336873,-0.15049538,-0.20575035,-0.047630936,0.55020696,-0.04482213,0.12238154,-0.12677911,-0.07924088,0.14728512,-0.0230871,-0.07067375,0.2682546,-0.19801342,0.19861993,0.20501289,-0.3872686,0.17927396,-0.12083151,-0.038669292,-0.035151508,-0.06944689,0.15050663,0.1915552,0.17420189,-0.009457124,0.022356292,0.3487662,0.13591479,-0.20403734,0.31183174,0.12923235,-0.06655718,0.08142855,0.1981744,0.19438627,0.46020716,-0.09328907,-0.20558827,0.34317803,0.20003507,0.023254488,0.03250023,0.005166551,0.011510183,-0.10331866,-0.09287433,-0.029544627,-0.07236127,-0.13970135,-0.22708325,0.24684218,-0.03956727,-0.14107347,-0.27057973,0.20319976,0.13776916,-0.01821209,-0.0080054775,-0.22405902,0.23759554,-0.13213593,0.1622187,0.05875878,0.06864126,-0.10471112,0.28189525,0.22926143,0.0825177,-0.10244161,0.30982974,-0.17821108,-0.11058164,0.06626274,-0.28110096,0.49944875,0.30899623,0.10603445,0.08394222,-0.0022988243,-0.18022448,0.18425447,0.1679383,-0.32573038
-0.13145745,-0.082322724,0.13943,0.08747568,-0.0049523115,-0.13492963,0.11073438,0.24115291,0.68312573,0.017470893,-0.15210962,0.16048637,0.23568162,0.22394203,0.1500686,-0.34083328,-0.07169597,0.2669108,-0.28704643,-0.102890946,-0.16400665,-0.11019129,-0.25691912,0.23167257,0.13298647,-0.19639532,-0.018435197,0.15637726,-0.23817189,0.014353494,0.16817315,0.024287814,-0.17511053,0.39992648,-0.072695225,-0.1862366,-0.032600414,0.073445305,-0.15243377,0.33098757,-0.34920037,0.1674486,0.07268561,0.06386877,0.017286213,0.09134818,0.4830304,-0.17096068,-0.18909521,0.12199335,0.14596228,0.008546398,0.11437995,0.13941596,-0.04705545,0.24497181,-0.26454365,0.09062749,-0.111476615,-0.24378906,-0.091211565,0.1536216,-0.13172023,-0.23358966,0.09055241,-0.13001962,0.048865374,-0.068762176,-0.11067177,-0.124321595,-0.008457768,0.33381316,0.12733202,0.16823423,-0.054350853,0.033733554,-0.13257892,0.14271723,-0.36604586,0.5705374,0.28948504,-0.15597038,0.026556902,0.08911238,-0.1584243,0.08064317,-0.09508378,0.18564783,0.004668347,-0.07165215,0.078546986,-0.02102928,-0.13259706,-0.0871402,0.2958929,0.2053988,0.05384999,-0.03470773,0.017877785,-0.06852518,0.36092094,0.059659142,0.19630021,-0.12672979,0.2896035,0.31057653,-0.3232673,-0.22697634,-0.23786579,-0.07527616,0.09665718,0.004147025,-0.0062380075,0.057743195,0.026863605,-0.23018071,-0.06891352,0.11325317,0.14381287,-0.12689747,0.14933625,-0.009937324,-0.36726582,-0.39272076,-0.068429545,-0.13142133,0.12365786,0.13969472,0.21907687,-0.17926729,0.054756764,0.24121955,-0.03839804,-0.029380742,-0.3704972,-0.14418794,0.20299676,0.2301976,0.25111803,-0.2926238,-0.26906374,0.342582,0.3146168,-0.08562713,-0.36637342,0.052050106,0.20455128,-0.17038202,0.3322431,0.16404514,0.17920388,-0.30507338,0.18882003,-0.3685841,-0.29275462,0.031385295,0.04131627,-0.07190501,0.1600817,-0.5878615
-0.4226906,0.0021437372,0.04140778,0.47213864,0.011829993,0.15537906,-0.025646491,0.046613917,-0.052523263,0.30060363,0.18638606,0.085966095,0.2637745,-0.41686746,0.056647062,0.40888163,0.0035495341,0.058561686,0.27000952,-0.16840862,0.049939785,0.04377439,0.34108058,0.11318011,-0.4973874,-0.14796257,-0.0005575218,-0.087422475,0.22551459,-0.0063490267,-0.06140913,-0.21633448,0.20249121,-0.17186548,0.092842065,0.5621478,0.22689544,0.107835226,0.20329712,0.17678206,0.115325406,0.09563624,0.09155127,0.7108029,-0.08968797,0.13267118,-0.41333938,0.088951886,0.4014193,0.3538747,-0.29079252,-0.05471873,0.04949686,-0.17145394,-0.053575397,-0.4491638,0.028070204,0.18629296,-0.076610036,-0.064195134,0.13717887,-0.05108426,0.10223609,0.14424793,0.15342276,0.21063748,-0.12679447,0.044041175,0.009361267,0.08552257,-0.20263709,-0.23041165,-0.24513745,0.3089143,-0.056614477,-0.036862556,-0.057670888,0.15244782,0.4527494,-0.08033859,-0.02777677,0.15107545,-0.06858408,0.37891528,0.042633727,-0.058829762,0.16711055,0.061702225,0.6339696,-0.1156952,0.10737583,0.10215472,0.4389076,-0.0775639,0.4712888,0.2820456,-0.1710472,0.035858978,0.38484612,-0.3040185,0.16349335,0.21767707,0.096550815,-0.19856758,0.15071379,0.0140767135,0.20632775,-0.25949392,-0.003123087,-0.080550306,0.010702938,0.14094192,-0.3093936,0.38978887,0.10739899,0.39893013,0.12668917,-0.08562374,0.03875353,0.06290503,-0.0717698,-0.082361355,0.03662317,0.27096605,-0.07949909,-0.17200854,-0.22790071,0.23509029,0.2260124,-0.15275571,-0.12664297,-0.045338597,-0.1912936,0.10099172,0.0068160063,0.13907498,-0.27573892,-0.10541119,-0.15656102,0.031893276,0.20481938,0.09893971,0.1340361,-0.04774843,0.11435481,-0.18931514,0.23578411,0.08474078,0.003049402,-0.14657778,0.21547462,0.32056797,-0.28270352,0.22536103,0.17387669,0.056526255,-0.24837416,-0.091485545,0.16437727,0.10833629
0.01550811,0.024460752,-0.1607691,-0.091371,-0.051100735,0.0025981965,-0.49513832,-0.091831975,0.23056643,0.11226078,-0.04641173,0.30428785,0.054447368,0.0051231626,0.04804699,-0.38125986,0.014544624,-0.24145743,0.21943837,0.26047814,0.14802289,-0.088130616,0.30616122,-0.11720721,-0.45939615,0.1366726,0.31665057,-0.018999446,0.3488084,-0.028833628,-0.2526485,-0.16910358,0.079964764,-0.29285938,-0.2817059,0.035806455,0.18253064,-0.117816985,0.26980639,-0.2506822,0.39593038,0.0014652008,0.57856965,0.15088303,0.13864195,0.015594864,-0.06515027,0.19023101,0.23834497,0.029526591,-0.14215493,-0.051927157,-0.15496598,-0.21832937,-0.73532045,-0.22477427,-0.07524194,0.5472756,-0.03608931,0.4228258,0.2318016,0.107125714,0.12777144,0.3993939,0.038417708,0.4699132,-0.34334454,-0.1643222,-0.042843066,-0.15428998,-0.11747605,-0.48361036,-0.26357034,0.13028577,-0.23709314,-0.06014175,-0.11025882,-0.11921086,0.38445058,-0.41789767,0.55882096,0.037232336,-0.23410986,-0.4228818,-0.031777244,0.04608312,0.39662406,-0.4127417,0.03745438,0.48064864,0.23286451,0.023450322,0.41984266,-0.06743248,-0.2650989,-0.121562265,-0.4224537,0.9140785,-0.030559793,0.4788134,0.02180459,-0.1938317,0.054534912,-0.38926712,-0.15492027,-0.023314632,-0.111683205,-0.17429827,0.030929176,-0.16302234,-0.24972162,-0.36165336,-0.57613635,-0.03982856,0.4020089,0.28422734,-0.22772737,-0.047092345,0.44089752,-0.2716674,-0.4449233,-0.05237596,0.0808305,0.06856617,-0.16812539,0.03543801,-0.35566452,-0.43876317,-0.26836652,0.11806905,0.107758775,0.10505955,-0.314037,-0.43034837,-0.019612161,0.37417954,-0.39910966,0.8458885,0.4763357,0.18513991,-0.1478383,0.082959734,-0.11760719,0.04455041,-0.14444211,0.19869892,0.14113787,-0.21946537,0.114489995,0.14548811,-0.048030864,-0.2717742,0.21821955,0.44424266,0.27092555,-0.27422065,0.5019294,-0.08707283,0.026222264,0.091469415
0.0629688,-0.017873153,-0.2195925,-0.12571096,0.012559803,0.11594686,0.17629917,0.1365942,-0.09509424,0.0024948146,0.26480287,0.09996401,0.4589313,0.20925747,0.31172836,-0.3097578,0.09919007,-0.39757678,-0.13527606,-0.07033694,-0.31686214,-0.29727057,-0.23317122,0.012154112,0.2179385,-0.2155506,-0.03666612,-0.029138874,0.030808106,0.07999611,0.177805,0.31929088,0.3431502,0.048559196,0.12784377,-0.2868907,0.009138723,-0.08366781,-0.112935916,0.41619456,-0.17884776,0.08766703,0.03614711,-0.42061758,-0.12227361,-0.09884934,-0.06932077,-0.036767773,-0.15906127,0.117085524,-0.37356043,-0.29995358,0.014776092,0.2763969,0.36375093,-0.0766331,0.2714457,0.029257681,-0.21619904,0.10176,-0.11070566,0.21942526,0.03175503,-0.18765245,0.13863903,-0.2933115,0.15444921,-0.044494964,-0.20293662,0.03975835,0.121455304,0.11012225,0.14007357,0.27162075,0.054301932,-0.066686295,-0.08723645,0.04782963,-0.2561364,0.29365018,-0.27608398,0.10838852,-0.39734453,-0.40025347,0.01864897,0.16538712,0.6225008,0.044596195,-0.13697058,-0.058646303,0.09618149,0.1664917,0.3250201,0.05954801,-0.08018416,0.34404963,0.31400266,-0.25874075,-0.15815015,0.34828973,-0.23709393,-0.35462528,0.12407244,0.06194957,0.4348007,0.17838506,0.2541063,-0.010186764,-0.10306943,0.03214771,0.056654397,-0.17197403,0.21423683,0.1940746,0.050620127,-0.39763537,0.04503285,0.1453381,0.31546682,0.24294204,-0.18043874,0.04226592,-0.23165853,-0.45790145,0.104194306,-0.095862746,-0.23120645,0.039024677,-0.32111803,0.18783547,0.031556938,0.048697613,-0.021179324,-0.02716486,-0.020640291,0.83994454,0.14066261,0.33078444,0.12151095,-0.0034100527,0.0014908852,0.2189031,0.06456622,0.06454297,-0.13111319,0.091521956,-0.12506087,0.12972364,0.012760621,-0.0028327028,-0.032941252,-0.20602658,0.040496595,-0.116305605,0.26621604,-0.21501088,0.028122948,0.00750304,-0.15266325,0.047299713
0.43770805,-0.056153495,0.14508109,0.23392877,-0.029368833,0.08022264,-0.20855774,0.035190627,0.16417429,0.16147763,0.18131785,0.07805428,0.4864682,0.07412112,-0.013794811,-0.3325031,-0.8195578,0.11576514,0.114145495,-0.017673837,-0.28709495,-0.23925267,-0.23046532,-0.29278204,0.09803972,0.1975525,0.21259551,0.24519846,0.09660589,0.036789857,0.5118892,0.06319375,0.034072764,-0.041352373,-0.23067681,0.10686308,-0.69860834,-0.122049615,0.1601637,0.20401111,-0.08708228,-0.15106021,-0.43301204,0.5993233,-0.13995917,0.052829184,0.15128222,-0.8656861,0.12563825,0.25490248,0.34009328,0.10273877,-0.38568944,0.23863468,0.08030432,-0.20006454,-0.19142462,0.43147713,0.34069893,0.0685478,0.27144265,0.24597508,-0.07906322,-0.1264444,0.06422377,-0.21062653,-0.29525164,0.18380246,-0.2622828,-0.014860269,0.1388704,0.21370251,0.43961105,0.22116612,-0.20891841,-0.12583984,0.038173914,0.07530883,-0.91624045,0.30684224,-0.42793718,-0.056813616,0.20290917,-0.33844513,-0.17214958,-0.10269498,-0.22526349,0.15749145,-0.16051796,0.47572982,0.130891,0.17138717,0.110298626,0.04886038,0.14415297,-0.66303664,-0.32000625,0.19180854,0.35557166,-0.040258147,0.07942177,0.15576506,-0.1569095,-0.18730427,0.21921597,0.22701877,0.07302493,0.13918221,0.23500401,0.12535372,0.03188931,-0.44864503,-0.25696018,-0.09944193,-0.00034188532,-0.060073808,-0.2944588,-0.12046147,0.21088655,0.06392714,0.12693417,-0.10486137,-0.04125926,-0.06515134,-0.024558809,0.021707358,0.0140870325,-0.470635,0.5337834,0.43332535,0.13604172,0.23159152,-0.24949694,-0.046083137,0.14808618,-1.0011505,-0.3842706,-0.10603621,-0.058066204,-0.17849916,0.20197512,0.041674487,0.4297452,-0.3403381,-0.17708163,-0.046982884,-0.068060435,0.1873989,-0.10349935,-0.103785,0.12325781,-0.5614002,-0.1477087,-0.04140861,-0.005565481,0.11188345,0.49350354,0.026993513,-0.1444616,-0.29712158
-0.11486958,-0.096349396,-0.1572046,0.28561902,0.12269132,-0.02146828,0.13394064,-9.943175e-05,-0.2553267,0.56908953,-0.19530621,-0.18043973,-0.16976188,0.07581599,0.3152556,0.3568455,0.3164598,0.2969488,-0.21117018,-0.65927744,-0.233956,-0.3092078,-0.21536791,-0.13590112,0.30594558,0.3691436,0.027924802,-0.12861386,-0.26662242,0.06976289,-0.28942072,0.11449891,-0.35832226,0.3440016,0.022290263,-0.2325661,-0.30874473,0.019943982,0.12437873,-0.04974313,-0.36808372,-0.15035515,-0.13885026,-0.31434143,-0.13063549,-0.014374482,0.2522666,-0.02730062,-0.108869076,0.18868923,0.51819336,0.2918206,0.58796865,0.22097608,0.1487349,0.4485972,-0.29430336,-0.29802465,-0.08935014,-0.37410128,0.044809453,-0.041536227,-0.1886292,0.088396266,-0.5125092,-0.76106095,-0.2131415,0.2811764,-0.27030173,-0.13311882,0.44705456,0.19218189,0.12044781,0.2772706,0.32190588,-0.15951683,-0.27925107,0.06738255,-0.0941674,0.20886686,0.16701433,0.015562532,0.2341131,0.30098146,-0.07824948,-0.13793713,-0.027999656,-0.08836101,0.12637638,-0.010184763,0.055369314,-0.32438472,0.12397605,-0.29192582,0.07490431,-0.2594146,0.30328557,0.17511547,-0.48059785,-0.30857188,0.06329696,-0.005098687,-0.10468755,0.33244854,-0.04640665,0.17587261,-0.23360047,0.10904968,0.17709938,0.03574951,-0.0032991124,-0.22039764,0.11248402,0.2617015,-0.17176872,-0.064397,-0.09370396,0.15442602,0.19746146,0.5610116,0.22085527,0.15043297,0.09815017,0.16209345,0.121549,0.0490449,0.22559327,-0.028591411,0.44338545,-0.25179982,0.3041609,0.1946434,0.29317752,-0.26541826,-0.6485075,0.00475764,-0.10849865,-0.1355647,-0.11016351,0.02800328,0.22260328,-0.14828266,-0.004629432,-0.09999934,0.17575684,0.030255027,0.12901545,-0.18498334,-0.11976243,-0.015455882,0.24432285,-0.54382974,0.1867525,0.009357266,0.028425075,0.021426447,-0.17544484,0.10637672,0.00975879,-0.0577398
0.094826646,0.032453395,0.052262917,-0.15895857,-0.13155028,-0.15788354,-0.8168205,-0.3670021,0.20983915,-0.39120466,0.35446748,-0.06778627,-0.2511547,-0.27714214,-0.37415928,0.39734286,0.14449391,0.09278233,0.030940074,0.16170256,0.02637959,-0.0852183,-0.16447954,0.3509877,-0.18433584,0.32047918,-0.24702221,-0.027724463,0.37656307,0.0035963852,-0.08580189,-0.36923957,0.18666291,-0.038122777,-0.049495716,0.03739045,0.31029987,0.12104878,0.4546059,0.16613953,0.59840775,-0.17562734,0.32691303,-0.5862799,-0.10410146,0.13777545,-0.07391884,-0.12632006,-0.46654946,0.19990693,-0.20189515,0.042174824,-0.25988105,0.11297746,-0.11193089,0.0252242,0.2141834,-0.07291533,0.29356384,0.114441395,0.13514392,-0.093104385,-0.043034993,0.085688666,0.17567188,0.30165988,-0.2515787,0.2677524,0.27788863,0.10517751,-0.34735763,-0.3763616,0.041260965,0.010699868,-0.069481194,0.064039886,0.10079605,-0.16767229,0.2349639,-0.465146,-0.08973894,0.10026278,0.2335652,-0.0037267543,0.018524421,0.07911771,-0.043521035,-0.7307782,0.10403975,0.01312238,-0.53812426,-0.45638305,0.11003866,-0.22933842,0.040021427,-0.09754654,-0.24664806,0.29509798,-0.1766099,0.32407922,0.13115107,0.31960735,-0.017756015,0.3344412,-0.6014747,0.1103305,-0.6538898,0.01190583,0.23276052,0.052376892,-0.012739043,-0.1688136,-0.22342646,0.44813552,0.23935847,0.22720338,0.18179296,-0.042139985,0.27304846,0.06532067,-0.2675408,0.16334382,0.02754703,-0.24484266,-0.07930293,-0.15928985,0.040727977,-0.54047686,0.21439765,0.051956184,-0.58595186,-0.312323,0.2133256,-0.4347563,-0.09326923,-0.15373193,-0.030187957,-0.17747483,-0.1305968,0.47432378,0.24857691,-0.14655627,0.13755617,-0.064013466,0.09352682,0.3488596,-0.16696359,0.009027223,0.21199988,0.06540484,-0.26369154,-0.28109854,0.13322364,0.07555455,0.011901375,-0.0067607197,0.33650282,-0.15465204,0.49273068,-0.19428411
0.026714386,0.036664017,-0.11368915,0.47915077,-0.00405359,-0.07046687,-0.40337095,-0.3105851,0.31277588,-0.02399264,-0.0096868565,-0.26242477,-0.020786664,0.28097537,-0.2556346,0.30497324,0.015204966,0.01829176,0.06557226,0.003668534,-0.09941991,0.1256194,-0.096990064,0.01506662,0.1579283,0.13063239,-0.3323003,0.022236822,-0.16902392,0.037324097,0.09071616,-0.52733326,-0.06454213,-0.087826364,0.22130404,-0.11806284,0.14146884,-0.13225722,-0.121552005,-0.29055038,0.012646923,0.04214076,-0.048299264,0.09656693,0.025593406,0.09720365,-0.32779124,-0.0035264464,-0.20461804,-0.2678087,0.37833187,-0.25353357,0.2939846,-0.22631833,-0.22327569,0.23063171,-0.18874514,-0.24001314,0.061377592,0.13879937,-0.049226653,0.29705888,-0.14414942,0.052320544,-0.10875347,0.25052905,-0.20077786,-0.08065583,0.06001253,-0.030177744,-0.13133208,-0.045352243,0.090900905,0.04639062,-0.0001636644,-0.16976437,-0.253258,-0.09380258,0.065915294,0.051960234,0.028598163,-0.15170732,0.19026157,-0.037336603,-0.03290238,0.1294495,0.036726143,-0.013880879,-0.2339827,-0.110176004,0.48646966,-0.024182633,0.24906458,-0.10470759,-0.46290472,0.17450015,-0.29246232,0.06433684,0.0428215,0.26342466,0.033820767,0.32619914,-0.28674418,-0.2867413,-0.24975665,-0.18844974,-0.346835,0.2569474,0.16044076,-0.024254495,0.39981422,0.049300328,0.17096919,0.14808066,0.08734891,0.14274316,-0.19334841,0.03215129,-0.36992177,0.15815367,0.121461846,0.15760837,-0.25927255,0.09002909,0.106964126,-0.030677525,-0.28368762,0.30548427,0.15800467,-0.14469755,0.19581617,0.1050832,0.25088683,-0.19462089,-0.29519755,0.18833898,-0.11941096,0.054775704,0.20159948,-0.044174675,0.16579942,0.076813124,0.049188398,-0.2614001,-0.1090309,0.46311253,0.08505277,0.14550102,-0.0495141,-0.045704123,0.019227171,0.22854407,0.19762701,-0.33426926,-0.107241586,0.10596165,-0.28105643,0.13808575,-0.3512204,0.19430189
-0.0066874875,-0.039634638,0.17490594,0.06488011,0.14358324,0.0035604953,0.14617792,0.09747092,0.050849218,0.29539883,-0.044272818,0.13764144,-0.21495089,-0.14832988,0.41842252,-0.078611724,0.26393706,0.043380257,-0.01100152,-0.21840386,-0.019115755,-0.026935559,0.16622068,-0.11430339,0.23836201,0.75037616,0.20905729,0.4043691,-0.23097172,-0.16840504,0.097727746,0.009504014,-0.16970326,0.13891205,0.2544265,0.08810272,-0.19513857,-0.036508713,-0.3349026,-0.40137848,-0.5565582,-0.07191283,-0.04571876,0.11119089,-0.06637641,0.10776194,-0.19679686,-0.49231687,-0.32243213,0.22732823,-0.19507624,-0.14394906,-0.2999657,-0.115820825,-0.13537005,-0.10032089,0.12966417,0.2669061,0.17575812,-0.043769743,-0.06241892,0.23704885,0.10697854,-0.4372397,0.28863674,0.13199611,-0.12934949,-0.14533466,0.034619316,0.08085165,0.12641637,-0.121996544,0.1689117,-0.050402693,-0.05579567,-0.2696767,0.14507832,-0.01997646,0.20736112,0.08612039,0.33439365,0.08907886,0.13758089,0.09357823,-0.058907215,0.0008937424,0.16738981,0.01232249,-0.35882863,0.14408278,0.073045604,0.21987869,0.028800154,-0.08280615,-0.21399038,-0.22681995,-0.27225697,0.103646874,0.17334577,-0.15443169,0.38173333,-0.14009981,0.07735241,0.15573,0.04810917,-0.0258392,0.11460444,0.60007817,0.3023293,0.033028163,0.2008225,0.025885021,0.011853712,0.36394486,0.13897525,-0.032017227,0.06909067,-0.033140834,-0.05659626,0.44932562,0.25942793,0.020616246,-0.12436727,-0.2122482,-0.056733605,-0.064121895,0.5171515,-0.11066033,0.07965966,0.3147918,-0.04493875,0.30439004,0.122847654,-0.07271487,-0.27806538,0.095196836,-0.06438913,0.15417661,0.21449688,-0.16237958,0.20090105,0.13227199,0.14292288,0.28985354,-0.21039936,-0.03681899,0.22835205,-0.43176234,0.05771234,0.104980215,0.41256514,0.09060278,0.15881315,0.076807365,-0.010824685,-0.05174122,0.40932795,0.09013556,0.18036532,0.020903029
-0.4452096,-0.16388366,-0.28625968,-0.09239748,0.06701544,-0.11446529,0.08469824,0.012647385,-0.22045244,-0.13382587,-0.18823141,0.034090802,0.095495686,0.01946722,0.44766918,-0.06483325,-0.0058213486,-0.10754193,-0.17892462,-0.5722807,-0.5041112,-0.26630548,-0.027329506,0.17046417,0.24729234,-0.24611452,-0.14934532,0.14662603,0.50704014,-0.1271934,0.034422137,0.46211725,-0.12524827,0.00657938,-0.03501297,-0.097465955,-0.021268338,0.032393776,0.113441385,0.2917579,-0.26524156,0.08308941,0.08542788,0.08111881,-0.14033891,-0.055314247,0.07580245,0.28872025,-0.14568548,-0.20001352,-0.16438435,0.1939413,0.08605212,-0.19045828,0.41621524,0.027217874,0.1567819,-0.14408793,-0.21889769,-0.4788118,-0.04251204,0.5000407,0.04636887,-0.10761138,0.3973794,-0.20819065,-0.37213787,0.05610477,0.20337394,0.15928619,-0.13060309,-0.23692305,-0.14078532,-0.06968071,-0.25548765,-0.034287564,-0.18957487,0.11122237,0.14924473,0.0004931907,0.6367043,-0.16939546,-0.09898116,-0.18345782,-0.09561069,-0.046794333,-0.041840322,0.13639769,-0.25582674,-0.29879874,0.009889217,-0.3889871,-0.49648932,-0.17047824,-0.104374,0.3219289,0.21727936,-0.14946447,-0.0022135603,0.071101286,0.078395925,0.020414652,-0.20012988,0.017542602,0.369026,0.07298936,0.3827033,-0.504622,-0.5326257,-0.10639601,-0.8042963,0.36162612,0.36147708,0.16202255,-0.3327406,0.1361875,0.0917189,-0.031642295,0.08890664,0.42170906,0.34972927,-0.15941384,-0.37513,-0.0709203,0.049911585,0.15657593,-0.12760958,0.43343636,0.2925904,-0.19191402,0.19441892,0.12583908,-0.018023264,-0.37785605,-0.1371182,0.1259742,0.11656856,-0.31898823,-0.11410118,0.060519,0.36682326,0.04508075,-0.10491578,-0.1757936,-0.22403662,-0.01682574,0.45955542,0.026445732,0.07568867,0.13432343,0.12403536,0.24927233,-0.063091435,-0.24590464,-0.2715482,-0.15313931,-0.67938435,0.0062599364,-0.21849366,0.020964047
0.24121252,0.14323273,0.2894445,-0.10106414,-0.1421847,0.15710147,-0.10863643,-0.19534016,0.20636858,-0.14444737,0.19664367,0.035873543,-0.6507556,-0.015693357,0.10996545,0.46890503,0.047851108,-0.15988941,0.06224983,0.3134144,0.254903,0.2685678,0.10237419,0.16523124,-0.12768948,0.546843,-0.1800674,-0.21839963,-0.020453185,-0.15278186,-0.26912114,-0.32173678,0.1704268,-0.19969624,0.18744045,0.03965435,0.195707,-0.13301565,0.33543724,-0.22893937,0.24940427,-0.1536613,0.1602608,-0.5399035,-0.08796032,0.15726857,0.15821023,-0.45528704,-0.18224724,-0.17983872,0.3032496,0.17104028,-0.14102171,0.19683577,-0.09711939,-0.19704929,0.07957175,0.08447368,0.15932539,0.03116957,-0.05669178,-0.10532307,0.009927246,-0.118489295,-0.22423197,0.1321404,-0.055817228,-0.17217442,0.5304872,0.06439801,0.22836131,-0.27199775,-0.09094712,-0.34542882,-0.1128712,-0.23494862,0.0742034,-0.08982544,0.41299662,-0.23801437,0.008322384,-0.047500473,0.43232083,0.39786756,-0.14256242,0.08542412,0.033109426,-0.4962787,0.33077258,-0.32008117,-0.05751397,0.11203192,-0.052088823,0.19329835,-0.042055175,-0.41345012,0.024884049,-0.1759274,-0.121563874,0.26300392,0.29902062,0.0913492,-0.27765363,0.30466095,-0.12801923,-0.16780992,-0.45636043,0.06801301,0.08251312,0.094019935,0.05315626,-0.07388967,0.24730329,-0.12383219,-0.14277166,-0.028660893,0.05831145,0.002876139,-0.21567185,0.30688578,0.45259318,-0.07913254,0.4317151,-0.090281196,-0.0041476362,0.07925194,0.17211996,-0.29778567,0.4087113,-0.17688742,-0.16338633,-0.58460003,0.42441085,-0.28656936,-0.43444964,-0.2895324,0.2799314,-0.3940493,-0.38727766,0.30741975,0.025878685,-0.11849907,-0.043826308,0.38689557,-0.13639928,-0.09329693,0.054889467,0.14227456,0.06554746,-0.014036809,0.059710626,-0.071641184,-0.027219033,-0.05947216,-0.14096174,0.053157855,0.2994506,0.14440842,0.18662307,-0.05950332
-0.28082538,0.07576064,-0.061330505,-0.37004384,0.1315421,-0.15218253,0.24768406,-0.048753873,-0.054678045,0.015906455,-0.08833501,-0.08646835,-0.028362505,-0.19016199,0.24068394,0.15604337,0.26482493,0.2018001,-0.045450892,-0.2735714,0.07077869,-0.18580158,0.24737671,-0.19204593,-0.025496729,-0.22744612,0.36809093,0.19924921,0.30327,-0.026179936,0.031691983,0.41693968,-0.23220634,-0.13042676,-0.17392775,0.14321779,0.057812788,0.11990994,0.052624222,0.056894917,-0.39131656,-0.08077885,0.46158865,0.3380366,-0.040119648,-0.072810404,0.21180706,0.21275635,0.37703085,-0.4520625,-0.15607397,0.18599094,0.21708754,-0.0035449294,-0.17709377,-0.066769585,0.035540048,-0.086471274,-0.01622818,0.011725778,0.4088863,0.33487296,0.19478051,0.21315396,0.012822799,0.25862366,0.0010111574,-0.2200289,0.08685835,-0.04819908,0.2396014,-0.31182826,-0.45213977,0.38387865,-0.19686273,-0.30323255,-0.05957818,0.08951652,0.07301708,-0.26411107,0.81220084,-0.13605621,-0.1849372,0.18733925,0.0029612165,0.08240179,-0.2358206,-0.1330807,0.37153867,0.16087036,0.016739992,0.16959198,0.0035732053,-0.14832449,0.1677215,-0.24763685,0.0075261043,0.043851182,-0.048208565,0.28265804,0.31066123,-0.22855507,-0.1447704,0.0672976,-0.20728831,-0.36592242,0.0969718,-0.05451494,0.20127715,0.072968066,0.19532557,-0.25316122,0.12814079,-0.5757393,0.03133192,0.09775602,0.18344419,-0.0311775,0.16226412,-0.10479871,0.20360844,0.12582248,0.17095947,0.021718608,-0.14128916,-0.15144715,-0.19987623,-0.15894452,0.40289822,0.5712499,0.03104372,0.24131379,-0.21059777,-0.059850685,-0.028719645,0.085094616,-0.068026684,0.29251692,0.24648398,0.06792685,-0.3009792,-0.1540524,0.0016559478,0.21987996,0.18548179,-0.27960476,-0.028685492,-0.5883861,0.14891548,-0.07112565,0.35781527,-0.058992293,0.33644417,0.33547816,0.054431666,-0.40903088,-0.057117127,-0.126048,-0.012849717,-0.040819447
0.4617124,0.101017594,0.22980124,-0.08325741,0.015124756,0.010911563,0.09668148,-0.6772675,0.051653337,-0.03300152,0.45800075,-0.063295566,-0.09146069,-0.07448091,-0.8026276,0.038831037,0.10392906,0.3152767,-0.05088793,0.5026413,0.34470728,0.031228451,0.020854253,0.23794262,-0.29273915,0.29106528,-0.50024104,-0.33291876,-0.17119579,-0.070114344,-0.16339107,-0.6390062,0.07132352,-0.15305096,-0.0340856,-0.38518476,0.27128744,-0.03487454,0.19567207,0.13002056,0.88030285,-0.11039741,0.04953738,-0.30750996,-0.11456189,0.13133754,-0.12712257,-0.28075302,0.07462817,0.15053923,0.08629928,0.022700418,-0.16232702,0.19909897,-0.2957492,0.013163051,0.340125,-0.25319394,0.0821818,0.1366006,0.013786924,-0.08670017,-0.04481883,0.043882143,0.40076983,0.10273447,0.11901102,0.3068268,0.04632916,0.06973769,-0.0637006,0.10199944,0.28864858,-0.29159716,-0.18772416,0.020925535,0.23598707,0.01647335,0.26081848,0.01489005,0.2351124,-0.046667106,0.09756019,0.04853278,0.17269067,-0.08447887,-0.021627173,-0.043792523,-0.13664223,-0.02715043,-0.3185843,-0.1913281,-0.021167435,-0.33982575,-0.04136545,0.13837093,-0.16022712,-0.15387872,0.007926971,-0.14877218,0.027482627,0.34394473,-0.033609714,0.25221834,-0.11446861,0.36209726,-0.3953931,-0.076509304,0.10278124,0.019460073,0.10746545,-0.060301416,0.2813167,0.61703616,0.018230695,-0.08340829,0.053790748,0.16982344,0.18683754,-0.31543857,0.05299216,0.030603895,0.11632223,-0.16978215,-0.037908684,0.03568377,-0.071935624,-0.13536638,0.15720834,-0.30884197,-0.22844113,0.17082353,0.14802563,0.16941884,0.3638271,0.03889516,0.102995746,0.17011854,-0.10010345,0.19476965,0.067394845,0.05295095,0.24414706,-0.010158882,0.2794876,0.22011,0.24763118,0.03191295,-0.092472315,-0.14268844,-0.09881756,-0.027199328,0.037900276,0.108936034,-0.11959612,-0.03130773,0.13574316,-0.12477967,0.08787904,-0.311519
0.51250225,-0.026504936,0.045511182,-0.40041962,-0.07089269,0.032794263,0.19468105,0.2514755,-0.2883326,0.1681506,0.19461754,-0.16180666,0.16169375,-0.22560298,-0.32522404,-0.3754533,-0.11468597,-0.15174237,0.26775697,0.4389807,-0.2074111,0.19940867,-0.111906596,-0.3684717,0.21175362,-0.06351292,-0.037789844,-0.00017117463,0.25225666,0.11156341,0.028667357,-0.0885982,-0.04838022,-0.20769937,0.27234295,-0.018077685,-0.28424543,-0.021772126,-0.10728528,-0.05274575,0.10410315,0.12783316,0.14529337,0.047391832,0.108870834,-0.05990181,-0.16004376,-0.19818985,0.3116054,-0.057968732,0.16942587,-0.056160085,0.32359213,0.060180087,0.014211061,0.28703338,-0.115697324,-0.055718787,-0.2473596,0.38028336,-0.0147059485,0.28239933,0.07617489,0.0060731326,-0.2963192,0.3183259,0.2330272,0.007829496,0.12922867,0.018777655,0.3959283,0.2645949,0.19370683,-0.24056686,0.27436158,-0.17237157,0.0679256,-0.042343132,0.016482396,0.32300463,0.63003343,0.15816173,-0.20933768,0.15655616,-0.0075644115,-0.077300444,0.37209162,-0.06908744,-0.06391392,-0.100583546,-0.079752,0.05366804,0.2687301,0.009272122,-0.2210077,0.033051647,-0.36388436,0.47312498,0.2773704,0.19723926,0.11879335,-0.07568891,0.06365476,-0.4041742,0.000711641,-0.1659241,-0.095028505,0.25234884,0.00497777,0.14593644,0.5164073,0.010859596,-0.39508823,-0.26262137,0.08776941,-0.26243633,-0.47687125,-0.08280341,0.022448137,0.22515789,-0.09313498,-0.18090573,-0.29448837,-0.14753705,-0.040592622,0.1550401,-0.13132899,-0.17567682,-0.5147087,-0.31105924,-0.09470956,-0.005264722,-0.52896285,0.015294206,-0.021576183,0.41066375,-0.09606725,0.4713663,0.25419125,0.34104046,-0.26282123,0.05258608,0.09600007,0.40708286,-0.054208655,0.014933143,0.13166215,-0.091293,0.17626475,0.17391497,-0.4453446,0.03359117,-0.020684734,-0.022236714,0.13786937,0.013672268,0.31663898,-0.006814806,-0.089328624,0.06405883
-0.16612692,0.08981386,0.08089074,0.1760853,0.0289955,0.019624474,0.21480061,0.255293,0.25691107,0.16974583,0.23925762,-0.067430496,0.14095917,0.16094957,0.17204326,-0.03022652,0.22078542,0.13071895,-0.009626317,-0.41294006,0.10659309,-0.28455183,0.11725411,0.18195876,-0.13579288,0.23846525,0.00430451,-0.015178596,0.27116084,-0.043884195,0.30518594,-0.15166238,0.11829874,0.19808051,-0.032213036,0.029337978,0.11161637,0.100923575,-0.023820167,0.34222707,0.1075171,0.024899408,0.43188918,0.3535416,0.02142761,-0.0957641,0.38064986,0.07138685,0.16366269,0.5261428,-0.2889498,-0.04935525,0.1549757,0.18940616,0.39531714,0.10337487,-0.29581925,-0.05599067,-0.06459474,0.10405479,-0.024286915,0.33539516,0.16999081,0.0031945854,0.16506438,0.13576724,0.17138557,0.06806333,0.24764772,0.058136843,-0.07709667,-0.055795856,-0.102213524,0.11185471,-0.04986,0.18889,0.095922336,0.14959623,-0.17019676,0.4498055,0.22395316,-0.096212134,-0.09418869,0.1022674,0.09668458,-0.1477664,0.21034978,0.31479144,0.16703644,0.107984334,0.26943207,-0.12174088,-0.2100915,-0.06708747,0.10719356,0.46885648,-0.11022398,-0.06757427,0.2623713,0.1633362,0.06627411,0.07825451,0.2886832,0.055384196,0.27001378,0.26219594,-0.24089736,-0.030563684,0.005411228,0.064429745,0.60192055,0.17309704,0.031459287,0.46491978,0.1564643,-0.040042907,0.18406354,-0.13795772,0.2314644,0.018988952,-0.22131452,-0.11785562,-0.2563452,-0.38437104,-0.13061757,-0.043981094,0.18414673,0.103062876,0.070374906,-0.22864366,-0.24780214,0.08138015,0.24876995,-0.17153807,-0.26600605,0.0013284293,0.12477033,0.0696371,0.15417583,-0.08371696,0.064808704,0.21719897,0.447719,-0.076148696,-0.092840366,0.16264726,0.24930447,-0.040202674,0.45140812,0.046074092,0.043545965,0.008420713,0.16046536,-0.3218367,0.009582708,0.22998154,-0.06107061,0.18043256,0.38998353,-0.3801452
0.2615068,0.08807034,0.24755727,0.39334202,0.0754849,0.076267384,0.36863485,-0.22303867,0.041985657,-0.058139678,-0.057757124,0.19674389,-0.2909779,-0.0001822548,-0.4364534,-0.020713627,-0.08045752,-0.31109592,0.046270307,0.032448553,-0.15981494,0.2626742,-0.0020196212,0.06016769,0.04394125,0.31040516,0.08498802,-0.044437584,0.025930397,0.1171075,0.15148664,-0.29172838,0.28187838,-0.040025055,0.33930242,-0.023551002,0.004501131,-0.09477163,-0.21606901,-0.30493972,0.35436642,0.035214867,-0.26956457,-0.3736877,0.120252654,0.09994724,-0.11009606,-0.018431365,-0.44120008,0.11016914,0.16781105,-0.17832866,0.27710438,-0.42575273,0.033238985,-0.109160274,0.19468328,-0.39039513,-0.33673233,0.34926683,-0.01463313,0.15034354,0.10319105,-0.39485902,-0.042324945,-0.46216172,0.13561687,0.15781651,0.02145849,-0.045872398,-0.26817784,0.052973077,-0.12175272,-0.055438496,-0.13111527,0.07128094,-0.11308878,0.16013123,-0.19989683,0.042400777,0.4271121,-0.08949227,-0.10800471,0.14838403,-0.16852218,0.09526511,0.25957367,-0.042799346,0.4353907,-0.17798457,-0.043955456,0.3153596,0.2761521,-0.0223559,-0.45576033,0.1472675,-0.16698447,-0.22002217,0.36757728,0.2899962,0.10870561,-0.34606785,0.05721803,0.15736908,0.08097648,-0.014195303,-0.06033894,0.08607937,0.046410307,0.023102855,0.6288313,-0.19386795,0.05433694,-0.026173683,0.21924412,-0.23025711,-0.28656778,0.1021166,-0.01680952,0.39222732,-0.18405253,-0.109507464,-0.32188332,0.108885944,-0.16390882,0.12391945,-0.009386524,-0.31101647,-0.41752842,-0.29601052,-0.09114258,0.058796383,0.07053159,0.059485987,0.04000012,0.23173977,-0.1848432,0.10994722,0.010772371,0.3473308,0.011810051,0.27495304,-0.073587686,-0.07516589,0.020952942,-0.15804686,-0.0918516,0.38486397,-0.20308729,0.10257803,0.22550018,0.76867974,0.3935864,-0.15023205,-0.023316143,-0.0032685213,0.05630826,0.069573395,-0.31445265,0.2239794
0.26220563,-0.066162154,0.10120991,0.17708296,-0.14318435,-0.0460789,0.27162522,0.27706382,0.22388673,0.28708762,-0.44401813,-0.23702663,0.3385852,-0.053476114,-0.22248706,0.010472471,0.205175,0.21777892,-0.08727397,0.19304755,0.10872667,0.32073966,0.105844215,0.099374816,-0.04484925,-0.074246444,0.31279334,0.11222191,0.026118342,0.10038403,-0.25329596,-0.07121359,-0.010251238,0.15378204,0.2646159,0.10735657,-0.015042411,-0.13100982,0.102198966,0.31948388,-0.2076429,-0.09436552,0.21574594,0.58646286,0.087679796,0.011958688,0.14518137,0.0655259,0.34533805,0.0027854454,0.08672543,-0.03059877,0.3854833,0.096706994,-0.18820997,-0.042071734,-0.04416714,-0.12371662,-0.18723573,0.018279176,0.24137156,0.03871062,-0.0032346493,0.3818591,0.097776294,0.2421791,-0.12249421,0.067443326,-0.21882725,-0.07768779,0.09469041,-0.019448498,-0.0025974354,0.20020118,0.28542772,0.22033063,0.102613784,-0.044912223,-0.036047738,0.14651482,0.019053197,0.06851895,0.070661366,0.34977946,0.028139524,0.14249238,0.021216234,0.3767822,0.39276338,0.21317683,0.11121923,0.20430915,0.2590378,0.039112482,0.25287274,0.262269,0.26505798,-0.12201585,-0.047398735,-0.40000057,-0.12276458,-0.21959192,0.40898904,0.07401297,0.17285721,0.26958892,0.34584874,-0.06045542,0.365578,-0.14544097,0.12978701,0.10119007,-0.1314061,-0.25163278,-0.01829925,0.114288755,0.29458734,-0.15747766,0.17714784,-0.026071727,0.11338947,0.08463355,0.068564944,0.08624401,-0.026576476,-0.15165846,-0.112531476,0.44321045,-0.29493254,-0.17857106,0.26754826,0.3065495,-0.35665753,0.44832715,0.28138036,0.084932946,0.0014579821,0.2590234,0.09390773,-0.42439938,0.17336558,-0.14092398,0.037805427,0.020563344,-0.08275022,-0.09244951,-0.33155784,-0.048541922,-0.0073644165,-0.029358258,-0.03782466,0.09209042,-0.22339705,0.17838387,0.044747837,0.20890117,0.14132059,-0.005215517,-0.1358541,-0.17845565
-0.049931508,-0.10902966,-0.059623618,-0.09464249,-0.080775686,-0.11104218,-0.039968606,0.21683727,0.0996777,0.13120477,-0.35489425,0.12224282,0.22329271,-0.08966384,0.12641001,-0.53407896,-0.034171022,-0.20300953,0.007055141,0.24049567,0.18502536,-0.36307588,-0.03188066,-0.15838525,0.08930901,0.1218858,0.159997,0.03829904,-0.31735456,0.06852843,-0.21618989,0.15038475,0.05712934,-0.26946196,0.1748992,-0.13752966,-0.29932702,0.07390248,-0.35036397,0.24846174,-0.44742647,0.06433764,0.123612724,0.26472515,-0.080524586,-0.04866085,-0.06416143,-0.27496204,-0.31865302,0.23818702,0.015245648,-0.06096706,-0.14512958,0.27087286,-0.37717032,-0.0353375,0.05910263,0.407767,-0.07224472,-0.033756323,0.14879122,0.35839206,-0.26058078,0.16110198,-0.17900799,0.23659573,-0.008446722,-0.17691268,-0.38063312,0.09593505,0.61106646,0.037117485,0.2728959,0.044561047,-0.11875318,0.29961157,0.108750954,0.12026423,-0.06539642,0.11922611,-0.33424342,-0.07410468,-0.07049811,-0.13865903,0.054153625,-0.015897822,0.25439996,0.046467014,-0.54039294,0.4553564,-0.034432188,0.003967234,0.35178748,-0.16252068,0.21460484,-0.26924813,-0.037555374,0.21762425,-0.37574723,-0.102838375,-0.2406719,-0.08089456,0.22542587,-0.22862966,-0.0037618242,0.1718521,-0.0854369,0.034037974,-0.091909625,0.115011066,0.22493133,-0.19072507,-0.39001736,-0.18928546,0.17546697,-0.20269452,0.06391768,-0.055565454,0.060584527,-0.19145557,-0.05334486,-0.08671663,0.21170756,-0.033164628,-0.11890467,-0.123496264,0.12836154,-0.32713202,-0.2620862,0.16101024,0.109243505,0.2953754,-0.23554987,0.2523576,0.0116277505,0.03014079,-0.069731966,0.5524738,0.25328022,-0.18933381,-0.30899578,0.10619496,0.17572269,0.32023168,0.031103766,0.27609676,0.051491767,-0.06116391,0.28810194,-0.1419675,0.40481728,-0.3255084,0.21397431,-0.22565821,0.21780632,-0.019193033,0.5570244,0.062325805,0.104237035,-0.027942
0.28660142,-0.08340208,0.16410974,-0.106118016,-0.03210678,-0.091557994,-0.58867687,0.14166214,0.29812112,-0.44002277,-0.3035241,-0.0013054996,-0.57521224,-0.050444826,-0.44551438,-0.15136722,-0.01233577,-0.09344403,0.10521562,0.4186715,0.118602484,0.38223305,0.06067389,0.32462165,-0.14429654,0.1403181,0.026633203,-0.45511416,0.09894325,0.14008358,-0.51496667,-0.085818,-0.11232496,-0.7143385,0.036223438,0.033511538,0.07193854,-0.01487668,0.1806965,-0.38666034,0.5535981,0.030624822,-0.040017363,-0.23341495,0.031691458,-0.13133463,-0.06367753,0.15855931,0.3852879,-0.19935565,-0.06294375,0.3116902,-0.25572905,-0.10020736,-0.14409101,-0.073417105,0.30242038,0.079673305,0.04061343,0.70308596,0.2194385,-0.6714607,-0.01972693,0.32514295,0.06112222,0.14122634,-0.18000093,0.13831012,0.2050878,-0.083368614,-0.4909652,0.21237536,-0.07053921,-0.5982206,0.40706497,0.10194476,0.15240744,-0.09777352,-0.042062584,-0.38045335,0.051308226,-0.124561585,0.44250202,-0.107081264,-0.15347709,0.11225612,-0.84909093,0.29750383,-0.07983642,0.07815046,-0.12576517,0.27582765,0.09222788,-0.021173304,0.27044386,-0.93315744,-0.23306283,0.17457797,0.15847982,-0.39495173,-0.14931808,0.19937475,-0.1589162,-0.29019314,-0.088084824,0.13052687,0.38414708,-0.07154704,0.26109633,-0.05828005,-0.30997986,0.0023964827,-0.5570809,-0.6696562,-0.20760114,0.48622307,0.004442343,-0.06225444,-0.04440008,-0.08235843,-0.35469905,0.15697117,0.12924673,0.1467043,0.04056253,-0.057862975,-0.16833207,0.21141465,-0.78359216,0.14471228,0.20130275,0.27295184,-0.47460967,0.0302487,0.39167476,-0.16197646,-0.10273819,0.16872536,-0.20838977,0.35990876,0.4151429,-0.08175739,0.11012949,-0.50782245,0.33843085,-0.16163018,-0.10251922,0.1802741,-0.17925763,-0.025466368,-0.28048542,0.15332337,-0.335012,-0.008206671,0.07812178,0.6093364,-0.022736648,0.16376983,-0.46672514,0.020084467
0.09325813,0.0038814032,-0.05994113,-0.057604168,0.051375713,0.14694911,-0.0016854614,0.08553374,0.40715823,0.11069457,-0.27870315,0.17976987,-0.025899759,-0.18265438,-0.18610747,-0.09706827,-0.19029334,0.24666926,-0.058554906,0.25438792,-0.06748598,0.122911416,0.12999412,0.08882935,0.0058317543,0.34222925,0.0045286985,0.08885505,-0.0043669227,-0.17549284,0.24218713,-0.09776547,-0.0745977,-0.31105018,0.35520175,0.19314836,-0.3831061,0.034252778,0.028062321,-0.25215173,0.5977579,-0.09391288,0.3693121,0.09580706,0.10305734,0.14575534,-0.24992105,-0.41907483,-0.016927259,-0.01759587,-0.36445892,0.038916573,0.21202384,-0.19971864,-0.26197714,0.59372467,-0.21204044,0.09635583,0.21360894,0.761183,0.316881,0.016245557,-0.082427025,-0.1073387,-0.018062877,0.25805905,-0.06819181,-0.109136865,-0.17412475,0.0075140763,-0.15988478,0.16877697,-0.061295904,-0.19654606,0.1997415,-0.021780798,-0.17286332,-0.055848323,0.09205983,-0.06255076,0.0509686,0.054804932,-0.011674384,-0.080595896,-0.101021364,-0.010654918,-0.11349691,-0.22474028,0.004452996,0.14712815,0.2065681,0.07472073,-0.28851634,0.06664138,0.1466397,-0.44179192,-0.4056802,0.3178768,0.423431,-0.0006510141,-0.002248928,-0.098956354,-0.1690754,-0.1773341,-0.22725235,-0.3358273,-0.26061654,0.19164662,0.033329688,-0.003380689,-0.12353703,0.17453922,-0.20036297,0.14860676,0.2148421,0.060943376,-0.039686628,0.025329495,0.36163506,0.30964854,-0.15737957,0.055843525,0.21415289,-0.1714226,0.10077526,0.08051422,0.037212595,-0.6115199,-0.5388916,0.076272525,-0.11062923,0.100674324,-0.32839546,0.12571336,0.3018759,0.006141323,-0.49733323,0.39722648,0.29665166,0.36497903,-0.20912181,0.20448913,-0.073535115,0.21306883,-0.016351668,0.061377075,0.17857356,-0.058996018,0.2822896,0.04454058,0.24341641,-0.13342774,-0.15252835,0.5112186,-0.050220847,-0.19196826,0.37541673,-0.1572946,0.16883664,-0.022221861
0.031305443,0.100426614,0.22369726,0.21491134,-0.15718706,-0.0054780208,0.20888293,0.21530665,-0.06911178,0.07301238,-0.10948557,-0.10450913,0.099477604,-0.38287038,0.3870389,0.44511446,-0.036779054,0.26325542,-0.029548293,-0.3821726,-0.20649292,0.3165193,-0.21391526,-0.13752525,-0.13731809,0.043692622,-0.0030220638,-0.10471716,-0.15265054,-0.10924661,-0.21190614,0.19793473,-0.42656833,0.029504774,-0.27799243,0.37984365,-0.17051542,-0.057707954,0.10893301,-0.30361646,-0.45443484,-0.05724744,-0.101841636,0.5293901,0.11909095,0.03416093,0.3672381,-0.069727354,-0.027354328,0.20764133,0.2109289,0.29372677,-0.16629723,0.040905785,-0.056025144,-0.2663881,-0.28013048,0.041170783,0.31971145,-0.41661248,-0.10091127,0.11629525,0.06463735,-0.028317071,0.19266924,-0.044398684,-0.119208865,0.15369864,-0.11904451,0.09781598,0.058242403,-0.14899941,-0.10942691,0.025881706,-0.036710568,-0.121953234,0.04826075,-0.074710846,0.37933725,0.04554725,-0.27156055,-0.04342394,0.11541331,0.43563884,-0.004490371,0.12481784,-0.4260093,0.18634237,-0.10495703,-0.005815025,-0.09715232,0.20229043,0.014752737,0.09641576,0.31832868,-0.07553022,-0.022062099,0.053118035,0.00030235064,-0.32168314,-0.0063096555,-0.07440034,0.0043421504,-0.17588884,-0.05063978,0.22498003,-0.06909749,0.16334641,0.37977463,-0.16007999,-0.053973977,-0.018912634,0.036284182,-0.029239556,0.032463335,0.09613772,0.09029872,0.041485094,-0.45799306,-0.072350696,0.29617408,-0.04029448,0.08108187,0.32995006,-0.026955767,0.083032966,0.08056601,0.35660374,0.51226586,-0.16566417,0.13226388,-0.03387262,-0.07135097,0.17248245,0.21980038,-0.78548974,0.08618879,-0.43621656,0.02746407,-0.34441853,0.19684164,-0.069016,0.11679508,-0.26988995,-0.18619956,0.03413563,-0.041552562,-0.14131306,-0.018912915,-0.15046754,0.19611138,-0.26227692,-0.31180942,0.0432762,-0.19616775,-0.053109776,0.012622416,-0.0075762304,0.26836896,0.011776597
-0.18661538,0.14610234,-0.14025575,0.047794137,-0.147971,0.08182044,-0.27298003,-0.2206916,-0.42586792,0.57342094,-0.15092072,0.07671152,0.17794733,-0.14961381,0.29086068,0.5500532,-0.11594711,-0.06717187,0.06660793,-0.42957366,0.043699473,-0.20680779,0.15230748,-0.036868226,-0.2571997,0.25359473,0.27524978,0.33686978,0.012137792,0.04364045,-0.09240009,0.004183494,-0.15070859,-0.012439153,-0.1715196,0.13877788,-0.31648222,0.1450167,0.24689499,-0.10725053,-0.53247255,-0.044570696,0.02963083,0.376239,-0.020881992,-0.13809046,-0.3546741,-0.17219196,-0.30506057,0.14375907,0.26764712,0.065296225,-0.23936436,0.36502594,0.17534664,-0.28114244,-0.16801439,0.4172178,0.49570215,-0.374833,0.17952645,0.29395023,0.052479416,0.19734384,-0.08079759,-0.04956254,0.0018210042,0.11882557,0.034313235,0.07560031,0.22059694,0.17488635,0.26611274,0.2808265,0.22449237,-0.12792306,0.0058538127,-0.14158884,0.22131324,-0.043576464,-0.032231178,-0.123942226,-0.1708346,-0.32062173,-0.019067343,0.0426941,-0.44186848,0.006273067,-0.17083049,-0.108433865,0.1788072,-0.21398237,-0.1718678,0.19043241,-0.15839553,-0.08399444,0.16081859,0.15630168,-0.4681479,0.21862558,-0.012294681,-0.097310334,-0.14863735,0.10903028,0.010743459,0.15933417,-0.27425393,0.2087279,0.29878768,-0.04353771,-0.28556713,0.05398428,0.10905073,0.09462036,0.10145444,-0.25391734,0.18299957,0.15981278,-0.13153818,0.054134455,-0.08072668,-0.09578019,0.36523378,-0.09772385,0.056737527,0.07656616,0.45628425,-0.15010968,0.33299553,0.39334187,0.075359054,-0.12658876,-0.07688344,-0.11172636,-0.09871198,-0.12515981,-0.005810117,-0.6841227,0.09285851,-0.12649055,0.2918644,-0.27068922,-0.055482324,-0.1263547,0.109877944,-0.28984135,0.01992621,-0.073928274,-0.34434506,0.13873258,0.3210505,-0.43102056,0.030329002,0.029907458,-0.02365805,0.08319294,0.24396123,-0.062578246,0.21346037,0.46420488
