-0.05944361,-0.13332406,-0.0484191,0.1593677,0.07836784,0.005681774,-0.046365976,-0.101935625,-0.054936763,-0.16675507,-0.10024047,-0.41732368,0.06043128,-0.031860515,0.20100425,-0.060879882,0.033672046,-0.054637883,-0.064052545,-0.10064295,-0.091642246,-0.07936582,0.1744668,0.06814135,0.25613326,0.17482407,0.06967271,0.19657306,0.12846005,0.14803971,0.023122907,-0.13800281,-0.09708454,0.12938789,0.0525577,-0.018731983,-0.04024932,0.10051734,0.0032027978,0.059341975,-0.17021035,-0.054032505,0.05397956,0.03462407,0.16834126,0.10772341,0.10208512,-0.06826991,0.03751748,-0.0067550708,-0.22277983,0.10811439,0.071336694,-0.13437736,0.26839367,-0.0946804,0.07511719,-0.023536053,0.12958843,-0.036083743,0.23714231,-0.2620966,-0.19504939,-0.02314812,0.20526615,-0.109814286,-0.11166742,0.19592212,0.053190876,-0.07051099,-0.014342722,-0.123537555,-0.1040703,0.016384382,0.031510934,0.13680807,0.0940358,-0.12991197,0.12513454,-0.044742905,0.19166076,0.1485257,-0.01964899,0.04757405,0.10081936,0.08267591,-0.03401832,0.24978088,0.08788526,-0.3345535,0.03482808,-0.2720567,-0.2500171,-0.16970025,0.086460896,0.08615268,0.084350765,-0.04992213,0.070369326,-0.14682041,-0.22494373,-0.19455586,0.21618916,-0.004535421,0.10191043,0.029951267,0.13465904,0.034416035,-0.026168613,0.1388323,0.00078404445,-0.3201199,0.032464936,0.1495653,0.20751663,-0.3447725,0.105697185,0.10026263,0.024840254,0.017062346,0.05254194,-0.073257804,-0.22220527,-0.011030389,-0.056379363,-0.12059485,0.00022812944,0.06725056,0.1485081,-0.270914,-0.4911586,-0.30652776,0.058057588,0.02275808,0.11094161,-0.13180582,0.07930317,0.17330202,-0.06513796,0.1460473,-0.089581825,-0.046087157,-0.2502685,-0.09140673,-0.044910796,-0.04454156,0.027474675,0.36807305,0.075219676,0.16679078,0.011306071,-0.21551953,-0.059259985,0.30838746,0.24232297,-0.026502956,-0.19892822,0.009948464,-0.10536885,0.12821111
0.39338073,-0.075736664,-0.018251032,0.25670132,0.021356719,-0.0646311,-0.11431822,0.010785591,-0.03657229,-0.20708202,0.2830358,-0.2323549,0.5426954,-0.03964597,0.05402331,0.17971247,0.3362339,-0.15075476,-0.091239154,-0.0019080938,0.11657617,0.29169014,0.16324796,-0.14902431,0.20103738,-0.026962603,-0.0073731164,-0.24092938,-0.22606693,-0.16046087,0.055220995,0.12905812,0.117644146,-0.04594908,0.3144622,0.23168747,-0.120356396,0.1462553,0.18997963,0.25043532,0.20262901,0.1281357,0.066146895,-0.106831685,0.19846122,-0.054908536,-0.09864256,0.031787634,0.21569729,0.22171846,-0.030448433,-0.022613345,0.331668,0.09680084,-0.016344257,-0.17381968,0.2061838,-0.16599694,-0.07074749,0.06680395,-0.15723677,-0.054171477,0.21465273,0.08580647,0.27468708,0.0052365116,-0.09841868,0.016037706,-0.17787984,-0.15424152,0.1882594,0.44779614,0.04101853,0.22759978,0.1651278,0.1264653,-0.2489935,0.08811116,0.2215992,0.23702726,-0.22675009,-0.19430557,0.059203167,-0.15927751,0.049243193,-0.09578895,-0.19052783,-0.12726806,-0.35193652,0.12716377,0.24221744,0.1864159,0.047926575,-0.20761171,0.10886098,0.0682831,0.15367799,-0.13946205,-0.04550787,-0.1560798,0.032752756,0.024262719,0.7734608,-0.1251828,0.22944792,0.0974358,-0.024816139,0.14819217,-0.08190025,-0.1433289,-0.042768944,0.21860768,-0.24288079,0.48886812,-0.37193796,0.1268098,-0.07287939,-0.21929827,-0.08902479,0.12393309,0.21845782,0.08647722,-0.07384474,0.24202557,-0.028146217,-0.15147796,-0.24827491,-0.10752117,-0.25960737,0.09375748,-0.020290153,0.3372603,-0.07296877,0.08453465,0.13840069,0.03284586,0.09420608,0.11911765,0.10933294,0.1320362,0.124663904,0.22513509,0.3703593,-0.1112717,0.19421558,0.08988484,0.030402835,0.36354634,0.04400268,0.027360694,-0.112820335,0.1341952,-0.26697353,0.09843544,0.18672359,0.11942802,-0.3367324,-0.047108486,-0.010092269,0.17083324
0.24048202,0.01556859,-0.07389074,0.07454075,0.12003962,0.028730234,0.14801687,0.0747585,0.12168267,-0.22930387,0.12637374,-0.16332604,0.06309369,0.028926402,-0.05814622,-0.030000957,-0.046619244,0.16980909,-0.0126032485,-0.024373865,0.016665747,0.29722872,0.076103136,-0.0044826902,0.19031236,0.080134325,-0.036932375,-0.14306903,-0.107089184,0.17169829,0.16088903,-0.14061667,0.053279832,-0.06263,0.25698823,-0.10664255,0.058720052,0.011591632,0.10538037,0.21997572,0.028103238,0.021747798,0.12631004,-0.10818667,0.15314437,-0.24579528,-0.073594235,-0.23815814,0.027586311,0.061774682,-0.21546899,0.12069263,0.40944254,0.03687819,-0.17965035,-0.04186959,0.2604675,-0.07750194,-0.02076131,0.06833764,-0.21084972,-0.11557055,-0.21499738,0.14661516,0.37634587,-0.033187713,-0.07294349,0.09378709,0.005693514,-0.07229155,0.1793754,-0.037541043,0.3077253,0.11835541,0.094499,0.3319571,-0.22890025,0.00033086372,0.23309357,0.3133769,-0.14092362,-0.022640074,-0.038460545,0.15349026,0.024945682,-0.21270543,-0.085576236,0.063881904,-0.22838078,-0.24655038,-0.14681174,-0.10863324,-0.060552664,0.00023932106,0.36430547,0.072922304,-0.2942351,0.041946404,0.13926363,-0.07963106,0.23087013,-0.034137994,0.22400144,-0.15047884,0.009668309,0.035427,-0.028247327,-0.063498214,0.19522041,0.013246462,0.15143211,-0.16921175,0.01098148,0.13108657,-0.20547497,-0.18256597,0.053018793,-0.19584559,-0.10132576,-0.048911303,0.17291063,0.034890153,-0.19447444,-0.07858124,0.075716406,0.05033354,0.11437626,0.13341878,0.04530845,-0.054719705,-0.4688969,-0.16896398,-0.20677769,0.018229915,0.03716728,0.12500903,-0.018304676,-0.111876786,-0.024400441,-0.12614441,-0.21235625,-0.2851193,0.23680164,0.18977891,-0.101828314,-0.1495619,0.19945405,-0.023344902,-0.030654164,0.12827013,-0.037920363,-0.12220513,0.040130705,0.007074428,0.06912238,0.17531389,0.0035775243,0.021745406,-0.08990634,-0.1707452
0.10933727,-0.023130625,0.18587115,0.14118904,0.0818825,0.00018603973,0.0041858787,0.10761353,-0.053000204,-0.17718737,-0.120405786,-0.0031751257,-0.16453108,0.057212032,-0.015469715,0.090972416,0.14602157,0.07927708,-0.17756945,0.10073974,0.015169295,0.15592994,-0.06991112,-0.0068804855,-0.2947515,0.045954503,-0.21149601,0.030469991,-0.04623872,-0.134989,-0.14357308,0.23614626,-0.11201604,-0.053204607,-0.0073213303,-0.0058935666,0.07277783,0.011079562,0.13182735,0.06897374,0.027584696,-0.16240604,-0.1332734,0.03305363,-0.027739927,-0.18593149,-0.06317197,-0.20314379,-0.16128516,0.026582167,0.42571372,-0.11039427,0.20318243,-0.15679629,0.17664847,0.01787699,-0.12488461,-0.02412392,-0.13408661,0.18826312,0.052460983,0.115020245,0.051986627,-0.045141723,-0.008285482,-0.029710932,0.16216674,-0.111890286,0.15899596,-0.14361417,0.18923089,-0.20824774,-0.010647868,-0.031241402,-0.037605114,0.050867394,-0.0005338954,-0.15648724,0.11559781,-0.11711622,0.07278369,-0.12700781,0.020535214,-0.12540239,-0.1490597,0.21793447,-0.11357128,-0.039558478,-0.044110917,0.13778289,-0.012308273,-0.048576336,-0.24923831,0.05685185,-0.03008811,0.14345515,0.10523364,-0.1133028,0.11770351,0.10621791,0.017563015,0.264118,0.09336424,-0.08686877,-0.02211989,-0.017571803,-0.010246805,-0.048917178,-0.0727164,0.03726542,0.09074836,-0.08267377,-0.17474309,-0.12033413,0.16573073,-0.07330515,0.046976592,0.15851972,0.0029970324,0.11530843,-0.17835388,-0.035238516,-0.03393746,-0.012502425,0.060218137,0.085295945,-0.026045453,-0.12135983,-0.050271243,0.19889162,-0.02119748,0.027131444,0.009796186,-0.110529944,-0.010241741,-0.17834023,0.12124988,0.07937804,0.085367896,0.09801101,0.14916672,-0.0009312409,-0.19326891,-0.122011535,0.23348343,0.04086373,-0.053191222,0.23727407,0.15780891,-0.15609582,0.14710541,0.01241609,0.110023685,-0.0981578,-0.16095491,0.019465072,-0.042681783,-0.17562547,0.05796622,0.013033575
0.3385135,0.07079538,-0.07326473,0.27067894,-0.058756836,-0.025987552,0.10806435,0.011486051,-0.022434302,0.23300786,-0.14175482,0.0439296,0.041740093,-0.078953914,-0.034333482,-0.0052697263,-0.042156614,-0.002957005,0.04624835,-0.06703104,-0.0059819333,0.008596861,-0.2148746,-0.12530886,0.19348432,0.045866944,0.14765534,-0.0038782998,-0.048445832,-0.12274447,0.22318467,-0.08850166,0.21534872,-0.09870767,0.060188074,0.063121215,0.124058604,0.06719304,-0.07676941,0.07185377,-0.047395457,0.11649237,-0.006502935,0.1743834,0.22065087,0.17745584,-0.017130181,-0.20652506,0.13319004,0.41280946,-0.0030236945,0.057720095,-0.09359334,-0.08230497,0.037886232,0.16640764,0.26995596,0.01334304,-0.13480085,-0.097215615,0.014464503,0.22641605,-0.08407028,-0.014592484,0.08952191,0.10731838,0.17881247,0.04278195,0.120175056,0.08071603,-0.03785672,0.0887904,0.075410746,-0.14443484,0.23610426,0.19468127,-0.03770817,-0.10183384,0.15489519,0.12159225,-0.13687786,0.20288566,-0.05079184,-0.21566738,-0.11095276,0.08845047,0.05613695,-0.07440788,0.12452908,0.04533463,-0.03205397,0.2690003,0.21842664,0.04718572,0.15920474,-0.15008873,0.04922191,-0.105759025,0.16284072,0.15123016,0.3160972,0.026313208,-0.20721555,0.0013578865,-0.07683523,0.06482127,0.13646136,0.13653813,0.04907427,0.15171047,0.14542052,0.11709334,-0.12722698,-0.29160678,-0.09126648,0.06898585,0.17448649,0.093437426,-0.0831905,0.03194938,0.0968636,-0.06494785,0.034360494,0.10862839,0.04356238,0.12278667,-0.052390724,0.05201266,-0.01363574,0.36180565,-0.3295069,0.30184817,0.08193673,0.009330852,0.08111111,0.1736739,0.09905564,-0.10207386,0.006628576,0.056006145,-0.105554536,0.2896766,0.04986534,-0.00916695,0.26061282,-0.072375126,0.0810803,0.04951351,-0.029806692,0.16645183,-0.16350785,0.28513452,0.08916143,-0.19187671,-0.07285125,-0.062985614,-0.116976,0.09177766,0.11782375,0.013620253
0.21083006,-0.06177898,-0.011026676,0.16759035,0.0801337,0.03822471,0.019592874,0.21343867,0.21120629,0.055628546,-0.11247384,0.11071179,0.34495097,0.17648214,-0.05596962,-0.12430372,-0.058408625,-0.012259857,0.03197092,-0.093548864,0.009582571,0.025507275,-0.15163414,-0.05256244,0.17839411,-0.067744054,0.1746831,0.07827814,-0.11001848,-0.023682972,0.016616242,-0.078597225,-0.041960936,-0.24622038,-0.009771486,-0.0077374107,-0.10013772,0.067399815,-0.04387064,0.13827,0.053765394,0.062680736,0.053251658,0.12385536,0.18888286,0.14595552,0.13123329,0.03741623,0.21093689,0.38146085,0.0697341,0.1169276,0.0684628,-0.10390024,0.0044684047,0.014832328,0.03895259,-0.05339731,-0.14602093,-0.13027637,-0.11642487,0.3239652,-0.018210715,0.029688153,0.373686,-0.16758175,0.20232351,-0.038471065,-0.07558218,0.060294483,-0.050678894,0.20481144,0.3028303,-0.032273747,0.07366429,0.20588537,0.06879631,0.1400875,-0.15149118,0.19021712,0.060305193,0.17345104,0.22852257,0.05908689,0.17462206,-0.12076861,-0.11464917,0.06916927,0.050817747,0.46683526,0.106692135,0.37152275,0.27026537,0.094937034,0.22443612,0.08286215,-0.038014546,-0.098667845,-0.04684492,0.0755626,0.24668436,0.3247936,-0.39163825,0.15646784,0.07593065,-0.1373168,-0.117438056,0.075004116,0.038454544,-0.12168825,0.0069609233,0.28616545,-0.10204693,-0.42919102,-0.031208517,0.41785887,0.20106333,0.020785503,0.0649163,-0.018896258,0.12940313,0.058178943,0.1590311,-0.023288326,-0.15631019,0.1952402,0.124409124,0.11387003,-0.23733638,0.26103,0.2903717,0.42992717,-0.13821848,-0.063739695,0.17199174,0.04016418,-0.026916414,-0.12884878,-0.02691824,-0.08499941,0.14800622,0.71318763,0.3677908,0.03131076,0.0022952508,0.010894546,0.22984996,-0.20904882,0.013641327,-0.008689077,-0.12853049,0.2522234,-0.16274405,-0.2706679,0.056681883,0.17931162,-0.04546454,-0.15103805,-0.10053283,0.024602221
0.029657297,0.12928976,0.25441796,0.117702916,0.14748171,-0.11945739,-0.11197592,0.10233985,0.10042046,0.067879185,0.02732841,0.21547,-0.00086879806,0.14588356,-0.13458349,-0.06038568,-0.10853151,0.119316705,-0.061297346,-0.07531216,0.20251594,-0.1786979,-0.2054769,0.18480957,0.19236873,-0.070831515,0.19021776,0.33089134,0.032435495,0.06392823,-0.01444199,-0.26759622,-0.03762506,-0.054707773,0.03767387,-0.17087524,0.05473991,0.13643295,0.07413833,0.06552582,-0.091598615,0.100799434,0.062235218,0.030296914,0.08986335,0.21936691,-0.14762993,0.046045683,0.118547626,0.0614953,0.41590032,-0.17315485,0.1067338,0.1376626,-0.035918802,0.0009610304,-0.019451864,-0.020439476,0.09172911,0.048685275,0.1773223,0.20792079,-0.14914373,0.04145545,-0.11311675,0.011554696,0.07050064,0.2234591,0.027629102,-0.028242337,-0.015654922,-0.075478755,-0.17169909,-0.07474428,-0.19561845,0.024642423,-0.017277285,0.09084687,0.04882288,-0.13395026,-0.066908196,-0.064715475,0.18182808,0.05024577,0.17705801,0.13715725,0.0046680532,0.012262587,-0.14186934,-0.006770024,-0.18581998,-0.10603348,0.04650155,0.070106305,0.28831005,-0.023250164,0.00048675897,-0.022126818,0.113092214,0.08102524,0.22521971,-0.14580826,-0.28549168,-0.16948521,0.20946927,0.277699,0.024102643,-0.27691683,-0.013675521,-0.16814533,-0.059543356,-0.27311885,0.19091043,-0.39580053,-0.011121693,0.08352437,0.10473029,0.091674775,0.10051039,0.019574095,-0.041072946,-0.15420155,0.16332236,-0.048793916,0.09219657,-0.07643822,-0.15985635,-0.10097348,0.06869066,-0.07258981,-0.038362242,-0.1769587,0.019387309,0.05321022,0.18903738,0.08814829,0.12389483,0.00759684,-0.021255063,-0.058369327,-0.13854426,-0.04471176,-0.2677369,0.15483415,0.10841272,-0.011935698,0.13682371,-0.21794157,-0.10411718,0.119633004,0.1166739,-0.27233136,-0.059114378,-0.218958,-0.0002895266,-0.284901,0.037008595,0.1982293,-0.018962238,-0.13562602
0.16698655,-0.1342794,-0.03064719,0.1279986,0.15000357,0.12596975,0.15010405,0.09236106,-0.0040423595,0.057429496,-0.12680843,0.1467599,-0.016274754,-0.08750621,0.0015934873,0.1825455,0.18318793,0.06741996,0.09614901,0.082162015,0.15427904,0.2164875,0.07982958,-0.025636917,0.053339295,-0.13047782,0.12732695,0.15232745,0.07475804,-0.085443586,-0.00884866,0.21239631,0.15663247,0.054635875,-0.036386322,-0.13509266,0.008196128,-0.13817275,-0.08460703,-0.12344292,-0.038842726,-0.11384234,0.09497827,0.16296548,0.0493006,0.13401015,0.15034384,0.07926683,0.15058479,0.1866767,0.08290109,0.11483746,-0.13410597,0.10755686,0.058796234,-0.027541285,0.20367046,-0.10956011,-0.18045616,-0.11881716,0.016629215,0.14963183,0.0021563312,0.15584873,0.1184939,0.030877162,0.16571347,-0.067749426,0.15080819,-0.04160438,-0.07259018,-0.020587543,0.1746322,0.0017246054,0.24667376,0.10058317,-0.014788672,0.106523104,0.06831092,0.08565932,0.13253738,-0.073629566,0.18431665,-0.08700212,0.0157057,-0.115049966,-0.029842725,-0.13317725,-0.003405687,0.20650284,0.1770447,0.25500026,0.26453105,-0.07408736,0.1294992,-0.09398894,0.049173757,-0.11450114,0.17744248,0.03314353,0.25729465,0.3408583,-0.011845555,-0.12274701,0.107623056,0.061109915,0.040876158,0.3204885,0.052623857,-0.077696495,0.12107997,0.04008885,-0.037146326,-0.31214458,0.16730393,-0.02542652,-0.06375055,0.11632723,0.19961576,0.10440957,0.11972797,-0.06721734,0.053654507,0.13141425,-0.12398978,-0.080301434,-0.10314916,0.042622726,0.010269752,0.11855761,0.09715749,0.0168288,0.37940928,0.070210874,0.07984419,-0.107358254,0.2439545,-0.051092006,0.01115229,0.076320715,0.30878577,0.11276459,-0.1198857,0.09971381,0.408034,0.1473812,0.010763595,-0.07058212,0.18467388,-0.17071268,-0.10018614,-0.061401475,-0.031833418,-0.1722181,0.020315427,-0.055416603,-0.065412626,-0.15456851,-0.022978052,0.016389905
0.14153121,0.14772646,0.007350147,-0.096494354,0.13398437,-0.08351677,0.13911897,0.10241967,-0.07845319,-0.08811136,0.16109732,-0.06107378,-0.11644612,-0.056189667,0.11106697,-0.04192622,-0.005769397,0.11595861,0.102408715,-0.12645668,0.02286087,0.16170564,-0.090900056,-0.15514952,0.048501298,0.052195556,-0.07574104,0.051695704,-0.106668875,0.03391117,0.14786191,0.077351905,-0.07878033,0.075272515,-0.12448049,-0.10008379,0.00643475,0.14860742,-0.0070151407,-0.1747158,-0.09199423,-0.046316862,-0.059158172,0.0030469485,-0.06112412,0.035008203,0.054712266,0.11111005,0.032050904,0.04421079,-0.010493233,0.08087474,0.009875655,-0.086054474,-0.08020586,0.111379355,-0.13508038,0.048600025,-0.17100804,0.032520056,-0.08545085,0.11945051,0.009378973,-0.032708995,0.057589322,-0.13616031,0.10714458,0.059571162,-0.13353147,0.022787005,-0.15485005,0.15526623,-0.066810444,0.1290638,0.15441509,-0.14107645,-0.010883849,0.14951783,-0.000977479,0.08493299,0.02885901,-0.11423628,-0.08501213,-0.11325058,0.001558628,0.11631833,-0.018257648,0.15686098,0.12872967,0.0112724155,0.09277317,0.115591556,0.15403312,0.084626004,0.11233848,0.026456077,0.15096685,-0.12401414,-0.11025802,-0.15415943,0.16402555,0.039731458,-0.16051123,-0.17607771,0.023472786,-0.017338544,-0.12663533,-0.13161942,0.024837477,-0.12701702,-0.08488647,0.053776987,-0.07622265,-0.0075332075,0.16208671,-0.10970596,0.044901643,0.0733676,0.007031724,0.10576714,-0.024796715,0.013622632,-0.137487,-0.112274356,-0.040788468,-0.16795617,-0.072151504,0.07656168,0.09534275,-0.16337782,-0.1477442,-0.086055584,-0.09656875,-0.16857572,0.16609192,-0.13704476,-0.112809755,-0.0595114,0.07152994,0.09084496,0.1327619,-0.155739,-0.09246271,-0.058942944,0.109612375,-0.088261515,0.011272221,0.010099388,-0.16896331,-0.0057588816,-0.12636715,-0.11863162,0.0043461095,-0.13197403,-0.050211355,-0.005621658,-0.11009558,-0.04015747,-0.16804017,0.05366266
-0.046878863,0.02252498,-0.00034455824,0.030920884,0.09335461,-0.10485076,-0.010205787,0.07859431,0.09570906,0.05190998,-0.0810268,-0.04145342,0.16970097,0.04630624,0.0035477474,-0.026720988,0.1778476,-0.09087955,-0.11176435,0.103451245,0.10836747,0.05733803,-0.00805929,-0.07911222,0.15919428,-0.08204335,-0.17587437,0.0032909957,0.1922598,0.14829022,-0.0047482336,0.16994078,0.027475376,-0.045966264,-0.11355238,0.04593298,-0.09381945,-0.069042124,0.010256084,0.0637492,-0.1708479,-0.04790576,-0.08875402,-0.073941156,-0.14579874,-0.12622905,-0.06710569,0.089268714,0.107910566,-0.10741466,0.114496,-0.13904455,-0.007235774,-0.093626805,-0.002086265,-0.1314751,-0.052644074,-0.06814466,0.0019295675,0.12500288,0.050545856,0.06806046,0.23378383,-0.09865438,0.067690514,0.005395371,-0.010261251,-0.014002152,-0.025066746,0.060017318,-0.033289395,0.12328836,-0.1102152,0.08810037,-0.028434278,0.031138808,0.062893756,-0.043990888,-0.19255306,-0.076727144,0.17384484,0.08627747,-0.046819266,-0.007935576,-0.014398797,-0.13514303,0.026664305,-0.036670614,0.06801592,-0.11794208,-0.05641329,0.086098775,-0.06805493,0.11653281,0.04111312,-0.14832121,-0.039271347,0.1138651,0.03739709,0.07697481,0.012357277,0.08076731,-0.08304462,0.09599597,0.025516331,0.10715993,0.049458265,0.13377216,0.071406834,-0.0416189,-0.033800777,-0.094339006,0.041633375,-0.04212099,-0.049580056,-0.012909646,0.11445696,-0.12333226,-0.046268787,0.19132636,-0.10496383,0.08659306,0.17289497,-0.1026949,0.1642705,0.080454044,-0.16283871,0.085918404,-0.030248644,0.10853808,0.04471752,0.04718702,0.118521295,-0.090505295,0.13631645,0.088240914,-0.0074920487,-0.04415344,-0.15334369,-0.16390036,0.008413615,-0.016114209,-0.12331649,0.036597993,-0.059657045,-0.1525402,-0.04901649,0.17073742,-0.11744949,0.008643106,0.00028846326,-0.0045366655,-0.05182327,-0.08102827,-0.03584205,0.094088644,0.031003227,-0.12804283,0.037351564,0.053771272
-0.10405337,-0.029248523,0.04864853,0.0016215998,0.07280398,-0.09727508,0.15720703,-0.017400537,0.12924396,0.32874325,0.084273696,0.11332366,0.043196015,0.10275967,-0.17478614,-0.098932646,-0.09289114,-0.0895056,0.018754566,-0.05329649,0.03553536,-0.1525808,-0.34697446,0.101558745,0.20799562,0.09770164,-0.12482587,-0.11633323,-0.09954369,0.010148078,-0.12073619,-0.13587356,0.21496953,0.086146414,0.08208966,-0.028132498,0.13177015,-0.0028215123,0.10588928,0.09062307,-0.09430755,-0.19417515,-0.009297385,0.1902124,0.056829624,0.11609164,-0.14148964,0.03469856,0.12566859,0.09840523,0.27186412,0.058598567,-0.037027717,0.18774375,-0.10901245,0.010575878,-0.24391483,-0.019019408,-0.103303365,0.11361419,0.023379257,0.29979688,-0.0066985227,-0.110337496,-0.062341377,-0.035745062,-0.25616816,0.15951803,-0.20452456,-0.08993422,-0.040778678,0.17722028,-0.09863308,-0.075677074,-0.018213337,0.039764706,0.12353584,0.058416512,-0.08604852,0.10001148,-0.09693309,0.075368494,-0.03068485,-0.098487146,-0.06590152,0.05829302,-0.091590196,-0.21216682,-0.13553819,0.06468884,0.23787507,-0.0060029607,0.32124016,0.08763382,-0.10442472,0.15328377,-0.040862694,0.08665209,0.1289569,0.003349089,0.2745639,-0.179405,-0.13425776,-0.04010733,-0.09731105,-0.004823724,0.061783113,-0.15219463,-0.07633203,0.030444384,0.020738112,0.21367823,-0.020406166,-0.018778851,-0.1846967,0.2329752,0.17685202,-0.15827575,0.1924789,-0.028458107,0.16836931,-0.051687703,0.07108123,0.25691664,0.0035796193,0.00057453045,-0.057263207,-0.06179177,0.06536287,-0.0518084,-0.018117929,-0.040660203,0.045410465,0.19756593,0.082183786,0.18151094,-0.209044,-0.15471219,-0.16871756,0.16143462,-0.109188065,0.069613166,0.061738428,0.05998404,-0.013630198,-0.12664495,-0.17693506,-0.0880042,-0.09651806,0.07671769,0.04168073,-0.12642337,0.127991,-0.10570938,0.031725515,0.1262896,-0.13872531,0.06468912,0.112197876,-0.035510663
-0.107961796,-0.098756485,-0.053259205,-0.018606573,-0.015868993,-0.0040111016,-0.010883144,0.06424421,0.040288936,-0.17886575,-0.06423526,0.04078517,-0.26316413,-0.09016942,0.009186216,-0.13032344,-0.15139568,-0.016405996,0.17433974,-0.033582397,0.12450125,0.14827928,0.07531796,0.16538875,-0.05220473,0.20545751,-0.06423436,-0.019774044,0.14355119,-0.09610921,-0.15750226,0.05177158,-0.26854494,0.12414254,-0.051457506,0.053829245,-0.16509283,-0.06333925,0.11318191,0.10548004,0.05272246,-0.034124386,-0.015995681,-0.06012533,0.09534993,0.14987838,0.0823151,0.021806363,-0.17559148,0.1034068,0.03054767,-0.068530664,-0.09001927,-0.021949716,0.24048425,0.060541254,0.06707955,0.0337617,-0.041026212,0.03064099,0.14883836,0.12740457,-0.1540793,0.13891542,0.018822609,0.11227634,-0.071607314,-0.21099104,-0.06540284,-0.15440246,-0.1279313,-0.118597366,-0.04064397,-0.0042653847,-0.062292956,0.20476784,-0.06037833,0.0701902,-0.10840146,-0.023179391,0.16794382,0.06806739,-0.08499663,0.15082617,0.124296755,-0.14557558,-0.0709572,-0.055469673,-0.12506399,-0.24486257,-0.07751986,-0.10237482,-0.03966035,0.06979794,0.04028253,0.058041718,0.21832721,-0.021368798,0.06164481,0.06743321,0.16813801,0.1644013,0.25020534,-0.086896844,-0.1408995,0.12828596,-0.10774089,0.19622868,0.10577495,0.049266756,0.1562274,0.20428467,0.09563526,0.33281732,-0.07351881,0.005216195,0.15504764,-0.069086865,-0.09299372,-0.095915414,0.029970385,0.006739062,0.02941686,0.1686159,0.14460354,-0.057916313,-0.12979652,-0.10931737,-0.007359878,0.08569117,-0.115311444,0.034141015,0.045300532,0.14387964,0.074316144,-0.004755919,0.044996053,0.007502277,-0.08488258,-0.14671618,0.013601885,0.06768072,-0.014941314,-0.033267215,0.420483,-0.118593104,-0.13653007,-0.06912946,0.008523921,0.02343579,-0.12927967,0.0127829015,0.1257201,0.036024008,-0.035514303,-0.11371094,-0.111811146,0.15349022,0.18150717,-0.03802756
0.052843403,-0.08184863,0.10301337,-0.04425635,-0.0016195667,0.090688996,-0.10191504,0.13135022,-0.043797392,-0.13082117,0.012206879,0.031405658,-0.030988459,-0.10925448,-0.11776064,-0.06571792,-0.09195529,-0.11869608,0.110629424,0.13889883,0.1015764,-0.113736294,0.06328538,-0.17487057,0.07929112,-0.02162189,-0.019952752,0.11448289,-0.028165285,-0.06685157,-0.02291171,-0.036770914,0.064496584,-0.10391814,-0.05188279,0.0809063,0.016304677,-0.02378483,0.027878342,0.055941135,-0.15883218,-0.031721227,0.13426556,-0.08227287,0.07802718,0.014434978,0.15098755,-0.1497822,0.15722594,-0.043903656,0.051082395,0.06327317,-0.04611964,-0.15107918,-0.1366402,0.14338788,0.15000884,-0.11231898,0.12141916,-0.11758286,0.13456453,0.06303778,0.105314136,-0.16215724,-0.06344507,0.014038733,0.03208364,0.030993044,-0.12697947,0.15938205,-0.11713201,0.06630393,-0.06632236,-0.004545817,0.039716315,-0.04500325,0.059134454,-0.12568295,0.040769517,0.049585596,-0.066313125,-0.12431638,0.14001246,-0.067331135,-0.10145718,-0.021138271,-0.13197693,0.08439669,-0.07329691,-0.14793816,-0.016066967,-0.11551471,-0.15824734,-0.14338584,0.08605968,0.16330461,-0.13032006,-0.09840699,0.08854052,-0.021135746,-0.011096257,0.014017894,-0.12089444,-0.15926327,0.061984725,0.032675926,-0.009414004,-0.14999449,0.07590205,-0.07468831,0.018177828,0.024291558,-0.09596502,-0.03189867,-0.09085061,-0.13759391,-0.09908242,-0.08809475,-0.08796574,-0.12835474,-0.04594475,-0.034300182,-0.1775982,-0.07782783,0.09904945,-0.0011225987,-0.13806811,-0.037002716,0.06324189,0.0037907213,-0.1770398,0.004853374,-0.16112302,-0.10354818,-0.079496644,0.014807546,0.07011938,0.13495202,-0.04351809,0.06787272,0.10322066,0.054470375,-0.13755572,0.033064775,-0.12819174,0.09468602,0.016449492,-0.13128836,0.13074417,0.15188551,-0.12507473,0.0048150755,0.16419044,-0.02889215,0.10039767,-0.08010431,0.13133992,0.10114358,0.16206057,-0.06485513
-0.015798947,0.06702202,0.04494659,-0.13700263,0.04350954,0.1204859,0.11639912,0.036892712,-0.027760563,-0.05477317,-0.26146466,-0.23158908,-0.021040775,-0.026988244,-0.03257425,0.056865256,0.102903776,0.0623037,0.098494075,0.016174048,-0.153155,-0.038735233,-0.17397994,0.032838162,0.10074457,-0.029078647,0.01209886,-0.097021,0.10734804,0.14131917,0.07252828,0.14389203,-0.25088453,0.084194764,-0.047861937,-0.23986985,0.034939777,0.08563785,0.044739027,-0.011379868,-0.10462343,-0.02944062,-0.05881712,-0.0012868734,0.075427756,0.015894342,0.046221163,0.21925445,0.12475324,0.028820628,-0.6651574,0.081641816,0.13673317,0.0630849,0.21006928,0.15791327,0.09518001,-0.10901138,0.040434312,0.011313459,-0.08050171,-0.49137756,-0.0707216,0.12684265,-0.23429276,0.23419347,0.23071152,-0.024493791,0.15155543,0.13301921,0.14338078,-0.13952035,0.020646913,0.13520347,-0.02667774,0.015965674,-0.12120551,0.0932879,0.018742563,0.1971112,-0.23054451,-0.030054506,0.105559014,0.11398111,-0.12698373,-0.11892722,-0.021653643,-0.06907425,0.058051676,0.01834448,-0.39016265,-0.17124872,0.022337252,-0.061072554,-0.40521768,0.15712515,-0.06075489,0.14295639,0.17924939,0.059208445,-0.4443107,-0.13234477,-0.26317906,-0.043741167,0.057087254,0.096484244,-0.03010003,0.15197437,0.088984,-0.07254305,-0.006980435,0.10865745,0.11352527,-0.27322617,-0.07746916,0.09905452,-0.12480366,0.2066355,0.102440156,-0.0066432557,-0.14058845,0.2318109,0.08694264,-0.1545151,0.09654962,-0.0012440952,0.050579682,-0.01835559,0.12392113,0.22624642,-0.2648592,0.0612877,0.094138354,0.079724565,-0.2440907,-0.044970933,0.10567168,-0.082140304,-0.09382878,-0.041474797,-0.3319963,0.019405702,-0.36557257,0.09162335,-0.08551881,0.14431696,-0.078223616,-0.3950288,0.048550516,-0.044168994,-0.027287152,0.17829306,0.038201075,-0.15960556,0.037634775,0.15204848,0.1803396,0.08720243,-0.13905433,-0.04566722
-0.03922467,-0.14425564,-0.040691096,-0.02234576,0.13993089,0.06321129,0.12176276,-0.09600944,0.16656268,0.2725199,-0.39376503,0.40249562,0.070285864,0.041560456,0.14464746,0.04917135,-0.181764,0.15927765,0.16033192,-0.07671236,-0.08157439,-0.1411331,-0.24600437,-0.044295423,0.17146707,-0.028607182,0.07806567,-0.06495662,-0.002365312,0.13414218,-0.07171586,-0.09047808,0.10580169,-0.18276548,-0.06582166,0.11402566,0.04598459,0.08172844,0.10924799,-0.014792316,0.050090797,0.15888399,-0.19067666,0.13452457,0.06442957,-0.02053392,0.014412905,0.13829201,-0.14725871,-0.05404646,-0.296858,-0.014742519,-0.25224546,-0.11795413,0.09825635,0.0954899,0.34898412,0.14623946,0.08614142,-0.040852018,-0.07787444,-0.044870734,-0.110271,-0.08639788,0.07151264,0.04130838,0.14136562,-0.013009049,-0.0156948,-0.12416145,0.045352243,0.098740004,0.13391109,0.007638649,0.15081383,0.04404562,-0.115556985,0.008847703,0.0073741465,0.16531286,-0.06427989,0.19661388,-0.06030501,0.1014447,-0.09634737,-0.12670042,-0.02169061,-0.014455793,0.10152689,0.01672575,-0.24110101,-0.044838704,0.37615797,-0.03818236,-0.27633667,0.17891225,-0.07141079,0.04082258,0.15004024,0.098681256,-0.042666014,0.029095717,-0.5117952,0.16204923,-0.10782071,0.11170901,0.12621969,-0.10605342,0.1590348,-0.14368744,0.13443094,-0.07382738,-0.033127155,-0.574416,0.121327475,0.20556709,-0.14800769,-0.14181972,-0.033725105,-0.03187666,-0.11007796,0.20108259,0.043244705,-0.044897553,0.0733589,-0.037745506,0.11084798,-0.03183637,0.049358115,0.16855246,-0.18829972,0.12235747,0.2681261,0.048512407,-0.12912185,0.09978748,0.011365828,0.075121656,0.12157073,0.03731182,-0.20228355,-0.098721944,-0.12032486,0.027519763,0.22597961,0.0822061,-0.15612893,-0.27627757,-0.117919974,-0.07767036,0.13777678,-0.018485753,0.0041637835,-0.25553027,-0.13823801,-0.05170174,0.16547251,0.15589193,0.21400061,-0.04413441
-0.15708707,0.14284384,0.22270626,0.09572367,0.17155413,0.16767268,0.14609745,-0.15457906,0.10952204,-0.027157247,-0.019790301,-0.176173,0.2753054,0.0293889,-0.13522467,0.11497893,0.08791415,0.06477694,-0.0793362,-0.104729995,0.2475296,0.00033492444,0.06527092,0.1341696,0.30903503,0.1098926,0.13430952,-0.015302527,-0.055910043,0.122315176,0.13138776,0.12308805,0.14749421,-0.07433171,-0.20294118,-0.04146676,0.105787426,-0.12398922,-0.122711465,0.03937786,0.06343509,-0.0056286906,0.18790305,0.17471784,-0.035383202,-0.08429801,0.16860446,0.17903742,0.1472599,0.33127242,-0.43130794,0.17860502,0.30808648,-0.019516755,0.0815004,0.08539309,0.107401945,0.03570709,0.02733511,0.08214271,-0.028644178,-0.41438252,-0.19081505,0.12638032,-0.13566391,0.045411926,-0.068031855,0.042712323,-0.038673356,0.06785057,0.0056689987,0.042739715,0.05516996,-0.0017380296,0.24081801,0.19895287,-0.07708919,-0.06589658,0.09096189,-0.09739823,0.06892842,0.14304629,0.1230898,-0.12785515,0.013454532,-0.14897852,-0.022303654,-0.091861464,-0.10404426,-0.07726366,-0.25337,-0.061877258,0.021838453,0.056825172,-0.06843624,0.0944594,-0.09687948,0.12573725,0.12461654,0.16744527,0.09028141,-0.19957042,-0.6324815,0.106604435,-0.11924728,0.25163156,0.1265416,-0.203079,-0.16422804,-0.07868356,0.14190038,0.0070937146,-0.032492224,-0.52795833,-0.07975687,-0.051122468,-0.00623323,0.09106467,-0.100765795,0.0009500169,-0.030771678,0.15310337,0.155168,0.035411008,-0.021067858,0.043832336,0.18399803,0.17511451,0.07619929,0.17492649,-0.19775265,0.35875168,0.21440399,0.036864996,-0.20718023,0.12387028,0.1648624,0.13617563,0.090515085,0.14596519,0.0071187047,-0.17003344,-0.3957444,0.13421872,0.06531833,-0.027045628,0.115914516,0.07450061,0.06696147,0.031983096,-0.072334245,0.08433262,-0.12814957,-0.1884755,0.03186378,0.33782005,0.011927987,-0.06832782,-0.13134159,-0.09780387
-0.112700105,-0.14807992,0.025424842,-0.1289023,-0.07257894,0.061820243,0.1519741,-0.10657837,-0.13137183,-0.19900599,-0.013805674,-0.0152872205,0.39060858,-0.06867983,0.09726532,-0.05390184,0.26550135,0.053788677,0.01768891,0.12657352,0.14417075,-0.07070902,0.12570935,0.10786156,0.22363408,-0.15451796,0.07973473,0.2471252,-0.12670976,-0.13565125,-0.03827946,0.19792965,-0.12360045,0.021344857,-0.07381646,0.13005821,-0.057421762,-0.027128395,0.14756484,0.0832608,0.14824261,0.021615941,0.16366655,-0.11981741,-0.0909179,-0.09588286,0.07816122,-0.1122286,-0.1176055,0.20340376,0.12859507,0.16932496,0.33266622,0.15001984,-0.11515039,0.12826948,0.14012618,0.1598374,0.0003169599,-0.094457746,0.03736177,0.35500485,0.0036512986,0.126778,-0.057386164,0.08609541,0.17720263,0.23534872,0.08374314,0.13484594,-0.09207762,-0.031852216,-0.10265029,0.07091531,0.16218972,0.070220165,-0.056443136,0.012427488,0.007538861,-0.11568444,-0.024625374,0.18700825,-0.24728048,0.09220269,0.008163817,-0.10205133,0.05531879,-0.05434976,0.18491268,-0.061525464,-0.08430873,0.2875709,0.3130147,0.036959887,-0.08404966,0.103110805,-0.013896691,-0.039340496,0.12714161,-0.026886513,0.18800089,-0.044670116,-0.18426843,-0.056700356,0.3345613,0.10244081,-0.01709591,0.12286865,0.08704585,0.07902301,0.12662625,0.025408177,-0.16920447,-0.19365902,0.06799864,-0.010010854,-0.052840482,0.1345722,-0.06239478,0.10556373,-0.009286301,0.2368076,-0.1363906,-0.13064067,0.11806501,0.24016322,0.04857142,0.19224855,0.006990581,0.13046567,-0.026276758,0.22297576,0.29499558,0.107092805,-0.17057107,-0.1298845,0.19421035,0.01730151,0.10176197,-0.016365612,-0.14568555,0.36291277,0.111619115,-0.03641692,0.09710662,0.13635921,0.13362278,0.17147481,0.13250759,-0.07616565,-0.07444817,0.32778135,0.119408034,-3.6968002e-05,-0.15351084,0.016840171,0.1368755,0.058089662,-0.1746823,0.3031328
0.02879579,-0.15244274,0.006700799,0.039840993,-0.165576,0.1542321,0.01124435,-0.032294992,-0.026908617,0.16959882,-0.025188208,0.14511906,-0.15415007,0.011389004,-0.045079,-0.11808394,-0.14770856,-0.12600341,-0.11666435,-0.005310646,-0.05858009,0.07911641,-0.012846008,0.052799378,0.05690556,0.09724363,0.028717263,-0.18200696,-0.01476421,0.0799416,-0.055760734,-0.060910825,-0.19883324,-0.10271799,0.15555021,-0.16803995,0.10443828,0.13083585,0.14230211,0.0851022,-0.059808947,0.018921757,0.105943084,0.08279387,0.1548261,0.042587705,0.04583014,-0.2055159,-0.024662724,-0.11350539,-0.05428615,-0.25874963,-0.33662438,-0.16127193,0.22528316,-0.13462684,0.08542534,0.07859435,-0.09080638,0.14915879,0.008833956,-0.10892918,-0.07709363,0.10093282,0.07913596,0.04927527,0.034516007,0.09912294,0.14079767,-0.10000352,0.06853871,-0.109673336,-0.0019396943,0.014826589,0.15913059,0.053118117,-0.064991474,-0.011770137,-0.14735143,-0.15257372,-0.04221546,-0.07055336,-0.036021203,0.118784525,0.16810091,-0.052252743,0.12383914,-0.067776814,-0.024512284,-0.11911333,-0.110672586,-0.024900002,0.08451733,-0.09555816,-0.04293032,0.096552946,-0.0063884063,0.023629487,-0.18946831,0.11021268,0.26638544,-0.0051601185,0.3263462,-0.10860526,-0.105637595,0.120892815,0.016878126,-0.0031240478,0.20488155,-0.0024658465,0.0034630285,-0.008138363,0.18692738,-0.03976169,-0.05754115,-0.08085613,-0.03689474,-0.13718447,0.039960757,-0.16946073,0.13375647,-0.059241176,-0.15117265,-0.081455454,-0.14688917,-0.044712994,0.061655656,0.06664027,-0.10095972,-0.23423938,-0.32319495,-0.29826212,0.06957737,0.1535978,0.116092704,0.14252786,-0.0849351,0.13288379,0.09392653,0.17000599,-0.0044030417,-0.4411888,-0.23147462,0.08946742,0.32685763,-0.11684921,0.061483417,0.022944361,-0.061267197,-0.0732082,0.01863089,-0.24746424,0.03633503,-0.037289377,-0.00767767,-0.2230802,-0.14759353,0.04392474,0.18349041,-0.09994476
0.039260145,0.15052772,-0.043928273,-0.06611413,-2.1683678e-05,0.06688389,0.20549875,0.2710452,-0.0022146776,-0.14438473,-0.09010206,0.080861524,-0.032180488,0.10273251,-0.1900339,-0.0029385085,-0.16361512,-0.08601084,0.21323618,-0.048959646,-0.4725962,0.1314381,-0.064816654,0.18185388,-0.0027580876,0.077871,0.20027228,0.11698625,-0.15136793,-0.15455715,-0.057581823,-0.22579375,-0.21246487,0.29225114,0.10687434,-0.22083631,0.062181856,-0.03525731,-0.08595149,-0.0013946219,-0.14392816,0.28073546,0.17560203,-0.13078642,-0.0067568785,0.13455264,-0.032323305,0.008579035,0.032523554,0.0185282,-0.10888556,-0.11658797,-0.15534791,0.12225966,0.28894413,-0.010298411,-0.025064744,0.1400532,-0.009670944,0.0073939003,-0.05314136,0.52187264,0.16449048,0.18225507,-0.061633162,0.093257315,0.17403111,0.056638837,0.10079025,0.1427083,0.22042811,0.06904749,-0.008562782,-0.1831831,0.013952162,0.10160695,-0.014267726,-0.25034502,0.048280984,0.016252179,0.06639878,0.31353328,-0.10747568,0.096588515,0.1493273,0.024199327,0.029514764,-0.183462,0.044277232,0.09176279,-0.09333553,0.23941113,0.13211635,0.040673736,-0.15925896,-0.08746496,0.18430924,0.008719793,0.15419543,0.04094543,0.0097755445,0.16971007,0.17482713,0.04679642,0.11705401,0.017275993,0.049596906,0.23274103,0.016360996,0.07510712,0.05669236,0.06654989,0.07450398,0.036016688,-0.09040917,-0.04462909,-0.110098094,-0.015885063,-0.029623397,0.08563446,0.022766577,0.103636086,-0.10797783,0.090765476,0.048899185,0.058254503,0.12000969,0.17105359,-0.009273384,0.0846115,0.22422212,0.10684002,0.09322189,0.12078123,-0.040412236,-0.11649529,0.089438275,-0.020220676,-0.10895754,-0.0065353448,-0.11726965,0.5045242,0.34100303,-0.017035455,0.36234647,0.14825174,0.18001845,0.04409065,0.057991136,-0.09983599,0.09749382,0.120948076,-0.05036197,0.17999354,-0.12500663,-0.0037769708,0.21149647,-0.07403523,-0.07053642,0.14836815
0.009984836,-0.07367232,-0.037081912,-0.030508026,0.09721848,0.038411364,-0.16821532,0.061720595,0.077296555,0.10049799,0.0020931363,0.14441943,0.17218444,0.12854174,-0.03694266,-0.15409265,-0.14126633,-0.008677676,0.08617011,0.0053654164,-0.009897038,-0.0921115,-0.08702094,-0.14237247,-0.010127053,0.03590916,-0.039266676,0.0919064,-0.06404023,-0.070892274,0.11870152,0.05904098,-0.103588164,-0.07991803,-0.018430218,-0.07173235,0.09099695,-0.1574304,-0.09925129,-0.121862166,0.0734428,0.012906194,-0.08346265,0.08334574,-0.08178201,0.14472482,-0.1081202,-0.038351864,0.10389987,-0.14837804,-0.07354443,-0.04306081,-0.07849383,-0.16785295,0.095890224,-0.07885888,-0.11772033,-0.028954491,-0.15597019,0.14083463,-0.14640488,0.16877356,-0.044760272,-0.041452065,0.04608953,-0.14397985,0.013808653,-0.11684099,0.061708942,-0.101045325,-0.14161487,-0.088238165,-0.049163923,0.116760015,0.06586817,-0.08442417,0.06348468,-0.12925448,-0.09601729,-0.13467115,-0.03685838,0.042524964,0.1427758,0.15076,-0.08731088,-0.14988038,0.01967144,-0.015679866,0.057271183,0.058888346,-0.13743983,-0.16394635,-0.07317235,-0.06571872,0.051522046,-0.09664341,-0.15054473,0.14481768,-0.11117284,-0.1322237,0.037007004,0.16452518,-0.020284459,-0.07490952,0.032958776,-0.040120333,0.020981118,0.00296925,0.0155020505,0.11484444,0.019289702,0.018616214,-0.1480713,-0.16883707,-0.009089634,0.010993883,0.08512366,-0.06884068,0.009575263,0.14504635,0.015998796,-0.08769509,-0.11050348,0.16946405,-0.04666035,0.037880108,-0.026679292,0.17211944,-0.07386835,-0.012970448,0.013283789,0.007198304,-0.14029337,-0.13056375,-0.13225326,-0.043434978,0.09936935,0.0768882,-0.04651533,0.09836736,0.11785969,0.09463203,-0.11589049,-0.14348976,0.06967254,0.05891387,-0.0030807555,0.08359331,-0.044662282,0.15985918,0.09373751,0.07343665,0.0793733,-0.0125362575,0.017074496,0.13934061,0.044072002,0.044982478,-0.06496045,-0.16960838
0.034891922,-0.08246305,-0.17891133,0.045301355,-0.15702228,-0.051560123,-0.004637175,0.0032511738,-0.09354798,-0.088405214,-0.04286603,-0.22350478,0.14341791,-0.14723054,-0.006352786,0.11213417,0.16649649,0.07993481,0.024805147,-0.047389977,0.07166657,0.1839312,0.3333714,-0.050440263,0.094631284,0.1507519,-0.009520308,0.20222619,0.06899215,-0.06307908,0.009980736,-0.1908947,0.0009870648,0.07441497,0.2314311,-0.26286867,0.16479847,0.10998703,0.07880299,0.03261483,-0.121691115,0.22329462,-0.11430982,-0.07325414,0.19080777,-0.007414964,-0.14849102,-0.04233068,0.11442313,0.13765702,0.015947534,0.10720175,-0.029615348,-0.14962365,0.103012495,-0.064704336,0.09768244,0.030983062,0.15605894,-0.108572766,-0.03547634,0.26628774,0.22219764,-0.12145933,0.5201492,0.19693716,0.15095223,0.25248194,-0.059552312,-0.07194494,-0.03960106,0.4214667,0.22909287,0.49261102,-0.017861132,0.19626528,-0.11725783,-0.16499636,-0.11687052,-0.048423316,-0.10212977,-0.009961187,0.1429665,0.008654865,0.01549357,0.058906328,0.10376856,-0.18530078,-0.34817457,0.10036985,0.08745124,-0.07662116,-0.13597392,-0.11761851,0.112512365,0.0013570074,0.3372818,0.05233141,-0.16891801,-0.15283038,0.23642614,0.25082797,0.62789917,-0.0017725833,-0.03935176,-0.24111268,-0.1148172,0.12534817,0.14355443,0.09846917,-0.04715702,0.22635408,-0.038359486,0.37147316,-0.4460482,-0.16785988,-0.060123462,-0.28850654,-0.16522095,-0.22720586,0.19410399,0.12900954,-0.07418932,0.12261055,-0.10176743,-0.11978251,-0.14949116,0.010508616,-0.3611199,0.13061774,0.036290213,0.2251693,-0.1867003,-0.045415223,0.15640917,-0.06372629,-0.026519388,-0.019531287,-0.14629158,0.0073228725,0.16612723,0.31219527,0.30098602,-0.0070340107,0.17141052,-0.014543974,0.025290793,0.19791567,-0.06442479,-0.17030011,-0.16020803,0.15224779,-0.36038285,0.39760473,-0.21381786,-0.014092685,0.028558299,0.06314461,0.10535024,0.1870724
-0.10691845,0.1464396,0.08084968,-0.102655075,0.09846651,0.12632042,0.064676136,-0.14016217,0.0285848,0.08404019,-0.1310177,0.3341209,-0.11580866,-0.05262744,-0.102852345,0.121648334,-0.23653029,0.101988494,0.1636267,0.16035116,-0.13725442,-0.12607618,-0.19482553,-0.086484335,0.16528921,-0.096560046,0.15449974,0.14423616,0.03798607,-0.005045391,-0.13229743,-0.09996969,-0.04385799,0.080917045,-0.19000483,-0.20207289,0.10873798,0.19862318,0.12513705,0.13297795,-0.108323656,-0.052273456,0.0023243343,0.16659604,0.041665606,0.1960664,-0.18285479,-0.13859595,-0.14853299,-0.22880074,-0.092007875,-0.20275995,-0.08353175,0.021568682,0.19698632,0.13921057,0.02507767,-0.13033475,-0.058932323,-0.05006798,0.3206773,0.03504435,0.07711363,-0.123150535,-0.27370363,0.11261235,0.17206669,0.05241852,-0.12340483,0.06846858,0.102103956,0.1284753,-0.20963846,-0.043230813,0.061630473,-0.17706786,0.06969289,-0.16867955,0.018236207,-0.09097635,0.040520534,-0.06578595,0.15289825,-0.07219937,-0.018853594,0.069673285,0.14442357,0.08470496,0.03477699,-0.021944609,-0.011860558,0.06960334,0.28710192,-0.023429507,-0.1928864,0.14001772,0.24012043,-0.14153822,0.15412109,-0.050631046,-0.15622668,-0.04505156,-0.47598282,0.1325757,0.040554024,0.104554445,0.010105067,0.06790603,0.048768736,-0.06715903,-0.12114945,0.13395806,-0.13745748,-0.1530431,0.022088243,-0.024416963,0.1439287,0.16438153,0.07733037,-0.03244086,-0.11272258,0.010115897,0.15811387,0.070006266,-0.1722863,-0.03763308,-0.067298956,-0.0701422,-0.07133282,0.18761674,0.07119984,0.04150227,0.0145923495,0.086250395,0.022784581,-0.106026925,-0.20261441,0.14586838,0.21934114,0.1276387,-0.047180846,0.04639572,-0.16673233,0.021846447,0.35731816,0.19978003,0.072803445,-0.3952371,0.015698394,0.17121732,-0.12327496,0.019698398,0.105608605,-0.17595586,-0.15445459,0.19156492,0.0632847,-0.03563602,0.1808686,-0.1866995
-0.009308483,0.0070618577,0.0024779718,-0.14911811,0.03604806,0.18915889,0.12616009,-0.20861408,-0.1326489,0.23401557,0.119145215,0.1626344,0.258236,-0.15848272,0.033425264,0.13339376,0.092625946,0.014933313,-0.11283618,-0.017812606,-0.13775107,-0.12814094,0.11277794,-0.1414831,0.042501062,-0.11360229,-0.11085187,-0.04124541,0.10385824,0.11331913,-0.16736875,-0.11954623,0.12409461,-0.16014056,-0.121217236,0.29447532,-0.16251075,0.010687293,0.1543057,-0.09291838,-0.10060828,0.08670042,-0.15692078,0.16833799,0.13290755,0.11456373,0.07037841,0.010012769,-0.05904013,-0.11092174,0.24066854,-0.039924532,-0.20214505,0.0684344,-0.066074334,0.0148280915,-0.2102327,0.005593167,-0.18938124,-0.12057222,-0.0848757,0.21551141,-0.14122796,0.017419439,-0.07269432,0.08147861,-0.10509361,-0.06879959,0.037948057,-0.15779626,-0.057643432,0.028447794,-0.10450868,0.026710015,-0.16318876,0.09147292,-0.16926616,-0.05829516,0.032665957,-0.17922024,0.02989203,0.243618,-0.034368046,-0.07105749,0.19912162,0.09707486,0.03859793,-0.19598292,-0.17146684,-0.0010158803,0.14200576,0.05555085,0.059514333,-0.13796224,-0.05832458,-0.08079304,-0.17220254,0.046735235,0.10291635,-0.0031168119,-0.11069667,0.19053571,0.04154148,0.009889257,-0.12012715,-0.13523029,0.13548623,-0.1510504,-0.051824916,0.020989284,0.04840783,-0.02896602,0.19830282,-0.07682165,-0.0330513,0.14615057,-0.07760305,0.11212025,-0.09041735,0.046180606,0.024763841,0.0477723,0.08204524,0.18526328,0.028960329,0.19066237,0.008296405,0.1664573,0.057335127,0.022158012,0.0476323,0.12922542,0.23334183,0.114335865,0.07146966,0.17945188,-0.37956887,-0.030447785,0.103931345,-0.16056618,0.051403575,-0.14621043,0.15749493,-0.043793615,0.03558524,0.04334244,-0.11722666,-0.0074024047,0.07619358,0.05278945,0.16736788,0.057519965,-0.16995567,-0.032693684,-0.098047785,0.14269784,0.16597922,0.17727919,0.14997806,0.17657474
-0.16965222,0.10079291,0.104847096,0.0762416,0.14247866,-0.018154122,-0.009707571,0.019921694,-0.08176913,0.20131828,0.015394241,0.191821,0.25814003,-0.055214208,-0.11173492,-0.12824304,-0.15596923,0.14076932,-0.2034736,-0.16282474,0.16952947,-0.26728335,-0.072254755,-0.15138473,0.018611452,-0.16671607,-0.14967713,-0.15671253,-0.060956173,0.1716342,-0.15457934,0.07577177,0.05277127,-0.022909494,-0.18579236,0.20130345,-0.02616674,-0.03655242,-0.056665618,-0.0384057,0.109725446,-0.063584775,-0.22019993,0.09115284,-0.091424145,0.083682105,-0.1456582,-0.08838252,0.13855034,0.21549019,0.19528541,-0.10912972,-0.09322995,0.045666635,-0.048652336,-0.003638475,0.05829059,-0.064715646,0.092504434,-0.06350148,-0.058016732,0.22161682,-0.045938745,-0.11478021,-0.11770384,0.058042634,0.03654049,-0.17256202,-0.09687248,0.15823764,-0.1626278,-0.07002629,0.057631213,-0.088826545,-0.053576045,-0.00059891,0.20343943,-0.17042695,0.06493156,-0.03645187,0.017924545,0.07322282,0.16229938,-0.04005386,-0.06498701,0.12403079,0.13651869,0.000568985,-0.067024894,-0.09512372,-0.008202001,-0.15829591,0.15058051,-0.10403615,0.14830111,0.1714805,-0.054426588,-0.13174774,0.11430652,-0.016070642,-0.00954334,-0.11858954,-0.21186875,-0.0668601,-0.102331944,0.05531841,0.15889592,0.059488863,0.1689398,-0.13092166,0.072484076,0.01305097,0.045082398,-0.24849442,0.10506479,0.22346042,0.0644812,-0.010596379,-0.02930995,0.1459851,-0.14406002,0.18511638,0.07101745,0.09918956,0.019540377,0.18929473,0.084482186,-0.011424022,0.033141598,0.22476017,0.1283744,0.0991508,0.083987005,-0.017812768,0.21439093,-0.01340065,-0.25494307,0.071396425,-0.0041875313,0.15443234,0.17469458,0.13536252,0.04845956,0.14390093,-0.031048859,-0.042570308,0.041982584,-0.37263325,0.09117046,-0.024459466,-0.009398604,0.21136855,0.1118049,0.09092192,0.06333716,-0.008228795,-0.02029443,0.13011017,0.014207882,0.24793059
-0.10339334,0.044517975,0.04814355,0.15654597,-0.024846993,0.039987158,0.030885283,0.02712193,0.028287921,0.059292793,-0.041326456,0.116049886,0.13579021,-0.14815356,-0.15393536,0.11621039,0.05924232,-0.08909917,0.16396828,0.11409741,-0.09463415,0.029148297,-0.16903226,0.048950724,-0.110808544,0.113711886,0.04890966,0.11742422,-0.046682626,0.04010898,-0.12698472,-0.07325377,0.028820392,0.05184605,-0.17068341,-0.047824427,-0.14016162,-0.096649304,0.1457839,-0.002840659,-0.07807952,-0.041980755,-0.10556554,0.15981488,-0.07255365,0.04279033,-0.10877853,-0.081974484,-0.13666391,-0.12657195,-0.07938568,-0.088863015,-0.10673882,-0.15746112,-0.013512431,0.15860039,-0.10383421,-0.11067003,-0.15585767,0.09310931,0.1454101,0.0076388866,0.03571082,-0.16868015,0.10464133,-0.10868639,-0.068799034,0.036851227,-0.05463244,-0.029459491,-0.101649344,-0.17115992,0.053260934,0.011071213,0.15054032,0.15048523,-0.16571186,0.011380803,0.15049337,-0.08027363,-0.03468559,0.11849329,-0.096803285,0.02058599,-0.054692686,-0.11409772,-0.063860685,0.002632727,0.025138976,-0.08972866,0.15454535,0.16044536,0.05369774,0.11120182,0.02259675,0.04654898,-0.05848675,-0.030283123,0.026420023,-0.026383072,0.13463047,0.11358678,-0.11779802,0.05225517,-0.13728216,0.075286366,-0.06614945,-0.09146102,-0.033405054,-0.00017686188,0.09761751,-0.09919469,-0.0364694,-0.15353455,-0.033447776,0.10101322,0.121856675,-0.07044731,-0.07152566,-0.10511548,-0.13793413,-0.0064970213,-0.013286046,-0.049656592,0.14614978,-0.08522517,-0.10082623,0.052089598,-0.05159955,0.1511885,0.09690253,-0.06586405,-0.060770687,-0.11169749,0.08093794,0.118273556,0.11095804,-0.10306015,0.113461554,0.02612006,-0.120308265,-0.07130461,0.06652179,0.045174796,-0.10140322,0.064749844,0.070349224,0.022415895,-0.038639404,-0.07258117,-0.151923,0.112640314,0.0874183,0.0539904,-0.13537362,0.101851776,-0.10447333,-0.14501029,-0.16642575,0.17123808
-0.026726292,0.11182702,-0.0029794062,0.0040617227,0.10614812,0.095297016,-0.102539115,0.16428103,-0.09683673,0.29646134,0.03596193,0.2102595,0.08736207,0.10792402,0.13324197,0.19612461,-0.091004826,0.08987533,-0.17760251,0.017418297,0.26762068,0.071226,-0.098718345,0.11906801,0.3485873,-0.09374913,0.09920816,0.06279771,0.16157752,0.13649474,-0.039157774,0.0337257,-0.113647245,0.09523504,-0.13107939,-0.17086416,0.023920234,0.043691162,-0.053162914,0.15719293,-0.11557247,-0.16208544,-0.032923296,0.1834992,-0.024448663,0.19905552,-0.10203097,0.039584987,-0.04065571,0.22921872,0.28174222,-0.03293002,0.12528968,0.060751494,0.01872625,0.11888723,0.08798168,0.14630954,-0.18026857,0.1488647,0.059900336,0.10242897,-0.034114376,-0.018608322,0.08866813,0.0054644556,-0.1588888,-0.03976866,-0.1181239,-0.0051720114,0.10131999,0.17254516,0.0098473495,-0.21060038,0.13411842,-0.010844541,-0.13491522,-0.13217393,-0.14040518,-0.1521555,-0.14865585,0.059436373,-0.039933406,0.109619685,0.13215524,0.124174856,-0.12348531,-0.10798263,-0.04259761,0.21731143,-0.10533553,0.033050552,0.46164975,0.15513721,0.22264962,0.15028296,0.22722931,0.14184825,0.039793182,0.13309538,0.2382917,0.061330654,-0.36856052,-0.07553992,0.1700255,-0.07616993,0.17934509,0.365243,-0.085149445,-0.14740427,0.09375254,-0.058510743,-0.18098213,-0.4051059,-0.027153293,0.23332079,0.08004019,0.16021143,0.043795913,0.05446825,-0.20520015,-0.13563162,-0.0762535,0.06454836,0.06801097,0.06797324,-0.11973921,0.051459987,-0.082580954,0.16597173,-0.017803496,0.27519277,0.52710974,0.08052433,-0.177729,-0.10606302,0.16164467,-0.039680794,0.06271406,0.096450925,0.1562855,-0.2295383,-0.2914315,0.13785298,0.27508336,-0.12536587,-0.0026537152,0.06095925,-0.035163186,-0.08850014,-0.080162734,0.23690689,0.05840291,-0.23199512,0.068135634,0.15362777,0.027311739,0.106877714,0.16707231,0.24555787
0.15223756,-0.22904748,-0.009044292,0.08349288,0.12259865,0.08020041,0.018768668,0.2054226,0.1667933,-0.25118873,0.0803526,-0.0516424,0.20418458,-0.013947002,-0.008865099,0.051923715,-0.1456239,-0.042936638,-0.014908369,-0.06200497,-0.061448,0.19013083,0.046131033,-0.15219292,0.083999306,0.1625681,-0.04643671,0.27067512,0.008475414,0.058566615,-0.078949876,-0.055289112,0.027794784,-0.036987036,0.06922722,0.2490805,-0.11177781,0.27414432,0.20274223,0.053570252,-0.14939362,-0.19858791,-0.20021582,-0.2165606,0.030448647,-0.124680184,0.1903563,-0.08797388,-0.23734963,-0.050614953,0.65041924,-0.28340685,0.054946825,-0.05880335,-0.03053939,-0.08014875,0.13836616,-0.10490607,0.05552028,-0.100715816,0.10332031,0.6468895,0.3244788,-0.16144091,0.2680571,0.10060436,0.16016693,-0.12000432,-0.1863099,-0.031146362,0.20017846,-0.19842973,-0.044614345,-0.009559012,-0.35583955,-0.26874024,0.05253361,-0.26019344,0.002706063,-0.11549658,0.023289585,0.008963579,0.06057927,0.13872035,0.1622575,0.13198094,0.03358167,-0.15818265,-0.08899442,-0.05936445,0.27424258,0.02655777,-0.062075995,0.14685316,0.2871296,-0.13109386,0.07617061,0.16988191,-0.18513252,0.0024107958,0.3971948,0.31483525,0.48193684,-0.11889212,-0.109227896,-0.18837924,0.07828719,0.30245987,0.21922953,-0.08010377,-0.008837043,0.26321492,-0.05365431,0.5158782,-0.115261,-0.23256892,-0.091610335,-0.08890834,-0.0060358373,-0.033197198,-0.06728974,-0.03499762,0.09148289,0.080621235,-0.1731534,-0.117185466,-0.073388346,0.032941066,-0.3603958,-0.15813488,0.3971214,-0.12802626,0.009278456,-0.20451169,0.31641456,-0.058639985,-0.33564535,-0.032424964,-0.22732422,0.07920756,0.16686805,0.25805485,0.6383804,-0.20784003,0.1953833,0.10060649,0.07658075,0.0033390126,-0.07674293,0.005023703,0.21585628,-0.26041254,0.018094216,0.195453,-0.32030085,-0.3582907,-0.060434494,-0.27643275,0.03126031,-0.13821346
0.11244329,0.081690185,-0.030659458,0.17395592,0.10089162,0.0062484397,-0.110378906,0.04682217,0.18318132,-0.057585817,0.010481135,-0.047467116,0.082780816,0.24292074,-0.0066628326,-0.012144731,0.34514254,-0.05655786,0.088726796,0.083541706,-0.04084278,0.10145779,0.03539951,0.1878041,-0.041711878,0.20094837,-0.1125149,-0.36203527,-0.09265288,-0.14205766,0.095076635,0.06098594,0.24425733,-0.28807113,0.11822631,0.0713908,0.2726696,-0.1172751,-0.006248363,0.18424442,0.38343382,0.18813156,-0.17053756,0.31776524,0.17297083,0.015557048,0.0647008,0.028928531,0.19891138,0.24492839,-0.38742563,0.17698517,-0.06302106,0.04604034,-0.044745144,0.24152485,0.45147577,-0.029108426,-0.042849403,0.033517484,-0.2153183,-0.0857965,-0.0040262043,0.012050736,0.1928486,-0.16067919,0.040512517,0.04226899,-0.08241526,-0.05447653,0.043872677,0.159679,0.25667277,0.027214574,0.17239003,0.06512004,-0.0315977,0.07788368,0.08488381,0.19276154,0.09187829,-0.021303982,0.038765486,0.060718346,0.08026966,-0.21686573,0.040008698,-0.06012593,0.24815066,-0.0032027103,-0.32078397,0.03061717,0.30894616,-0.11295828,-0.14142838,0.053910226,-0.09321564,0.018119995,-0.121688396,0.022185706,-0.05433661,-0.117619276,-0.086774364,0.15253004,-0.2595203,-0.23511377,-0.17735982,0.06868489,0.20520695,0.11757333,0.019267898,0.19406436,-0.099953964,0.009696737,-0.16845854,0.07699461,0.026250763,0.060063966,0.06396748,0.017066265,0.19786538,0.030750051,-0.06645892,0.2462892,-0.05617636,-0.010634079,0.11035988,0.19628815,-0.09400571,0.08358336,-0.019277936,0.19507146,-0.2136569,-0.040162757,-0.30412495,-0.0073443423,-0.06066752,-0.08455935,0.10311041,-0.052376777,-0.08041184,0.24444243,0.12706041,-0.065967,-0.16632053,0.12611721,0.07582565,-0.23185576,0.1654955,0.120126665,0.08660429,0.2452289,0.031913806,-0.070052505,-0.039878495,0.14741828,0.07214228,-0.08568173,0.002952591,0.04221395
0.046015725,0.112187944,-0.047162164,0.08754513,-0.05704922,0.21638677,-0.0020481136,0.078490384,-0.07111508,0.02705688,-0.28538832,0.32953012,0.04969383,0.001839331,-0.29401615,-0.08793787,0.14156531,-0.15708794,0.102809064,-0.051288627,-0.12669814,0.091652274,-0.42051968,0.14166985,-0.16295384,0.16840199,-0.022461446,-0.06725433,0.12856874,-0.06279056,-0.098900355,-0.04461838,0.043296948,0.042945687,-0.00027504965,-0.036884923,-0.1171448,-0.045054223,0.054192666,0.23093334,0.016261406,-0.0072155935,0.0903763,0.08359697,0.16067903,0.27569962,0.04813317,-0.13001463,-0.08901424,0.024510669,-0.24309668,0.07620149,-0.14704457,-0.019366559,0.13522904,0.21819597,0.2559327,0.07286728,-0.019555237,0.09108733,-0.05992283,0.18967304,0.13762897,-0.100404605,-0.12937975,-0.04405266,0.1353989,-0.43690968,0.0026622284,0.0033884011,-0.06932898,0.33328786,0.19504078,-0.21029675,0.07464285,-0.19967572,-0.021162339,-0.1933743,-0.11082565,0.21424168,-0.0043746484,0.14599754,0.20530605,-0.19524048,0.11734449,-0.016225686,0.13949014,-0.031147655,0.21471497,0.41173592,-0.02484067,0.12167103,0.03456291,0.15924193,-0.4512037,-0.14167833,0.2991019,-0.14363201,0.078510724,-0.021400785,-0.13837747,-0.0062731896,-0.41039142,-0.06109423,-0.15696079,0.04099558,-0.029151015,0.01313315,0.049802795,0.16583274,0.007694617,0.17365472,0.015449075,-0.17986187,-0.13732724,0.20127358,0.07398095,0.109854706,0.08618987,0.118548766,-0.0043956456,0.060731653,0.17802303,0.10648725,0.14179926,0.106049195,0.02347837,0.21088718,0.019967565,0.07429634,0.08283905,0.3032942,-0.050627418,-0.044885606,-0.096011244,-0.06378175,-0.16042696,0.0032614137,-0.17689554,-0.16073857,-0.008732571,0.6080469,-0.0056412993,0.088409476,-0.059352256,0.2300428,-0.081601724,-0.27873817,-0.0144568235,-0.09815216,0.19619675,0.04924743,-0.1733644,-0.07283017,-0.16615543,-0.061483137,0.1951273,-0.17029658,0.049130436,0.022646677
-0.05429401,-0.05102693,-0.14635223,0.08846471,0.16108783,-0.10066908,-0.11836616,-0.0668992,0.104670085,-0.112693176,-0.0044677258,-0.10857276,0.066534914,-0.034318782,-0.05113612,-0.044822413,0.15051922,0.09863264,-0.053292178,0.16059634,-0.09145229,0.066030145,0.28661394,-0.056511186,-0.042243175,0.01026124,0.12464082,0.17195916,-0.13734227,-0.054516666,0.11924665,-0.01507074,-0.12776007,0.17933929,0.15254366,-0.018592173,-0.112535685,0.04849123,0.019433036,0.07223896,-0.0275318,0.0608967,0.08226607,0.121798754,0.05926815,-0.050338503,0.01854369,-0.1881656,0.133024,0.13995549,0.09660978,0.14344814,-0.11311484,-0.01124323,0.16585696,0.03701712,0.020878866,0.02605719,-0.1151668,-0.021679383,0.13018058,0.22867279,0.15053931,0.04364311,-0.039006874,-0.014089481,-0.09062075,0.034790054,0.013820491,-0.05923044,0.15988944,0.16857429,-0.095672056,0.1235865,-0.03183995,-0.08792904,-0.17203875,-0.109405175,0.13702156,0.11624453,0.10799167,0.009975401,-0.012614019,0.15484937,-0.060357068,0.005118709,-0.12053291,0.11816348,-0.12012285,0.10886939,0.07113737,0.18317509,-0.09110402,-0.070157,0.035665337,-0.14814852,0.18484583,0.06682307,-0.011566285,0.076063305,0.14885966,0.048408087,0.5571003,0.08804893,0.13685003,0.091474205,-0.1301517,0.14291257,0.1332088,-0.15811601,-0.08952952,0.31949404,-0.13812523,0.44813165,-0.15402445,-0.02416367,-0.007145954,-0.21259315,-0.15406758,0.053839367,0.15039349,-0.05472954,0.020031484,-0.04907917,-0.15252514,0.05792102,-0.16166194,-0.15063488,-0.09674793,0.18762998,0.08911979,0.004020687,0.12938613,-0.058530413,0.025003754,-0.10741108,-0.0028512445,-0.13038383,-0.13645972,0.14798294,0.1428023,-0.009422293,0.038519748,0.08896089,0.25907534,0.007633261,0.17459795,0.11734905,-0.07236958,-0.09118504,-0.039350502,-0.05890588,-0.18215513,0.27469262,-0.089679815,-0.1370679,0.08919973,-0.09096337,-0.13889065,0.16871458
0.12440895,0.16867098,0.17241721,0.0854605,0.1673889,0.029388092,-0.08875204,0.12966157,-0.07704855,-0.13583682,-0.04939144,-0.22089738,0.016825676,0.033670846,-0.18127787,-0.058625974,-0.05521173,0.0051975576,-0.076888256,-0.16997628,-0.04464736,0.08243332,0.08180859,0.123963684,0.10912752,-0.23047009,-0.20195763,-0.118471794,-0.08642197,0.097629085,-0.11452447,0.1781999,0.021033682,0.11168223,0.048195187,-0.12833898,0.12356751,0.121175095,0.17310032,0.10006657,-0.008905041,0.041864097,-0.096849315,0.24634553,-0.028538616,0.07314368,-0.16152866,0.008796391,-0.18779987,0.048472214,-0.23945157,0.13326204,0.06960356,0.014493216,-0.024927808,0.07974806,0.011649197,-0.07175604,-0.13749793,0.010911109,-0.10218907,-0.08259103,0.12800664,-0.16182773,0.055045623,-0.18495451,-0.010783243,-0.011020307,0.09047238,-0.05391897,-0.03996775,0.1284704,0.03550506,0.011465025,-0.18725388,0.215943,-0.053293686,-0.17568687,0.041675273,0.06001363,0.20054942,0.2696504,-0.0019843003,-0.012761544,0.08577796,-0.13753651,-0.022541074,-0.08256084,0.012565838,-0.099051334,-0.06009729,0.0016063105,0.42177477,0.13996014,0.091121145,-0.07173569,-0.058327373,-0.062434986,-0.0797111,-0.09726293,0.25990275,0.23254731,-0.06575501,0.008682014,0.25874606,0.09585432,0.11228133,0.14825545,0.11178892,-0.1581351,0.13358876,-0.0018124843,-0.039325856,-0.32062536,-0.07995367,0.10324963,-0.03316178,0.24674986,0.13340622,0.2744317,-0.068676,0.16044669,0.1353309,0.0114535345,-0.09582298,-0.09721369,-0.11752238,0.10120865,-0.06103561,0.066079214,-0.08871954,0.03222526,0.1954127,-0.02411776,0.003417019,0.09024354,0.19267567,-0.024658162,-0.19180532,-0.13622126,-0.09232209,0.21048847,-0.009132177,0.17292432,0.23714773,0.10425672,-0.22551268,0.007623761,0.08951435,-0.14869429,-0.16805704,0.18932143,0.12329296,-0.15936178,-0.010214854,0.3005344,0.11169792,0.12620363,-0.108660944,0.11303083
-0.08673885,0.018257232,0.07782421,0.02892916,0.040890567,0.12138457,0.09874207,0.04056481,0.09162726,-0.0631481,-0.014461007,-0.13466439,-0.063976206,0.12728454,-0.14698328,-0.1634008,0.15857114,0.11957564,-0.12649049,-0.07509188,-0.031218093,-0.031669427,-0.09181019,-0.17191485,0.032287538,-0.14454654,0.1088873,0.14048769,0.076611534,0.016872214,0.09675187,0.058945805,-0.07229065,-0.019063793,0.09039498,-0.055281498,-0.012018199,-0.05637717,-0.07258344,0.06158637,0.13613541,0.1193982,0.10483301,-0.17868772,-0.015408119,-0.10861991,0.13519448,-0.16198054,0.05735192,0.062647365,0.15542208,-0.07059779,-0.012954734,-0.029074963,-0.13007817,-0.12890267,-0.027578792,-0.1215652,0.08043706,0.14629509,-0.07770182,-0.1234512,0.034165833,-0.106568776,-0.15624958,0.04828658,-0.042562116,0.10049809,-0.1535567,0.118651316,-0.08404618,0.009370214,0.08353676,0.011599959,-0.098737314,-0.13754696,0.13570532,-0.050361652,0.1403087,0.056225743,-0.08321733,0.12859075,-0.07724642,-0.029913126,0.066949144,-0.06543871,0.1353142,0.0125949895,-0.08728376,0.1033357,-0.12740162,0.04277699,-0.10596264,-0.03564461,-0.16664565,0.10367451,-0.16297464,-0.0730942,0.08974005,0.044340737,0.05593249,0.09602484,0.03486454,0.05720381,0.031206239,-0.067242905,-0.12121341,0.10346028,0.15154006,0.10000869,0.0964971,-0.07521906,0.068847515,0.036938276,0.141362,0.057178587,0.14964524,-0.06804457,-0.16291068,0.034508917,0.029704973,-0.075964704,-0.13578431,0.0833275,0.09563108,-0.00039176064,-0.07557971,0.07161045,-0.03824016,-0.0900448,0.07134307,0.08836069,-0.049303055,0.122716054,-0.08337532,-0.16833559,-0.17243172,0.08025961,0.0037075512,-0.058743563,-0.13214678,-0.14765008,-0.05202165,-0.06821713,0.12962261,-0.1746976,-0.09863454,-0.10153603,0.04322791,-0.12877408,-0.033729635,-0.107721984,0.12121651,-0.102825925,-0.00025026573,-0.07899282,0.07462343,0.16008405,-0.13318397,0.16661341
0.05202298,0.08237658,0.01571196,0.23405968,-0.053245496,0.1221481,-0.10769712,0.18380468,-0.00795888,-0.082121715,-0.057948496,0.14065848,-0.06868518,0.019578533,0.031927023,0.113973685,-0.027981939,-0.023037445,-0.14053853,-0.11293339,0.041194003,0.5200557,-0.02139964,0.08938565,-0.0780526,0.14213833,-0.10924548,0.14209452,0.006488944,-0.16366787,-0.15536422,0.058665615,-0.21015696,0.064026564,0.099891275,-0.20090191,-0.029086232,0.16012724,0.03019774,-0.11256995,-0.15541095,0.02239895,-0.13311234,0.056957085,0.16946839,-0.06340126,0.09541701,-0.03198627,0.12489721,0.21966611,0.25748387,-0.046749655,-0.18599774,0.14337073,0.2740404,0.091219194,0.20467912,-0.15474252,0.046918623,0.06753721,0.34591055,0.33636284,-0.12679474,0.06578803,-0.068181515,-0.13628694,-0.15141308,0.01333468,-0.014344855,-0.03336198,-0.13249113,0.04022142,0.0047028707,-0.18501166,0.032992873,-0.037409656,-0.17742424,0.009879074,0.055381086,-0.077191025,0.08939059,0.008079538,0.15109073,-0.08928314,0.03212708,0.05765243,0.14353658,0.16566801,-0.09714369,-0.069660574,0.123846814,0.123293094,0.36412105,-0.07245621,0.25833043,-0.027427385,0.02077995,0.106129795,-0.11181698,0.13926946,0.2709193,0.4497779,0.053543895,0.04132076,-0.09607378,-0.01831843,0.14739421,0.29611897,0.14063014,0.11635615,0.054996163,0.16169992,-0.18882993,-0.07671595,-0.044199243,0.091023654,-0.07529553,-0.19242652,-0.23796241,0.1761337,-0.04065442,-0.047799915,0.15265018,-0.03603756,-0.031421177,-0.065561876,0.05068018,-0.14492068,0.051159967,0.34603694,-0.19644076,0.075455,0.24758221,0.027167268,0.021591982,-0.16762052,-0.06307948,-0.07181532,-0.19077203,-0.07126104,0.12970611,0.2194729,-0.003063135,0.018657494,0.5186479,0.10516127,-0.18962568,-0.0754575,0.13017197,-0.13482223,-0.12211392,0.26292914,0.065739125,-0.1220222,-0.084446326,-0.020175423,-0.14134699,0.07926402,0.1357385,-0.027134808
0.22133328,0.15335968,-0.07979853,0.10520297,-0.046737492,-0.04717965,-0.046109773,-0.1371079,0.064304516,0.20538048,-0.109577365,-0.15975879,0.1949373,-0.029771114,0.058797643,-0.10761987,-0.059028365,-0.1538428,-0.013925894,0.121573046,0.2115115,0.23365098,-0.12824127,-0.12009471,-0.0035353168,-0.19790247,-0.11882628,0.20298661,0.042143412,0.046099573,0.0035046844,0.31790933,0.038363174,-0.073981285,0.1438208,-0.1401238,0.10055938,-0.16865997,0.02111476,-0.030200016,0.14869897,0.013500717,0.07763519,0.22969246,-0.07214698,0.03447033,-0.05458747,0.19882807,0.07881179,0.11508462,-0.12218232,0.28502917,0.1803962,-0.044547684,0.013547442,0.08499076,-0.039948624,-0.15209343,0.07338399,0.14223073,0.031732295,0.12781878,-0.09759073,-0.09148724,0.20293555,-0.07032618,-0.020039858,0.11247251,0.06454179,-0.050244335,0.08119464,0.009222709,-0.1547689,-0.0797993,0.059769712,-0.056569412,0.0926375,0.20362952,-0.0017434068,0.010699284,-0.027264824,0.13388416,-0.042060304,-0.087873496,-0.027949719,-0.067357674,0.07451923,0.10505528,0.11974404,0.26122132,0.12269803,0.24429803,0.35527328,0.1592783,0.37391713,-0.0262632,0.14711717,-0.04210267,-0.034449145,0.020913789,0.28808948,-0.008717161,0.037115764,-0.10453316,0.1746254,0.13692921,-0.04504078,0.2555838,0.091543205,0.05235258,-0.04917666,0.22291626,-0.083953395,-0.14308295,0.0059645222,-0.003934067,-0.04459467,0.041658714,0.07636997,-0.01987789,-0.07445394,-0.04256138,0.11325726,0.035154603,-0.0976826,0.12140664,-0.0108908955,0.07030867,-0.120199464,0.21935613,-0.11537553,0.34380367,0.20387968,0.042860813,0.029914794,0.16015205,-0.034942705,-0.028621674,0.20929444,0.022811651,0.08319142,0.034130864,0.066225715,0.15398873,0.22394809,0.11657113,-0.07771912,0.046131868,0.020595603,0.054075345,-0.15570474,0.27131,0.009339396,-0.0743295,0.08167988,0.1011164,-0.057274,0.07233003,0.14650953,0.09869468
-0.009298548,0.13454878,-0.104959995,-0.099346474,-0.14605874,0.08469939,0.046679467,-0.04794328,0.102606535,-0.08290029,-0.13068876,0.17185539,0.10336241,-0.079787984,0.11534113,-0.08090172,0.10281354,0.09514287,-0.020474166,-0.031424373,0.07921752,0.12609035,-0.17185444,-0.047111884,0.07943863,-0.045842588,0.13590884,0.08463237,0.010879904,-0.054699726,-0.087610684,0.03455563,0.011229888,-0.006431207,-0.06787148,0.08131826,0.0024745762,0.02613172,-0.09603175,0.09464249,-0.047836438,-0.100939736,-0.024915159,0.09595129,0.15555543,-0.054290116,-0.08864851,0.14795294,0.012849331,-0.0037437975,0.17308131,0.0048742443,0.13652614,0.07332787,-0.054705672,0.056224927,-0.023562938,-0.13633403,-0.16885053,-0.11819559,0.06441672,-0.048429318,-0.010088727,-0.043554083,-0.14489442,-0.09676201,0.09472686,-0.066058785,-0.018654943,0.015241072,-0.07516791,-0.01571402,0.066549584,0.042671144,-0.15551934,-0.17190167,-0.14316353,-0.07548035,0.049947217,-0.089748375,0.08437458,-0.026298374,-0.0055615753,-0.1705775,-0.0077043027,-0.07404204,-0.14221811,-0.07592209,0.053807616,-0.16173625,0.0626435,-0.09101197,-0.1265168,0.017316699,-0.0029466748,0.0973489,-0.07532293,0.13302958,-0.16015774,-0.10119766,0.037943825,-0.06787078,-0.04546015,0.005593404,0.06202221,0.043524176,-0.029290274,0.11063522,-0.0023448318,-0.02546975,-0.16915232,0.079683304,-0.10238511,-0.028903827,-0.041135117,0.08336404,-0.11508772,-0.032588273,-0.0926784,-0.035199836,-0.110220894,-0.0054892153,-0.159086,-0.16608733,-0.07029733,0.11075699,0.03922452,-0.057994843,-0.105591446,0.13946256,-0.030999064,0.08870265,-0.032426074,0.025875598,-0.14499043,-0.0083027035,0.16723076,0.03619021,-0.14288342,-0.04889509,0.16690618,0.03662981,0.08231315,0.14011887,0.14562985,0.08872607,0.07069525,-0.08534712,-0.12759887,-0.05014427,-0.09892382,-0.08936953,0.059622988,-0.10055903,-0.03625509,0.061189577,-0.15414205,-0.08403079,0.14082208,-0.13341258
-0.06657147,0.18878843,-0.096140064,-0.12989488,0.08689122,0.15627538,-0.067184106,0.0044007604,-0.065114245,0.24067311,-0.15254991,-0.05937748,0.15653305,0.14621638,-0.15252735,-0.03975717,0.066139854,0.073137015,-0.12510486,-0.028815614,0.016164137,-0.23541968,0.00932704,-0.017126907,0.14244504,0.026692808,-0.05695656,-0.00011799431,0.0025964093,0.09660706,-0.11384171,-0.1338017,0.13061005,0.028060894,0.054017875,-0.03694248,0.055514038,-0.07818415,-0.124467164,-0.08242706,-0.13971919,-0.05884142,0.06863401,0.024100734,-0.020123906,-0.0081850765,0.113914296,-0.10082147,0.13791971,-0.20666088,-0.118525594,-0.07824172,-0.102508575,-0.06430958,-0.03575485,-0.07021514,0.13128734,0.09481006,-0.0766154,0.013923339,-0.056251038,-0.006252525,-0.05752798,0.047628153,-0.060903233,-0.19545697,0.071315594,0.10300371,-0.016352627,-0.14098936,-0.09578883,0.058206696,-0.12199337,-0.0021057455,0.016108507,0.114475064,-0.028928414,-0.12871249,-0.07389927,0.057923317,0.18105601,0.26374087,0.20846163,0.19826657,-0.13434681,0.057229463,-0.058789007,0.17430247,-0.025252463,-0.14882489,-0.07753621,0.14089097,0.17175645,-0.066531725,0.045081865,-0.06344791,-0.14382675,-0.1369156,-0.05463755,-0.0012054358,0.12972863,-0.08912598,-0.0019841362,0.124364614,0.042574637,0.0013633422,0.04903834,-0.14102899,0.18116213,-0.15092778,0.011460984,-0.03019885,0.0049395957,-0.17084712,-0.14830829,0.2177806,0.19327627,-0.15847248,0.20630868,0.05175197,0.20609865,0.03564355,0.109027386,0.2178679,0.12941433,-0.08915965,-0.13995194,-0.09957031,-0.09133897,-0.040842105,-0.015584462,-0.12555355,0.27548927,0.09773236,0.14279155,0.18428189,0.03889867,0.015649678,0.06772947,0.1472133,0.016538661,-0.23218226,-0.16130745,0.052686356,0.08763878,-0.058226828,-0.122337304,-0.15850037,-0.05794917,0.014224082,0.025205187,0.029105894,-0.017933678,-0.22300185,0.14069016,-0.13075496,0.02191455,0.08240067,0.22041912,0.19237603
-0.018979518,0.0025298311,-0.047368363,-0.025230164,-0.1035921,0.011355872,0.08124839,0.12251786,-0.06066386,0.05156029,-0.24229136,-0.3200298,0.25190523,0.09329539,-0.14338367,-0.031009683,-0.068299524,-0.07302076,-0.11204196,0.16087782,-0.09689098,0.60353684,-0.062599,0.052297495,0.329867,0.18174511,0.13017707,0.165068,-0.05557225,0.070336826,0.19260459,0.22038482,-0.07554039,0.09564408,-0.15215427,-0.107101254,-0.009066579,-0.045434926,0.17583166,0.14133354,0.22683449,0.07852634,-0.049407955,0.11909966,0.03689448,-0.07324292,0.06841314,0.070381284,-0.09038486,0.34167552,-0.6677003,0.48472324,-0.004273554,0.11216487,0.18856774,-0.06053749,0.41603643,0.09860125,0.19791025,-0.017391007,0.30118206,-0.31563976,-0.2959298,0.11105257,0.41848427,-0.10798418,0.24448188,0.13897689,-0.041624323,-0.1275091,-0.04793839,0.11691954,0.022017667,-0.06734827,-0.053705744,0.08674434,0.16039148,-0.037989423,-0.055730585,0.5020169,-0.09541317,0.14291884,0.114070155,0.15715463,-0.10028192,-0.20730193,0.06399976,-0.044548698,-0.038034003,-0.031891014,-0.24128708,0.14885183,0.502491,-0.16751556,-0.08113141,0.17175937,0.21752615,0.14477216,0.11811707,0.14416459,0.059404086,0.20035164,-0.27078077,0.03934763,0.29050377,0.12961313,-0.03845153,0.21675168,0.070794985,0.15786923,0.13251975,0.17949052,0.02484786,-0.3910787,0.14651556,0.06321291,0.03926371,0.010452267,0.11805281,0.10577387,0.02783414,0.06803928,-0.059804715,-0.030401627,0.05863604,-0.14228092,0.10412618,0.020991586,-0.034220863,0.5663584,-0.49159238,0.25192928,0.23926358,-0.13736318,-0.10833739,-0.04515158,0.12159225,-0.0246388,-0.070800886,0.13250133,0.15103972,0.23340021,-0.1969107,-0.035500992,0.35638583,0.15547328,-0.106997095,-0.18828124,-0.022494586,0.11735634,0.12112644,0.21574005,-0.26507348,-0.30725434,-0.21719083,0.21456806,0.051161382,0.14398706,0.01422228,0.24042366
0.30022508,0.08131028,0.17981756,0.05617415,0.17416473,0.16405289,0.09996445,0.27596223,-0.037867084,0.0045130835,-0.049907975,0.09791979,0.0046631712,0.13344325,-0.0008433515,-0.09505019,-0.19273373,0.12090004,-0.03415662,-0.15749748,-0.239768,0.6263165,0.015062765,-0.11155723,0.29363614,0.15522687,0.14806023,0.13678932,-0.10033487,0.06908845,0.10744823,0.14022106,0.049255315,0.05787408,-0.016015317,0.029306978,-0.04174233,0.27691475,0.074732475,-0.09579391,0.046386883,0.048984267,0.1761502,0.14564648,0.047568593,-0.07733151,-0.008383135,-0.103769794,-0.1214315,0.31359226,-0.3141494,0.03679791,0.12106876,-0.066511124,0.21821494,-0.023943936,0.13270059,-0.02107335,0.014008112,0.12791474,0.15228489,0.101397134,-0.2942173,-0.10937812,0.20045786,-0.18432543,0.18670404,-0.1308319,0.026414754,-0.13807331,0.10742765,0.24795948,0.13644782,0.06266892,0.0617161,0.26963544,-0.101701915,0.14981781,0.17188771,0.33159167,0.15427878,-0.09673239,-0.014153157,0.23503928,0.06346138,-0.18879817,-0.02431386,0.12024334,-0.01131813,0.10435999,-0.10900089,0.047791436,-0.015432138,0.053091858,0.09648153,0.20818277,0.079145975,-0.10993929,0.08014201,-0.066906825,0.16557823,0.34826863,0.05311838,0.12810884,0.07679037,-0.007388771,-0.010127379,0.11664033,0.10133719,0.025318958,-0.08391452,0.28601956,0.1691178,-0.35248908,-0.12405171,0.2033863,-0.13290519,-0.14196627,0.0003196699,0.012802427,0.17899363,-0.04388895,-0.050968375,-0.014261548,0.0542463,0.042779397,-0.028441936,-0.1314715,0.013078392,0.18479632,-0.25203496,-0.1484257,0.28489754,0.18658154,0.22232783,-0.09969453,0.10673381,0.009100074,0.13396113,-0.067113794,0.023479033,-0.012343182,-0.24027646,-0.083430156,0.07145707,0.20345476,0.1669604,-0.14641,-0.02525801,-0.0498194,0.034489226,0.11061365,-0.031006774,-0.30655608,-0.047783144,0.1921616,-0.22517136,0.11281457,0.29154524,-0.0026564957
-0.0035643333,-0.07924088,-0.18820827,0.042763293,-0.15696876,-0.13435626,0.09793336,-0.054052323,-0.0042333845,-0.11518813,0.11056364,0.00586732,-0.15618558,-0.0038675168,-0.17611311,0.043773238,0.03206496,-0.123021014,-0.15764675,-0.09472243,0.030565493,0.41703328,0.23195712,-0.06151922,-0.092442326,-0.022759713,0.043729763,0.20689635,0.054087218,0.14506657,-0.12409942,0.23692043,-0.04963099,0.019077256,0.12824744,0.03922022,0.09900919,-0.045259017,-0.06192997,-0.22293891,0.077545196,-0.16079664,-0.0024563656,0.030563688,-0.14276892,-0.10270798,0.11685022,0.18368122,0.10486698,0.15444753,0.13227843,-0.038836308,-0.16335389,-0.04788402,0.07617784,-0.0372694,-0.14493896,0.15110746,-0.047674987,0.006422762,0.08746496,0.21017899,0.15916924,-0.024623614,0.044887237,0.21499483,0.23799315,0.068077885,-0.0876277,0.14898224,0.013600282,-0.09668135,0.05268987,0.15805264,-0.1273739,-0.18526559,-0.010226679,-0.17050254,-0.16735053,-0.08144509,0.017280143,0.21508822,0.2258438,0.0752801,-0.16982308,0.19214147,0.007429029,0.17465231,0.1258212,-0.08544137,0.0013742484,-0.06708456,0.35195965,0.21530701,-0.059473876,-0.1019718,-0.015014095,0.07647652,-0.081544906,-0.01711526,0.09393333,0.12092516,0.15063672,-0.13952456,0.124217086,0.048775252,-0.15160331,0.01571666,0.108657956,-0.15245423,-0.08722436,0.15686369,0.02759738,-0.0017265592,-0.08210255,0.23692414,-0.18406318,-0.08558907,-0.124976136,0.23150937,-0.18120356,0.03232138,0.013657303,0.25232458,-0.17291294,0.08105617,0.04573029,0.13918312,0.116302416,-0.058091532,0.33171672,0.18146965,0.027506428,0.2010807,0.060298264,-0.06886238,0.11076741,0.0008866446,0.073666394,0.16037081,0.10971479,0.03729292,0.2372937,0.04005274,0.20312537,-0.11093341,0.0821375,0.0846485,0.14763366,0.0434531,-0.030919492,0.09138901,-0.09076227,0.3360718,-0.2232538,0.23067091,0.10806616,0.05907403,0.07974368,0.14928062
0.011672747,0.003459593,-0.13490564,-0.024073152,0.02886121,0.08449281,-0.14911482,-0.04735406,-0.024164233,-0.07448461,0.33573338,-0.2511919,0.12897348,-0.0871858,-0.01813298,0.15432826,0.12167665,0.0966684,-0.2253449,0.13220134,0.064482145,0.48903129,0.11049391,-0.13910598,0.2364717,0.11762088,0.02005695,0.10133211,-0.07910818,0.09221633,0.14427406,0.09190598,0.13380527,-0.059345666,0.14919731,-0.14500067,0.22520144,-0.13184914,0.13885507,0.24341047,-0.026934346,0.09965779,0.023102539,0.028722215,0.14833528,-0.15619262,-0.068586655,0.0051534157,0.04359801,0.15059061,-0.33529243,0.21937431,0.21557145,0.12958369,0.11598106,-0.08065449,0.22356683,-0.08957672,0.18748794,-0.06880174,0.21375784,0.112885915,0.076449886,-0.023996895,0.3902488,0.13996542,0.046385206,0.2155066,0.030840473,-0.052215204,0.11362564,0.1948496,0.26484865,0.26297778,0.21965759,0.28748074,-0.11427971,-0.010644419,0.15555923,0.26338944,-0.0012003834,0.1671754,0.03792905,-0.14604968,0.08259811,-0.20020205,0.10780725,0.21192853,-0.0818152,0.043111082,-0.058337707,0.23233512,0.18482204,0.11617851,0.093842894,0.024001671,0.11760912,-0.116607435,0.05775924,-0.12925465,0.04893969,0.21857664,0.09530865,-0.119257316,0.015023228,-0.09685957,0.09122466,0.30820692,0.090504244,0.045192413,-0.159396,-0.056574203,-0.056987032,0.044504687,-0.044122804,0.13437182,-0.059880074,0.0020810096,-0.08618136,0.059891094,0.009989101,0.20397815,0.018136226,-0.06076377,-0.2075262,-0.1448372,0.1540046,0.20559023,-0.1645609,0.16361664,-0.09576418,0.33964175,0.10416265,-0.0067041875,0.2315818,0.070732586,0.21989739,-0.1510308,0.11756662,0.1145168,0.1837713,0.4940747,-0.18802202,-0.1654475,0.1800973,0.11295965,0.14914867,0.3816662,-0.15255657,0.08636187,-0.1001994,0.41716057,-0.07051108,-0.066214375,-0.06540106,0.29999736,-0.0054003354,0.056481346,-0.12268234,0.27192673
