-0.02960968,0.09827277,0.0032228976,0.10329911,0.06774883,0.091932535,-0.13285747,-0.039051004,0.06028159,0.043810576,-0.061765477,-0.01830598,-0.09044126,0.01503709,-0.06593905,0.0685993,0.07060066,-0.06952275,-0.086166814,0.06606826,0.12473029,0.003403142,0.13282546,-0.051822864,-0.1201383,0.046178162,-0.10298283,-0.041879624,0.06088245,-0.0677845,0.09246601,-0.09836422,-0.03040988,-0.087180205,-0.031953655,-0.0037835985,-0.045172244,0.125913,-0.09959307,-0.047176763,-0.0061187,-0.08659831,-0.12540798,0.108353525,0.09151994,0.11814478,-0.13162981,-0.123869896,0.0993066,0.015778363,0.063263744,0.09293231,-0.061728552,0.09543319,0.08232951,-0.034594946,0.082271755,0.05951184,-0.047862217,-0.077813216,-0.10580638,0.13129961,-0.10002914,-0.12087044,0.066414446,0.043282166,0.0566936,0.015952334,0.012521684,0.047625944,-0.03788434,0.003368467,-0.051824883,0.08409192,-0.092882946,-0.11144113,0.028116569,-0.10608437,0.028674737,-0.051377848,0.106797025,-0.086780965,-0.034293838,0.044471785,0.0070842206,-0.13509817,-0.09695068,-0.09316358,0.036499426,0.1335749,-0.12052977,-0.10091165,0.06761657,-0.047752388,0.06598887,0.04931079,0.0799344,-0.0402193,-0.12426339,-0.056092083,-0.01618129,0.12138751,0.06660174,0.110547096,0.09584078,-0.107402876,0.100310355,-0.07252502,0.016292587,-0.066174954,0.042561024,0.0735959,-0.00046101213,-0.094815865,-0.09661119,0.04805316,-0.022375993,0.0021493733,0.12785631,0.120343626,0.0068023205,0.016249716,-0.086083636,0.022676602,0.06687957,-0.0013302863,-0.091475874,0.06971452,-0.022007935,0.10382345,0.0444092,0.118201494,0.12729284,-0.0469594,-0.039315313,-0.039910726,0.01461719,-0.07106992,0.13638979,-0.039255634,-0.0039469004,0.023913726,-0.09224937,0.06498778,0.057648584,-0.030601256,-0.044177696,-0.10995132,0.04177107,-0.12595153,0.13608,-0.09777093,-0.09737342,-0.07852145,0.06538892,-0.01571536,-0.10445458,-0.03693428,0.042169005,0.055679783
0.0111736655,0.11525634,-0.042896666,0.05449076,-0.07580739,-0.086617306,-0.046087727,-0.088203356,-0.05198417,0.059215367,0.018641487,-0.0728478,-0.113229126,0.11476821,0.055363968,0.042322308,-0.07465832,0.054207027,-0.087853834,-0.0048993677,-0.016571619,-0.0028032511,-0.061762504,-0.12852934,0.0067337006,-0.073898174,-0.10423036,-0.040283978,-0.036063135,-0.013482183,0.12048459,-0.1099459,0.042803586,0.13672766,-0.062914714,-0.03554918,-0.12071191,-0.06974227,-0.10282753,-0.007541701,0.081592545,0.031217858,-0.074329995,0.020414248,-0.08850942,0.11654073,-0.118268326,0.067457944,0.015292913,-0.07635325,0.07889402,0.020599976,-0.12039716,0.098513514,0.06927915,-0.12284821,0.03959523,0.054053098,-0.08532211,-0.006174326,0.07841326,-0.0524678,0.13081136,0.10446411,0.005941719,0.12019527,-0.0064258724,-0.12053816,-0.029516503,-0.013889223,0.021556616,-0.04679218,-0.088399105,0.069886476,0.04800658,0.0502536,-0.06265664,-0.11836398,0.09706746,0.10325526,0.09111141,-0.09753737,0.025011078,-0.062368073,0.031205058,0.09917709,-0.029217228,-0.025254168,-0.0968893,-0.118058965,-0.13666295,-0.0045752823,0.0058615655,0.024597839,-0.08832842,-0.10165629,0.07982762,0.051915213,-0.009192944,-0.039825648,0.11238752,-0.111346126,0.039977774,0.052245766,0.020886838,0.09784073,-0.11484034,0.13636461,-0.1352176,-0.13651878,-0.03690219,0.0703637,-0.010357231,0.077800736,-0.13668132,-0.09050222,-0.039027825,0.05735761,0.11718461,-0.003607139,0.012289405,0.044293687,-0.025511459,0.06576595,-0.055010885,0.064981416,-0.13387217,0.01451692,0.02671726,0.11746019,-0.12577464,0.0032026917,0.02752982,-0.051539585,-0.07588728,-0.011191353,-0.0025462806,-0.073796384,0.06434141,0.021623641,0.086956605,-0.12449981,0.06378749,-0.00943999,0.05220884,0.04491724,0.13307112,-0.08863759,0.08265963,-0.06354538,0.11265229,-0.029815711,-0.09549819,-0.012201875,-0.086344376,0.07655971,-0.05326908,0.1001772,0.13186729,-0.12852961
0.124195635,-0.09188582,-0.012329064,-0.025840245,-0.021098755,0.030649275,0.10726893,0.023373812,0.07274108,0.01695937,-0.055796698,-0.0768026,0.03519894,0.1221185,0.08566928,0.11671877,0.03147541,0.06522669,-0.09844956,0.098566785,-0.131033,0.04742089,-0.03922981,-0.0048656166,0.07417606,-0.03460709,-0.013888441,0.039458245,-0.07077717,-0.11486068,0.00057040155,0.13687885,-0.0025535673,-0.09010513,-0.05687789,0.04799038,0.016932502,0.12534407,-0.08009673,-0.037242368,0.08893566,-0.086864024,0.029559463,-0.024635904,0.022212952,0.0006105602,0.10961522,0.09207344,-0.06425284,-0.022956453,-0.094706535,0.02378425,-0.012005828,-0.0033253133,0.031491697,0.11917114,0.094176576,-0.016375676,0.02388382,-0.059764363,-0.026371472,-0.051532857,-0.08074457,-0.012298673,-0.11922086,-0.025253028,0.052192807,-0.11477962,0.073242635,-0.08699095,-0.060143456,0.016143024,-0.022529006,0.011740744,0.12073305,0.04160784,0.10175599,0.0863574,-0.0563448,0.0044352263,-0.034110174,-0.10369087,-0.066117726,0.019421294,-0.017936677,-0.082902,0.06052719,0.08562037,0.13169625,-0.10699019,-0.06235312,-0.12907396,-0.030972421,-0.07989004,-0.00023473799,0.051054806,0.049612373,0.006133884,0.020142034,0.07352516,0.12062469,-0.13287711,0.038287133,-0.028834574,-0.0034359396,-0.052053966,0.04643075,-0.024537899,0.11004871,-0.078848936,-0.10987986,-0.12816827,0.07819456,0.07065445,0.077765554,0.075257555,0.10736729,-0.09674801,0.09233262,0.0013456345,0.0794958,0.023499534,-0.09728472,0.030163825,0.05001436,0.07524662,0.07702045,0.09204216,-0.12104641,0.05883278,0.12275657,-0.019109845,0.032115057,0.11812851,0.051765144,0.08792932,-0.11555772,0.099681586,-0.12947091,0.064992025,0.12463075,0.11718637,-0.072820306,-0.12142968,0.09607512,0.020062536,0.102644086,0.010875538,0.0038329363,-0.071076445,-0.051756166,0.08670823,0.083619,0.03268899,-0.13611588,0.04062125,-0.06272915,0.06634171,0.0435611,-0.086495146
-0.0025841594,0.10772553,-0.12798274,-0.0851864,0.07523918,0.12042561,0.038982242,0.11678815,-0.05732447,0.014901444,0.12352267,-0.028438538,-0.11837942,-0.1112759,0.06585318,-0.025601827,0.100020036,0.0041841716,-0.10348131,0.02638489,0.13359764,0.10180026,0.073949784,-0.04029175,-0.034678914,-0.016426794,0.09883113,-0.03401778,0.11436316,0.113108575,-0.13009219,-0.113436595,0.10533284,-0.032876745,0.017178223,0.015588224,-0.06046842,-0.06943751,0.11331025,-0.11970521,0.11425078,-0.103919365,-0.097348675,0.0989912,0.111467764,-0.1280986,0.038053572,-0.13452484,-0.031691954,0.029551864,-0.060562447,-0.033720173,-0.04670322,0.06122805,0.08626786,-0.049512476,0.11562008,-0.05160439,-0.1296973,0.110234365,-0.08131537,0.10871051,0.058357283,-0.010337383,0.0073411614,-0.035968915,-0.04972752,0.09596932,0.0064964592,0.02110225,0.12937015,0.1055222,0.13249204,0.02029407,-0.00578551,-0.12154502,0.0964943,-0.10285201,-0.10524401,-0.12920484,-0.10434717,0.12504902,-0.11746802,-0.090137675,0.120241076,-0.10291812,-0.1296096,-0.06255054,0.0017585903,0.031849176,-0.10932127,0.1065014,0.065175235,0.09003393,0.0070586056,0.08431195,0.019048244,0.004003644,-0.018836886,0.020008385,0.13661599,-0.028706178,0.008406848,0.12152016,-0.05269009,0.124892294,0.12366262,0.13264847,0.066900924,-0.030189157,-0.04851202,0.02726391,0.10002193,-0.0052558035,0.0072477907,0.10653803,0.022005871,0.09813981,0.094499975,0.05469069,0.111538544,0.09105173,0.10056125,-0.048001945,-0.044466227,0.08653249,-0.07432569,0.01711607,0.11950606,0.0018734336,0.0029592365,-0.12294439,-0.037294343,0.102776766,-0.05673147,0.12002143,0.11991659,-0.0331546,-0.095074564,0.07631515,-0.048708223,-0.060303718,0.068727866,-0.08166074,0.11010286,0.04419042,-0.12168452,-0.09435098,-0.12609027,-0.09297988,-0.006284833,-0.07550727,-0.11479389,0.044683263,-0.019432686,-0.11064859,0.09424588,-0.083838284,-0.04898517,-0.10031718
-0.022662207,0.08305319,-0.07920008,0.05764897,0.09536198,0.05852972,-0.032507144,0.12810543,0.11308634,-0.03741403,0.09558131,0.036547646,-0.13638544,-0.077019505,0.107215166,0.06362726,-0.06427135,0.0056020617,-0.10408923,0.05158487,-0.056479014,-0.047262557,0.08930424,0.11676708,0.041785404,0.027905911,-0.049771436,0.053205058,-0.020373143,0.054590136,-0.13182181,-0.121871226,-0.10736537,-0.06584483,-0.103409976,-0.09663629,0.045442298,-0.12118581,0.062552884,-0.12723275,-0.10424802,-0.095668405,-0.061515406,-0.057588026,-0.07741326,0.105552495,0.09305529,0.01749438,0.03281018,-0.11854958,0.12239492,0.01976706,0.094000965,-0.081979305,-0.069215514,-0.019917265,-0.12214269,-0.042342715,-0.13021164,-0.07878158,0.059451833,0.016811118,-0.05568818,-0.021434292,-0.094678715,-0.08297539,-0.09430406,0.064167365,0.073818445,-0.07651606,0.124221414,-0.12035188,0.0004913658,-0.13623732,0.113612235,-0.113121,0.039426252,0.026484534,-0.10266109,0.13251689,-0.11797248,-0.04869043,0.069010854,-0.12398883,-0.00865376,0.10556291,-0.04165563,0.00896655,0.078649566,-0.019585148,0.09182823,-0.010078624,0.11379713,0.10086872,0.1359097,0.068832666,0.06961347,-0.0014479905,-0.008160859,-0.01752118,0.037486017,-0.038063996,0.0558469,-0.04316,0.033891276,0.13385227,-0.003676787,0.095450714,-0.13367671,-0.066439785,0.024796173,0.017663687,-0.049960032,-0.04733461,0.10977954,-0.011172846,0.058907837,0.043322355,-0.01384078,-0.039179727,-0.01691699,0.12063387,0.079254046,-0.11000062,0.12510973,0.04974453,0.08369787,-0.13007739,-0.06982735,0.035579085,0.06412265,-0.11475455,0.012762651,-0.02165512,0.029866904,-0.05182743,-0.039209865,0.06135997,0.0073587894,0.09761445,-0.014522769,0.08359003,-0.13592017,-0.04669702,-0.09587963,-0.1325335,-0.071415715,0.075918496,-0.062410086,0.010631949,-0.001083225,-0.086784914,-0.035119116,0.076159,-0.05658541,-0.12479181,0.059932783,-0.06309561,0.020761251,0.053604096
0.033117935,0.07291828,-0.05838774,-0.04676345,-0.0022017658,-0.11690353,-0.030298717,-0.07402439,0.056772903,0.039737567,-0.014131598,-0.07691628,0.042056397,0.051659495,0.068878695,0.062609434,-0.068916306,0.12312719,-0.04523477,0.028388202,0.011628434,0.0736956,0.010338888,0.086658895,-0.009388924,0.0010840446,-0.056016803,-0.079560965,-0.012677439,0.04325278,0.10800189,-0.06411314,-0.0788315,-0.07465937,0.11235276,-0.09689221,0.11576432,-0.05776742,0.056383654,-0.11518173,-0.09023839,0.09452747,-0.06293485,0.006734222,-0.028621458,0.05733648,-0.070071444,0.022725448,0.1027513,0.10478555,0.11561501,-0.08335364,0.10716207,-0.043979727,0.041895613,0.10856919,-0.13230221,0.08854397,-0.006179884,0.09704065,-0.13573897,0.04090266,0.006116897,-0.011556551,0.12654135,-0.13000694,-0.116933264,-0.00821358,0.05626172,-0.054741353,-0.09389314,0.08560319,0.036342785,-0.13525788,0.089467436,0.0022415966,0.019333765,-0.109798014,-0.06266451,0.042377353,0.12041882,0.030184627,0.08779253,0.0006791204,-0.032429382,-0.09900961,-0.13543117,0.024758354,0.009403616,-0.008290097,-0.07183,-0.016422555,0.087475464,0.028511569,-0.050079815,-0.009298429,-0.028777644,0.052821815,0.017304182,-0.05932206,-0.105011135,-0.11940241,-0.06795385,-0.07834023,-0.04937827,-0.09970571,-0.05664894,-0.028640196,0.11472362,-0.13685465,0.03234084,0.0836644,0.12987563,0.040705353,0.049596027,0.054100856,-0.07186777,-0.039221354,0.115715146,0.02478075,0.02831389,0.104036465,-0.119338065,0.06307164,0.05311574,-0.05858718,0.13349247,0.06417547,-0.057112947,-0.08524415,0.107978284,-0.11666354,0.098550335,-0.05504056,0.08109099,-0.08721942,0.08906637,0.02610609,0.0856837,0.065497145,0.03650002,0.080856055,0.12715459,0.09590213,-0.0043763667,0.02226314,-0.0016527176,-0.096325785,-0.038926423,0.060811013,-0.10407117,-0.097994655,0.055991888,0.07306278,-0.0408786,0.048261523,-0.06289571,-0.092943214,-0.07855192,0.033932477
-0.077870145,0.052263662,0.11787662,-0.023275346,-0.011811361,9.460747e-05,0.0998373,-0.054442473,0.13644251,0.11023548,-0.010543808,0.049068615,0.055698037,0.076442316,-0.051651694,0.060520038,0.122600675,-0.016534336,-0.021215722,-0.0718396,0.01171498,-0.022926778,-0.019675314,0.039165825,0.035594657,-0.075189784,-0.008424997,0.07010755,-0.09464304,0.13047025,0.05760798,-0.043598577,-0.122656025,0.03525643,-0.119415924,0.11928195,-0.06052784,-0.029418401,0.027083725,0.08876145,0.019307166,-0.086085066,0.1293562,-0.055540517,0.07151283,-0.061250217,0.042008907,0.1240896,-0.09109452,0.09011887,-0.09546632,0.032924935,0.13534981,0.1301336,0.060604095,0.09424351,-0.10184117,0.11704171,-0.015881367,0.0810395,-0.11480202,0.09602119,0.07997939,0.076641485,0.01886274,-0.050872378,0.04588242,0.046662018,0.072864026,0.086472645,0.003254369,0.12906289,-0.0068313777,-0.047605477,-0.08952728,0.0121741,-0.13100973,0.008887023,0.0029785335,-0.043664947,0.07330766,-0.0148374215,-0.12615174,-0.118271425,-0.04320492,0.10315576,-0.033506073,0.13135216,0.113066316,0.07310094,0.09588446,-0.11226986,0.1325599,0.01484251,0.033780366,-0.016755782,0.0505199,-0.021668471,0.13119864,-0.0968705,0.007796064,-0.044709153,0.12611088,-0.02217032,0.08201434,0.07971364,-0.10261,-0.01845795,-0.050814793,-0.06775607,-0.052914143,0.069254726,0.029116258,0.1302931,-0.006242037,-0.0010827333,-0.09015851,-0.05604422,-0.0692763,0.020844504,0.108636305,0.13249254,-0.05231978,0.030996487,-0.016722642,0.10067123,0.0023409426,-0.075232714,-0.11660216,-0.040838644,-0.08365183,-0.078123294,0.12825382,-0.09213877,-0.088513985,0.06837903,-0.053693295,0.07869889,0.024450108,0.0011711717,-0.062187962,-0.11774627,-0.08753857,0.11166078,0.115680814,0.09232864,0.07010804,-0.102802455,-0.12693813,-0.08116506,-0.11181418,0.0054686964,-0.07604552,-0.04083205,0.054179564,-0.13208811,-0.07244425,-0.13328157,-0.08696869,-0.019763723
0.11642313,-0.10617696,0.0056806356,-0.012141183,0.034709275,0.041934073,-0.08264834,0.007769972,0.058189616,-0.10333923,0.12365684,0.03491576,0.023526147,0.001176104,0.11656499,-0.093311146,0.065859646,-0.09962396,-0.049572647,-0.13681619,0.10847974,0.07292001,0.06613362,-0.09642741,0.12095505,-0.13093454,0.0022308528,0.029224604,-0.07537645,0.10678513,-0.0787617,0.06540781,0.13493678,0.015097424,0.011627942,0.009480998,-0.056206316,0.04086803,-0.042015396,-0.023829073,0.068871126,0.0009249449,0.11097206,-0.0034210533,0.005625367,0.12706181,0.12895504,-0.020180166,0.038536757,0.03204246,-0.13293953,0.028776035,0.09218542,-0.014669351,-0.010666698,-0.02542223,0.080500305,-0.015742555,0.04434423,-0.12559354,-0.037223242,-0.008433387,-0.032037623,-0.044117562,0.099149674,0.034177482,-0.020878091,-0.04449646,0.037642196,0.096230194,0.12178823,-0.10024588,-0.08203372,-0.04326894,-0.101594225,0.13340381,0.010705709,0.02576992,0.07952635,0.07825519,-0.027332105,0.059496656,-0.023571484,0.021653488,-0.01632122,-0.09573729,-0.09307237,0.08075172,-0.02591768,0.041892916,-0.104098335,0.04246214,0.13112974,0.035611406,0.057646915,-0.0036842227,0.042572513,0.10742313,0.119883716,0.013484269,0.04153925,0.07709551,-0.019215457,-0.11244877,0.016690522,0.037954718,-0.048851185,-0.05061447,0.072410434,0.038349986,0.13158643,-0.11760697,-0.035527825,0.08258101,-0.03128609,0.044729754,0.13007233,0.10894394,0.07528341,0.13004422,0.0070193857,0.021806672,0.12953508,-0.098100826,-0.116215624,0.08478171,0.087405264,0.02698432,-0.09959762,-0.09533139,0.1048813,0.010760263,0.073485255,0.123880506,0.081964314,0.005862877,-0.037420817,0.1005909,0.035817698,0.070728555,0.038931414,0.043071628,-0.033182412,0.03240995,-0.10723276,-0.136046,-0.102684796,-0.086465135,0.058985665,0.008623943,-0.020447314,0.036169693,-0.10362679,0.073735595,-0.11239901,0.0039191246,0.011074945,0.12476927,0.008924201,0.039511383
0.0018387288,-0.12634456,-0.06295141,0.05607459,-0.038244724,-0.075385824,-0.031123802,-0.11451681,0.09115842,0.13357049,0.01695849,-0.0045157075,-0.071228385,-0.10457021,-0.13320675,-0.06833829,-0.12181553,-0.035870098,-0.015995272,0.042675316,0.007337898,0.13214788,0.022104502,0.024364144,0.062446,-0.045759432,-0.027552761,-0.029247038,-0.11962153,-0.017919667,0.02783434,-0.07713057,-0.049620993,0.06387094,0.0115979165,0.08429511,-0.060351968,-0.005426228,0.12771353,-0.049455933,0.108391464,0.08525857,-0.12262054,0.13033855,0.11520466,0.12300134,0.036745876,0.032512173,-0.023020245,-0.0627995,-0.009143233,0.036237925,-0.062497094,-0.024677917,0.092808545,-0.057537884,-0.0536265,-0.093437746,-0.014249645,0.04782982,-0.10939188,0.060642987,0.10881044,-0.106631175,-0.025949255,-0.10355026,-0.133818,-0.1253599,-0.0850182,-0.11553716,0.03367248,-0.042467624,-0.1048833,-0.03291066,0.08179133,0.052865177,0.09769979,-0.09667674,-0.08085097,-0.10734924,0.0697913,-0.029338479,0.10048257,-0.078795716,0.018358633,0.1341658,0.10572679,-0.07517728,-0.036387645,-0.006068513,-0.02717834,-0.033620015,0.08934574,0.095414,-0.07722995,0.017613962,0.13285878,0.07869856,-0.06995167,-0.02107244,-0.100118205,0.018735215,-0.09156385,-0.121256225,-0.11830045,-0.04073078,-0.0046459287,-0.034044057,-0.12837219,0.09648122,0.11875802,0.00838089,-0.068431765,0.12267339,-0.11982222,-0.11044054,0.06570494,-0.06592187,0.0786652,0.08814362,0.022795305,-0.025667772,-0.10041414,0.11668441,-0.11745676,-0.05202909,-0.018096156,-0.10604536,0.005016446,-0.02913522,0.06354982,0.02403067,0.030669138,0.10984202,-0.024585336,-0.06952037,0.09213394,0.08262144,0.06193021,0.034171835,0.13143185,0.10965903,0.10912229,0.0007728189,-0.11180615,-0.12922081,-0.09016716,-0.018127993,-0.1135789,-0.056630917,0.056545675,0.009681448,-0.08422649,-0.032070525,0.11371964,0.101522505,-0.09499516,0.105416745,0.107520536,-0.071628764
-0.039883696,-0.05216869,-0.079907574,-0.09025867,0.104402736,-0.058831513,0.07342546,0.10501176,0.04002446,-0.06025047,0.06947489,-0.05076523,0.033139348,0.07544181,0.03346896,-0.0580632,-0.019936785,-0.078872934,-0.1188274,-0.07265818,-0.102426134,-0.05408927,0.030085891,-0.11355703,-0.07207668,-0.09938903,0.12021431,-0.013117753,-0.0036225617,0.092791736,-0.0503707,-0.12886022,-0.11049512,-0.056690402,0.11955175,-0.021851324,0.00421153,0.10413112,0.13003749,0.1162813,0.032031357,-0.118137375,0.13550767,-0.08869061,-0.1323107,0.11675754,0.012390807,-0.10941879,0.07365179,-0.06455609,-0.03774572,-0.013619006,0.05969149,-0.059341647,0.12472701,0.10363923,0.07517956,-0.09205176,-0.02501268,0.13177773,-0.1293546,0.08392815,-0.12551595,0.08567342,0.058480397,-0.11320647,-0.04080221,-0.124522835,0.012013435,-0.020164497,0.05117701,-0.07627078,0.07869327,0.10330796,-0.114562325,0.10365884,-0.07173725,-0.02414143,0.03955464,0.13327119,0.12179175,-0.08883896,-0.022167742,0.0833731,-0.036870033,-0.051203646,-0.0357334,-0.0912237,0.0904156,-0.12773296,-0.11582957,0.10340276,0.050702587,0.08748692,-0.016670078,-0.0769895,0.07572633,0.13659555,0.05100839,-0.031230427,-0.07414805,0.014998525,0.08405505,0.10236123,0.07202615,0.014642119,0.045044854,0.02850017,-0.04676649,-0.012094565,0.0483367,0.1337367,0.08623922,0.030484378,0.11751631,0.13657966,0.10092516,0.0418597,-0.10070506,0.031718627,-0.030893706,0.095298916,0.10272655,-0.13027814,-0.06443984,-0.026417471,0.027396545,-0.10334116,-0.04885357,-0.06244737,0.008868992,0.11960912,-0.050817564,0.11412227,-0.068087466,-0.11822686,-0.010082483,-0.05809144,0.08949803,-0.0033832937,0.039575413,0.10829502,0.11314541,-0.024601199,-0.107465856,-0.056696706,-0.002625659,-0.06344734,0.09357306,0.0804231,0.05085811,-0.011806563,0.019384801,-0.069902696,-0.1155353,0.050346404,0.021316186,-0.016975723,0.07933365,0.015694588
0.057402164,0.04345976,0.06582652,-0.0014313012,-0.013774961,0.1322073,0.01566881,0.016213,0.023449972,-0.08600724,-0.020621717,-0.086015165,-0.11109628,-0.030767463,-0.04889542,0.06914993,-0.04982148,-0.100994274,0.059895083,-0.044981137,-0.08096105,0.1277866,-0.0029874444,0.078486875,-0.0084747225,0.10901165,0.085495785,0.023615658,-0.13127674,0.048376665,-0.038092658,0.00860168,-0.014842711,-0.0021374226,0.018792868,0.0035931468,0.0063584596,0.014105901,-0.11371155,-0.0056800246,0.06735018,-0.1315216,-0.09585831,0.031115413,0.12666237,-0.13557482,-0.122528605,0.050417513,-0.093153626,0.13142392,-0.10058038,0.10754453,-0.08255523,-0.016790941,-0.062915266,-0.080822565,0.0037266016,-0.007778749,0.13228142,0.056008548,0.031580046,-0.060041077,0.079375,0.039553627,-0.03709089,-0.027639017,-0.034270205,-0.03582886,-0.030184127,0.09832014,0.035665005,0.04567945,0.024439603,0.023848817,-0.08880147,0.018773153,-0.1059529,-0.0065518618,0.07595284,-0.0078091472,-0.005063221,0.11886096,-0.04334478,-0.09975873,-0.096623585,0.07864326,0.06835462,0.039876968,-0.01703778,0.034393474,-0.076925546,-0.045733087,-0.040022865,-0.055114962,-0.014854886,0.08496606,-0.07533771,-0.12323606,0.027622178,-0.0021367967,0.013467893,-0.06457118,-0.035993144,-0.08615497,-0.025433004,0.054192856,-0.13151763,-0.013491526,-0.0024329722,-0.0026345998,-0.013812602,0.05947432,0.049539417,-0.08640011,0.058036402,-0.058310464,-0.04581219,-0.09012403,0.094537854,-0.025184989,-0.059313864,0.12787053,-0.09957522,-0.13484229,0.07678011,-0.07716204,0.098319754,-0.008319512,0.04577373,-0.08351563,-0.13163312,-0.032988787,-0.049758345,0.07722956,-0.08176103,-0.08761607,0.1304079,0.0226513,-0.0075044185,-0.048406668,-0.0501076,0.113664836,0.11507881,0.0944321,-0.073144555,0.020144686,0.08187483,0.08042985,-0.106805086,0.034954652,-0.099809095,-0.123138055,-0.09331859,-0.06321287,-0.046549812,0.11957431,-0.06457347,0.040962175,-0.11424483,0.09719765
0.07129398,-0.09720695,-0.073295906,0.06563699,-0.023103103,0.041313037,0.07620843,-0.027508661,0.051849112,0.010466531,-0.031355597,0.08843525,0.11371148,0.0329466,0.025391906,0.11799726,-0.101214215,0.016494438,0.08331457,-0.051091865,-0.011975244,0.10518545,-0.08272874,-0.0907788,-0.08186406,-0.107333764,-0.073286764,0.02118899,-0.06189192,0.07936625,-0.008396536,-0.010012478,0.112037644,-0.074817866,0.1321362,0.058075413,0.06257427,0.093654454,0.04701817,-0.05130887,0.03220813,0.04041806,-0.009944975,-0.07312647,0.077221334,-0.09868197,0.08993322,0.035595313,-0.07594497,0.075384036,-0.0032731295,-0.09955168,0.10813254,0.08519806,-0.005405858,-0.024222173,-0.10814413,0.09623267,-0.11354525,0.06075476,-0.09025569,-0.121671006,-0.13287269,-0.10496207,-0.04838267,0.03229755,0.055662647,0.12355226,0.08454786,-0.025107682,-0.00056234,0.099741876,-0.0900588,-0.06975987,0.011163995,-0.008272797,0.10666552,0.065011844,0.11842573,-0.015604883,-0.049681358,-0.06781216,0.0067668706,0.119230986,-0.029519118,0.08123888,0.1161398,0.030432671,0.028836533,0.037219614,0.11006206,0.123954505,-0.052177206,0.06724042,0.063649625,-0.07012783,-0.08252134,0.076484844,0.018817559,0.07973425,0.08109102,0.13110158,0.12089884,0.023714676,0.08558515,-0.11877794,0.11636865,0.11264223,0.10352391,-0.0825788,0.0024882406,0.12286845,0.099153265,-0.09600862,-0.051116027,0.09748775,0.008386865,0.053788528,0.11441937,0.10569017,-0.0768989,0.008816853,0.062496305,0.12742865,0.122878194,-0.1254267,-0.11250809,-0.101177394,0.12820569,0.054432258,0.10133785,0.044217855,0.12941456,-0.11917009,-0.08350283,0.12794957,0.043577686,-0.048279732,-0.003561899,0.024705335,0.0019342899,0.039285675,0.065598086,0.02075991,-0.071019836,-0.08963822,0.065123275,0.002285242,0.089532375,0.006933987,0.07006985,0.011314109,-0.0718506,-0.08154304,0.03287694,-0.03587401,-0.0013792962,-0.104967,-0.12422108,-0.05417128
-0.11891258,0.1287505,0.062846944,-0.0657351,0.08322188,0.13346222,0.0018499643,-0.032821663,-0.04544279,0.09844948,-0.096059516,0.079702035,0.06342231,-0.03099142,0.019003868,-0.030658394,0.091919124,0.10741198,0.017515793,0.046450704,0.014851719,-0.11424183,-0.018310353,-0.011481464,-0.120293505,0.08901864,-0.05638826,0.004747689,0.125453,0.06594084,-0.12845321,-0.13112839,0.04151061,0.025532901,0.043007597,0.11940214,-0.09838146,0.06353226,0.069525555,-0.11740038,0.095828444,0.058227703,0.0145637095,-0.014251277,-0.025368497,0.04699388,0.09624393,0.11222647,0.018894479,-0.036911853,0.08985309,0.11235912,-0.0749163,-0.078200474,-0.10736063,-0.09861618,0.063071355,0.12365106,-0.038396306,-0.12579018,-0.0928503,-0.0621591,-0.116767064,-0.04479119,0.049352154,0.0011474341,0.08839437,0.018677965,0.13316774,-0.06124326,0.12426561,0.050454378,-0.0026620477,-0.034209773,0.06013605,0.04220234,0.04225637,-0.09139458,-0.039165728,0.08132781,-0.043742873,0.11635852,-0.006711304,-0.006981939,-0.059072703,-0.03568776,0.07490978,-0.05604311,-0.004017189,-0.09322411,0.05565217,0.036909968,-0.086974785,-0.12108453,-0.09901415,0.055327848,-0.060815945,0.05631192,-0.06761895,0.04999931,-0.05562021,0.05331622,-0.11317438,0.070932046,-0.12240252,0.09038289,0.048431143,0.090984955,-0.0125468895,-0.09231652,-0.11762623,0.11914718,-0.07919215,0.09830542,0.058020428,0.11375138,-0.12573132,0.02467087,0.05139871,-0.08184957,-0.04435183,-0.070921965,0.12917379,0.09320785,-0.050714955,0.024126783,0.07257356,0.103378534,-0.13674736,-0.013317972,0.00064986944,0.009116814,0.09732431,-0.07385051,-0.013451859,-0.051636383,-0.070275426,-0.11287262,0.0055916756,-0.122485936,0.033794507,0.12650946,-0.0040491223,-0.051140413,-0.04925274,-0.06675584,-0.015509255,0.0109463185,0.12475982,0.04360409,0.016532212,0.031320408,-0.091074705,0.08987951,-0.04744505,-0.01951231,-0.0973219,-0.08972806,-0.05561603,0.12721148
0.033220932,-0.081735015,-0.017523602,0.06492637,0.086118594,0.12980303,-0.01988256,0.025740176,0.05319439,-0.024819672,-0.11540902,-0.10602489,-0.13569453,0.04960458,0.038143873,-0.08087979,-0.08934602,0.0021560937,0.01718156,0.13265452,0.040622875,0.086040735,0.087785795,-0.09985553,-0.1040114,-0.058836997,0.11187102,-0.08854896,-0.045943074,-0.035847373,0.09296231,-0.053872168,0.089508414,0.075920776,-0.06607022,0.031735405,-0.12673478,-0.0039786994,-0.09639908,-0.05887039,0.085519195,-0.043383986,-0.10506426,0.022240177,0.05397716,0.021946132,0.07324958,0.05789405,-0.10468624,-0.056040794,-0.06608021,-0.046125077,-0.09683752,0.1258291,0.043809175,-0.006978944,-0.10297186,-0.10250834,0.104340896,-0.11981118,0.059708342,0.12060881,-0.024472833,0.02952838,0.11704686,-0.12916654,-0.10652958,-0.0042522103,-0.05737608,0.1207495,-0.10720514,0.06832521,0.09214176,0.09220415,0.081334725,-0.12425565,-0.05889383,-0.015520424,0.0069019347,-0.09647965,-0.120731,-0.13312753,-0.033909425,-0.07829583,-0.050296918,-0.071346894,0.024223998,0.12482014,0.09747094,0.09054348,0.11617231,-0.10547799,-0.022555225,-0.105125725,-0.12873428,0.05447407,-0.10056651,0.093263745,0.044690937,-0.119436756,0.051411256,0.092784196,0.04041952,-0.08656315,-0.09623594,0.11630967,0.09854655,-0.0904582,0.04665713,0.05975838,-0.123914264,0.05487697,-0.11130427,-0.11950335,-0.035100378,-0.006740123,0.06571737,-0.11511363,0.03769116,-0.04798252,-0.07168799,-0.03182839,0.1339021,-0.07023276,0.022247657,0.12735492,0.13394293,0.12088543,-0.099388376,-0.094430275,-0.027063586,-0.13360749,-0.12008482,-0.029546931,-0.10519138,0.12434727,0.12903744,-0.079359725,0.117848486,-0.07472032,-0.07512834,0.030581668,0.10069354,-0.021390356,0.10253136,-0.12612802,-0.031161316,0.019134387,0.026786909,0.011223942,0.12195453,-0.08972055,0.08666901,0.07552256,0.021546304,0.10914132,-0.0028176159,0.122868866,-0.042119347,-0.106058545
0.10169253,-0.06060084,0.048979416,0.10485375,0.0912689,-0.0662029,0.08991,0.11519149,-0.09747949,-0.07745285,0.12780446,0.06913024,-0.039802827,-0.11346376,0.12361792,0.0310238,-0.06404723,0.021529421,-0.08949529,0.13564777,0.06297077,-0.034229167,-0.066557474,-0.11221557,0.045540765,-0.07988733,-0.02116698,-0.009926617,0.13116911,0.13308337,-0.044296794,0.016771585,0.10573691,0.021477416,-0.027235664,0.023621932,-0.11118694,0.126041,0.059572622,0.070122644,0.012840614,0.12732837,-0.04264372,0.023388237,-0.054300167,0.053649545,-0.06626578,0.10903084,-0.0007620156,0.0125229955,-0.04266964,0.11753625,0.08166593,0.12971956,-0.034355775,0.072496414,-0.13654326,0.031089619,0.13301489,0.045196474,-0.019686878,-0.12623748,0.1301584,0.06311615,-0.0054364055,-0.1271354,0.09823644,-0.092065014,-0.06041047,0.13320726,-0.04313851,-0.064587764,0.094203115,0.06887145,-0.10157503,0.06515618,-0.0805768,0.06138289,-0.09921493,0.0883742,-0.0073924065,0.0395267,0.08090378,-0.030957498,-0.06349116,0.08019656,0.055229038,-0.039019987,0.10989112,-0.11595027,-0.10621561,0.108454555,-0.089323595,0.06525728,0.1191833,0.04729648,-0.12506248,-0.058110476,0.10082716,-0.021634974,-0.06970721,-0.124335796,-0.09812057,-0.011832312,0.12583217,-0.023026183,0.12113604,-0.08138886,0.084766656,-0.06039823,0.13530636,0.09527132,-0.12523708,-0.09923121,0.13007346,0.07115069,-0.12598854,-0.0048170686,-0.024888977,-0.034905903,-0.10338817,0.051262185,0.020049155,-0.042464487,-0.068676054,0.0860232,0.024606586,0.049734056,0.054655388,0.108327374,-0.0070310086,0.016358823,-0.12524384,-0.043466352,0.13376245,0.073810294,-0.11487345,-0.091408655,0.13458937,0.059945196,0.0141145885,0.0432169,-0.042654462,0.06856343,-0.11771901,-0.038238883,-0.019474506,-0.024866976,-0.06622519,0.03849131,-0.13063844,-0.034880213,0.11210768,0.1099029,-0.010455787,0.029829264,0.03405401,0.13327765,-0.0054281503,-0.0139543265
0.040301144,-0.09538908,-0.020030484,0.06923464,-0.08053912,0.061503455,0.1325621,0.0034040213,0.031668812,0.08472885,-0.13177705,-0.12832409,0.03857325,-0.092061065,0.10652511,-0.0010528564,-0.1355002,-0.07949822,0.10056047,-0.05506087,0.099757224,0.11227965,-0.0022155046,-0.11504762,-0.043860726,-0.010680959,-0.06635353,-0.017678052,-0.025529481,0.03916292,0.13532275,-0.032236926,0.001537174,0.13422197,0.108293906,-0.07673731,-0.0024048984,0.07157226,0.12374523,-0.059952997,0.07232182,-0.043779567,0.09322038,0.086168736,0.015971825,-0.0009889007,-0.049404807,-0.06327572,-0.0049992055,0.064185455,0.04021257,-0.11317931,-0.028595343,0.10475865,-0.01948528,0.013489857,0.0037902296,-0.12176356,0.11336619,-0.07229874,-0.09659626,0.11949864,0.11850369,0.05382113,-0.09721172,-0.018814549,0.11401108,0.13642392,0.06710003,0.09577748,-0.10342163,-0.029127188,0.040600806,0.11708766,0.08606434,0.115273744,-0.005692944,0.048667356,-0.07735178,0.067807525,0.003069356,-0.07430675,0.10634516,0.12790716,-0.089374006,-0.036045477,0.0019796044,-0.012123555,-0.09938655,0.090518534,-0.07865524,0.030972153,-0.024528235,0.09888144,-0.11359846,0.10377386,0.06150724,-0.1283895,-0.031808212,-0.097782776,-0.015917674,-0.009938642,-0.07064159,0.09886502,-0.09453498,0.13282517,-0.10970921,-0.08626642,0.056977794,0.09907083,-0.084107585,-0.1352419,0.0903507,0.025263608,-0.08009222,0.12569097,-0.09142004,-0.019275755,0.10030317,0.011370167,0.07253899,0.0133576095,-0.118967,0.02598533,-0.055672638,-0.12490715,-0.079180986,-0.048556022,0.03594865,-0.053484224,-0.033249505,0.12919039,0.024525583,0.04435137,0.027521819,0.10482463,-0.075286254,0.12725377,-0.014847837,-0.13460061,-0.0074178427,-0.10115559,0.10819277,0.09388459,0.035606667,-0.13217509,0.03571871,0.062519625,-0.009255275,0.0021509975,-0.12401109,0.109221116,0.128385,0.09562966,-0.07059536,0.13521057,0.017025739,-0.11442393,0.09915525,-0.06182137
-0.030303486,-0.0606343,-0.09273747,-0.12749007,0.05103767,0.029260263,-0.003186196,-0.009280771,-0.011673093,0.012217388,0.07157424,0.104078546,0.031119496,-0.08023646,0.00348638,0.02305615,0.117559016,-0.10623559,-0.08446716,0.045815617,-0.12954247,0.09008449,0.107265145,-0.0137647465,-0.04671236,-0.13220519,0.123462886,-0.08515607,-0.11041311,-0.015020959,0.026669964,0.06287667,-0.12492625,0.0033898503,-0.04374042,0.039135814,-0.07265756,0.11181581,-0.019933656,-0.01814621,0.045649022,0.1355137,0.0030575097,-0.0073293,-0.014359571,0.099645376,0.08311944,-0.04336045,0.12723199,0.06530912,-0.052737072,0.068959266,-0.11376721,-0.060295396,-0.1126329,0.06511544,0.024096936,0.023183182,-0.0524439,-0.106550306,0.039854735,-0.13249443,0.03494832,-0.016860709,-0.08657561,0.022762492,-0.11010091,0.123479426,0.024448961,-0.06366637,-0.037586927,0.08616744,0.0088523775,-0.09555538,0.032196254,0.09002443,0.077556744,-0.094851226,0.058738753,-0.04272096,-0.105566785,0.03408602,-0.11137812,0.12107748,0.01757048,0.060266435,-0.048257962,0.07433374,0.008708313,0.094300926,0.12219399,-0.0042292327,0.104549125,-0.09107477,-0.08780232,0.03951429,-0.12610228,-0.12358841,-0.13534597,0.10306744,0.06025289,0.049351305,-0.12801489,0.121157885,-0.033714198,0.01776646,0.041465923,-0.096961744,0.05009663,0.05894862,0.034997344,-0.07990636,-0.011527717,0.09861028,0.12673068,-0.08308098,0.051111385,-0.026385546,-0.009950131,0.046311498,-0.10573332,-0.013183236,0.054525748,0.117495835,-0.085428864,-0.06412483,-0.030114263,0.059048682,0.009579003,0.00854063,-0.021017201,-0.13389964,0.106720135,0.12088978,0.048921928,-0.09331013,0.11023949,0.08401947,-0.053530715,0.08735205,-0.07462434,0.008315861,-0.12674099,-0.04433427,0.0054471195,0.03883724,-0.10543307,0.11809328,-0.11406541,0.13137662,-0.095497504,0.0961996,-0.031601004,0.09544271,-0.022243641,0.021421239,-0.060156643,0.10918987,0.017078683,0.088091314
-0.041201316,-0.04621949,0.0985425,-0.034228876,-0.09872128,-0.06155125,0.104888186,0.016898766,0.106676266,-0.0071741045,-0.08931354,-0.063374996,0.03226413,-0.025078952,-0.08739413,-0.10218654,-0.088667065,0.12787554,-0.12489233,-0.03384635,0.1332455,-0.0643101,0.05801688,0.12218648,0.060835406,-0.04031545,-0.10207985,0.020065576,0.09704891,0.09100582,0.124914825,0.13409579,-0.00088120997,0.09476142,-0.035419896,-0.075682685,-0.0833092,0.036837086,-0.11881023,-0.054191582,0.047191843,0.040348545,-0.095599264,-0.0921943,-0.056094468,0.007941604,-0.014620416,0.0504006,-0.13577253,0.08078878,0.07684915,-0.041925848,0.0031033754,-0.09350631,0.12972116,-0.10840778,0.12516212,-0.11342771,-0.05533912,-0.13586225,0.103348106,-0.016623199,-0.07974388,-0.099920526,0.03903103,0.13537768,0.07791735,0.018488571,0.05724497,0.028482214,0.02792494,-0.13052747,0.070843056,0.10928555,-0.005881384,0.09016745,-0.105351746,-0.03716232,-0.040817656,-0.1305687,-0.023022331,0.123713076,0.08357333,-0.09867819,0.0261008,0.0868873,-0.076208204,-0.096112795,0.057382584,0.117376685,-0.067119524,0.052603737,0.106403455,-0.098314434,-0.07809133,-0.010613993,-0.035586588,-0.072337754,-0.06071239,-0.054038078,-0.09648575,-0.05232898,-0.08471589,0.064030215,-0.014247946,0.04156272,0.035163134,-0.05647049,-0.11186041,-0.13534276,0.021527082,0.016323924,-0.023085736,0.086080596,-0.047076702,-0.11589353,0.13323331,-0.09815143,-0.08494478,-0.07294176,-0.13382845,0.109453395,-0.11821217,-0.13499068,-0.02051653,-0.018908769,-0.10992138,0.056805834,0.1002927,0.021856815,-0.008181483,-0.099139094,0.06327981,-0.04966765,-0.06559263,-0.087629974,0.12064457,-0.0633305,0.042804018,0.10922362,-0.066561624,0.10267471,-0.12164567,0.04705222,0.03886707,0.053438872,-0.073340505,-0.10050144,-0.11158911,0.00769338,-0.09233363,-0.0032638013,-0.12973496,0.1323458,-0.015600935,0.12456596,0.067433715,-0.046911053,0.09579094,-0.077290535
-0.08529909,0.058708698,-0.06934584,0.092526615,0.10874322,-0.0878589,-0.037195034,0.012915269,-0.08185114,-0.076155216,-0.078684784,-0.102480486,0.11896393,0.06827329,-0.116122745,-0.04097893,-0.024564505,-0.10094926,0.12331954,-0.08100192,0.064264596,0.035678267,0.12673366,-0.10597429,0.034600496,0.042085364,-0.06903524,0.005694881,-0.038932823,-0.08691299,-0.046191484,-0.00900951,0.080630794,-0.12710702,0.021700233,0.041758463,-0.069421545,0.08670837,-0.028182812,-0.093502164,0.06287804,0.08704378,0.026676327,-0.121628076,0.05063647,0.10767652,-0.12782006,-0.033926725,0.040192798,0.054293662,0.07528113,-0.037791327,0.09536055,0.11267175,0.13063467,-0.03200706,0.10173836,0.04602264,0.090967104,-0.033584654,0.131214,0.056995973,-0.056457467,0.07477063,0.08132979,0.08653863,-0.015794627,0.060605675,-0.04228712,-0.048497878,-0.09300858,0.0505338,0.012472317,-0.058854267,-0.09488678,-0.062711485,0.024154529,0.058343336,-0.05138895,-0.075605996,-0.10918654,0.08101083,-0.05791296,-0.054701626,-0.11197108,0.039050847,-0.016932823,-0.07802685,-0.024728976,0.04477556,-0.13110273,0.13255769,0.044005454,-0.10591862,0.018905371,-0.04794249,-0.100146934,0.10782157,0.076242805,-0.10048437,-0.064091496,0.0969353,-0.06644674,-0.020605296,0.06976153,0.09630695,-0.01446221,0.08995518,-0.039873704,0.05735515,-0.0061861128,0.038495883,0.11583644,0.04553485,-0.018167198,0.07028988,0.100571826,-0.09555852,0.029055238,0.07661834,0.13676214,-0.13122202,0.08906788,0.10256456,-0.026404805,0.066278115,-0.13089454,-0.13247642,-0.103308514,0.11334431,-0.060353667,0.077840045,-0.06893984,0.043748066,-0.08213411,-0.041781418,0.07626161,0.029129893,0.11425224,-0.02569542,0.13015875,-0.05235161,0.08120225,-0.08148526,-0.024229936,-0.105948724,0.11829466,-0.028463349,0.0019414425,0.08639674,-0.100504056,0.06337571,0.029586852,-0.08697012,0.02247569,-0.12566635,-0.0019715726,0.118397236,-0.107295826,0.06012769
-0.074015446,-0.06344705,-0.081871346,-0.11224326,-0.061845466,-0.07397816,-0.1028066,0.07914011,0.07051042,0.07820739,0.13315004,-0.000229761,-0.09138736,0.07805507,0.10144076,-0.12101986,0.05371383,-0.037029646,-0.060996383,-0.103607655,0.0720769,0.0045944154,-0.021468118,0.061871454,0.067238286,0.10586202,0.0016532987,-0.03525255,-0.023611508,0.002170816,0.030155107,-0.030804679,-0.058556527,0.08201623,-0.13373625,0.12457335,0.059382945,-0.022383437,0.015447453,-0.08113,0.016590133,-0.016072579,0.029889822,-0.052424476,-0.014358163,-0.123879954,0.090310186,0.03542365,0.009132624,0.029132575,-0.085027635,0.045850098,-0.008917898,-0.0006297529,0.08627787,-0.08082044,-0.1316196,0.10978995,-0.13074365,0.12345421,-0.054694146,0.034080237,0.08243042,0.025009349,0.022864252,-0.11381135,-0.08785169,-0.019777142,0.0653899,0.023038432,-0.06577692,0.034967735,0.12095976,0.030286774,0.12395799,-0.11065483,0.0914806,-0.003679648,0.032631427,0.06633362,-0.116438374,0.05762221,0.11458194,0.022586733,-0.00938952,0.09452289,0.041685313,0.11817682,0.051276848,-0.13052253,0.10800661,-0.082562506,-0.03626786,0.11357468,-0.1058041,-0.050387643,0.10425465,-0.062539734,0.07189833,-0.016000949,-0.06585364,0.061871544,-0.068352856,0.08105247,-0.0684188,0.0733185,0.10275312,-0.112088315,-0.08470793,0.05518098,-0.07875569,0.025379702,0.10200633,-0.09697437,-0.09638634,0.066686064,0.010119796,-0.036599427,-0.098750696,-0.051999383,0.027056694,-0.10636386,-0.10189627,0.024959862,-0.07670325,0.07253452,0.054777652,-0.033907495,-0.046864726,0.10721989,0.057201877,0.03956683,0.08087921,-0.12836745,-0.10929466,0.025638163,0.11777386,0.08302835,0.095019385,-0.02889128,-0.11700225,0.047738448,0.08297272,0.04892555,-0.054176107,-0.13218243,0.016069412,-0.06517475,-0.07649559,-0.029529788,-0.08939539,-0.106420405,-0.108933456,0.07226029,-0.076354295,-0.018793136,0.1064938,0.11739841,0.034607023,0.011937603
-0.11590189,-0.049081407,0.12440622,-0.039758362,-0.10273987,0.022014588,-0.02234573,0.035387933,-0.10624036,0.071777835,0.022861227,0.011831924,-0.121209376,0.04664354,0.01232186,-0.083492324,-0.027484536,-0.035665594,0.06422058,-0.06363327,0.115168095,-0.071376435,0.015482262,-0.12241747,0.030537993,0.040783376,0.04307437,0.010655299,0.05274941,0.046198696,-0.11262327,-0.058069468,0.04358241,-0.08501187,0.089786336,-0.118370704,0.03416407,-0.052918784,0.024889052,0.029698119,-0.063807435,-0.13560916,0.03711149,0.10240628,-0.051140375,0.047407374,0.03171043,-0.04325784,0.029812023,-0.12963049,-0.0059778243,-0.044302084,-0.090744644,-0.07092043,-0.13568164,0.09526728,-0.09604828,0.01555647,-0.12739438,-0.058661453,0.12299043,-0.026296318,0.082203686,0.014740393,-0.10629237,0.11128096,-0.03029751,-0.100024275,0.011060834,0.119378,0.0022383928,-0.12503813,0.09106664,-0.117681235,-0.121691406,0.012349904,0.12914029,0.020980671,0.027094439,0.0155925155,0.13075367,0.072753474,-0.10046269,-0.014190033,-0.019554332,0.06886384,-0.10036991,0.040368527,0.044626653,-0.048048303,-0.042567715,-0.10566777,0.030502632,0.09394224,-0.041066065,-0.07184939,0.02959606,0.025782555,-0.07379922,0.019285932,0.11878747,-0.04478316,-0.08514366,-0.10778827,-0.12584816,-0.048473,0.05187072,0.10632861,-0.04765249,0.10091478,0.0066052377,-0.11597426,-0.09358505,0.07351793,-0.12943229,0.12352884,0.043586135,-0.0038183033,0.08026542,-0.095583856,0.10340646,-0.081569,0.10072611,0.03222531,-0.011220932,-0.012160055,-0.1159949,-0.11214653,0.015297383,0.02615793,0.063586086,-0.03406982,-0.08392486,0.049377486,0.088418886,0.011642337,-0.10285694,0.058282718,0.04540071,0.04843712,-0.05799804,0.0068866163,0.020394951,0.06559378,0.058136,-0.115146965,-0.029785022,0.13582483,0.09921375,-0.10593606,-0.13016208,0.02212067,-0.10471161,0.044606343,-0.11421777,0.062017515,-0.0317929,0.0054671913,0.046925604,0.017400458
0.1293655,-0.056707866,0.12937701,-0.018631436,0.12902293,0.07151888,-0.00692077,-0.107727386,-0.08738692,-0.038118348,0.057903558,-0.105611905,-0.013707936,-0.12700804,0.071458966,0.04895383,0.09541044,0.06848951,-0.063635655,0.0052964836,0.008118451,-0.054651245,-0.06599905,-0.11331084,-0.11391249,-0.044999123,-0.091308884,0.12955794,-0.12732266,-0.1067061,-0.06524409,0.0030767322,-0.041969433,-0.10492818,-0.122013435,-0.021457866,-0.13146538,-0.12317272,-0.007349193,0.03414683,0.09970705,0.0014213473,-0.07121938,-0.035783283,-0.023925342,0.104322985,-0.07068396,0.024436176,-0.097393595,-0.04387924,-0.10996062,0.069681704,-0.0048651844,-0.01758112,-0.10036115,0.030333877,0.0348382,-0.01494091,0.025895968,0.12313473,0.0076525807,0.11927086,0.054416254,-0.09116831,0.022774711,-0.12721084,0.06319313,-0.09304093,0.109064475,0.028052062,-0.096421994,-0.105964854,0.024585009,0.08971092,-0.006777242,-0.11572161,-0.05725617,-0.099926755,0.104923815,0.082904324,-0.1079566,0.010193437,0.06435619,-0.11005945,0.07118228,-0.072792135,0.052769586,-0.093575686,-0.10211508,-0.08367335,0.048497528,-0.13115749,-0.08689566,0.11299759,-0.005384505,-0.064639896,-0.04619834,-0.014625415,0.043802977,0.07646741,0.0947243,-0.0050480813,0.040117353,-0.11165023,-0.040374897,-0.06877148,0.080623284,0.043742284,0.037518725,0.034644365,-0.117916524,0.044399694,-0.079852335,-0.101045236,0.052762657,0.089869544,-0.058251344,0.05055006,0.059644476,0.1274567,-0.0062064826,-0.08317745,-0.055938512,0.013731018,-0.003809452,0.122317135,0.074064374,0.13644761,-0.030033268,0.09059979,0.0016991049,-0.016144596,-0.10589747,-0.1314769,-0.04264372,0.0016887933,0.003987089,-0.06351881,-0.11276838,0.12147981,-0.13450521,-0.042926118,-0.12617603,-0.10450156,-0.12310655,-0.0034336597,-0.027653873,0.112708345,-0.11456301,0.0627927,0.13191685,-0.13042662,0.013741732,-0.023480564,-0.038483016,0.08661103,-0.0050657094,0.07215212,0.06570549,-0.079954684
-0.04589276,-0.08901649,0.041557983,0.02554427,-0.031273454,-0.1131305,-0.04125528,0.10508515,0.1287362,0.07613745,0.021725178,0.12592977,-0.07269746,-0.04756412,-0.06572981,0.05317907,0.03179601,0.0090126395,0.12043783,-0.0833478,0.133176,0.0801031,-0.13346499,0.06973025,-0.0066648126,-0.0965721,0.05197327,-0.09225417,-0.1261948,-0.025718898,-0.015800178,-0.054383643,-0.05020015,0.04824716,0.0230778,0.13024911,0.070010334,0.07245228,0.0015526861,-0.040662028,-0.0034140348,-0.083828226,0.11025001,0.060802817,0.09393799,0.09258282,0.042076573,0.05893755,0.006073609,0.09670569,-0.112776965,-0.1324884,0.052196667,0.11747819,-0.0064724535,0.10961215,0.060176626,0.065570205,-0.09998967,0.021540761,0.0075678527,0.01228489,0.05634813,-0.0476664,-0.08700384,0.109291136,0.007061407,-0.04396265,0.13114974,0.13599387,0.024820462,0.12878525,0.08489552,-0.034452632,0.07954705,0.1337933,-0.01650048,-0.08738206,0.12721261,-0.017758556,0.060206532,0.02605617,0.06176062,0.10570769,0.06926498,0.061996788,-0.03213478,-0.0145978555,-0.05800022,-0.049105108,-0.040864237,0.0069895834,-0.09302751,-0.07929313,0.10226205,-0.12233073,0.0021132976,0.09491417,0.11638579,-0.11755963,0.07484852,-0.07214517,-0.07307613,0.02172032,0.05646655,0.08656141,-0.04468193,-0.014265679,0.09088944,-0.09308967,-0.020566218,-0.11183618,-0.091837406,-0.013013832,-0.1360198,-0.038283348,-0.06673958,0.051952526,-0.11380061,-0.080795564,0.09245551,0.11779156,0.08950184,-0.069680795,-0.13371745,0.1110286,0.007187292,0.03591609,0.012836367,0.012934893,-0.092218295,0.01673609,0.043066233,-0.08777003,0.11738595,-0.099368274,0.11001538,-0.039942883,0.08126564,-0.11700606,0.048277646,-0.06616901,-0.12197044,0.11591452,-0.06714773,0.060160562,0.07441977,0.0043726414,-0.08362291,-0.08393791,-0.053170584,0.083698645,0.052959844,-0.10373344,-0.055714913,-0.0852593,-0.07791158,-0.038447037,-0.033540256,-0.05307862
-0.060496464,-0.12966873,-0.10462052,0.061944768,-0.042160317,0.053834498,-0.13433751,0.090369105,-0.021514446,0.045554772,-0.050135285,0.052888617,0.0041528344,0.10404913,-0.06095404,0.050275594,-0.07227119,-0.071913965,-0.019453578,0.060008302,-0.12368466,0.03909801,0.12477997,0.03136389,0.11092736,-0.031198665,0.07863225,-0.058859132,0.06556916,0.10396083,0.12566468,0.07071246,0.114141434,0.008115053,-0.107509434,-0.08362232,-0.020697683,-0.034181207,0.09233987,0.13209912,-0.05398111,-0.04973849,-0.11082645,-0.020391881,-0.08018174,0.06343745,-0.07019541,-0.025755197,-0.03904996,-0.035200447,-0.055878736,0.08245784,0.087647244,0.044795215,-0.07685438,0.055794448,-0.04090564,0.0660032,0.052924395,-0.11057755,0.06927395,0.12184897,0.10107906,-0.11038167,-0.08814743,0.0090358555,0.0923924,0.06157714,0.057290122,-0.11838308,-0.019084543,-0.037053607,-0.08499029,0.07404183,-0.0014997572,-0.06238714,-0.070268735,0.017391935,-0.12572992,-0.0070667863,0.030606806,0.10114694,0.011251599,-0.015540011,0.058741212,-0.09055291,0.018679619,0.036843687,-0.07481666,-0.060769945,-0.107353024,-0.0036095232,-0.048180655,-0.006903425,0.110698044,0.09462345,-0.0030572712,0.08620922,0.11626533,0.071855634,-0.10545034,-0.08140126,-0.082601786,0.007821202,-0.0052054375,0.05499825,-0.026327826,-0.09302235,0.108385056,0.100912526,0.042163163,-0.13413161,0.03515184,-0.093416035,0.066788286,-0.010335982,-0.0051727295,-0.09272386,0.06577656,-0.12475404,0.12494081,0.026008472,0.035724685,0.054811507,-0.112578705,-0.12943679,0.13611984,-0.02086559,0.060438454,-0.050151706,0.03668186,-0.06871109,0.059895664,0.05461344,0.0050533414,0.10157451,-0.08261311,-0.105705604,-0.045276165,-0.061016954,0.07050888,-0.05036547,-0.11895149,0.09166555,-0.0487903,0.0107384175,-0.06795737,-0.062081173,-0.019512445,0.087426096,-0.03014861,0.044820577,-0.06211695,0.024434179,-0.06546211,-0.030606419,0.013658449,-0.03883283,0.09113608,0.12770548
0.0434767,0.045513377,0.12905332,-0.043304853,-0.098752975,-0.014771014,0.12958854,0.131015,0.05200784,-0.030828223,0.052441522,-0.11998117,0.090040684,-0.008557454,-0.0770925,-0.08363792,-0.048299715,-0.12364388,-0.015813753,-0.13393295,-0.029579543,0.13225535,0.093270525,-0.0675121,0.0006980896,-0.11827492,-0.0077720284,0.082056284,-0.018086463,0.10460903,-0.040828913,-0.041561544,0.044604093,-0.13623387,-0.09746231,0.0712053,-0.07102408,0.07513803,0.024958909,-0.048725232,-0.08799817,0.11669889,0.11732575,-0.0025924891,0.08451341,-0.050574057,0.10711709,-0.0894409,0.122535616,-0.05215893,0.026549429,-0.030420393,-0.13121726,0.024788618,-0.04204674,-0.05563193,-0.1005365,-0.008932695,0.031822056,0.034578487,-0.11911211,0.07196061,0.08418058,0.041968748,-0.022107407,-0.09680295,-0.08094672,0.045636296,0.061229676,-0.09778395,0.010020703,-0.09342309,0.012332693,0.057562724,0.119550854,0.017853007,-0.107882366,-0.056849033,0.10090323,-0.10105813,0.122912794,-0.09054818,0.103509486,-0.1011879,0.060425982,0.013215944,-0.059577294,0.05763413,-0.04713279,-0.08498484,0.10903221,-0.051729262,0.037174046,0.031736225,-0.054238595,0.087495476,0.13414487,-0.04323473,-0.018355146,0.07572205,-0.07374301,0.024552658,-0.07067094,0.068382144,-0.019367002,0.13553128,0.08453463,0.109601244,0.10402517,-0.049097016,0.12524337,-0.13264781,-0.102919884,-0.017458178,-0.08735438,0.07482137,-0.046578087,0.08972235,0.05929607,-0.12667553,-0.045841374,-0.013947859,-0.068797536,0.12478319,0.008608341,-0.12403793,0.065559104,-0.0527054,0.09326328,0.024033174,-0.018565618,0.0019432008,-0.08121821,-0.123503596,-0.051577978,-0.10782262,-0.06776061,-0.01099211,0.10513803,0.10092604,0.11668685,0.047081634,0.0637013,-0.07304681,-0.087426886,0.06237167,0.012256235,0.12662739,-0.09809713,0.12690774,-0.022126868,-0.013710484,0.070837244,-0.07746265,0.10193738,-0.10777861,-0.06152706,0.07370977,0.0122587085,0.016954005
-0.05672674,0.116600096,0.028940648,-0.13034196,0.06706938,-0.12983678,-0.11673813,0.08013444,0.0935324,-0.017935961,-0.015789598,-0.1276075,0.040701598,-0.104061216,-0.13691981,-0.0050762594,0.077833354,0.12035027,-0.05422008,0.009733126,0.1309832,-0.11000078,0.038960636,-0.121238925,0.01719664,0.054938346,0.017845988,0.082080215,-0.026362069,0.12466341,0.08438802,0.07621531,0.090223044,0.04560636,0.116643876,-0.026531935,0.0006748736,-0.07024075,0.045164317,0.096792504,0.13051102,-0.12755245,-0.11862284,0.020346507,-0.07849818,-0.0391049,-0.032138564,-0.13089901,0.08414261,-0.0026168674,0.04793966,-0.094373144,-0.105256744,0.095106035,-0.04090531,-0.028129764,-0.017987318,0.08519851,-0.08945569,-0.028469227,-0.05925765,0.020499423,0.006724164,0.11751488,0.010611817,-0.10131516,0.06487006,-0.09986522,-0.028474055,-0.11568537,-0.0020820498,-0.009378284,0.11657712,0.06899342,-0.043213375,0.03780687,0.067195,-0.123891346,-0.018856697,-0.11505853,-0.0805626,0.06009093,0.027202502,0.011725754,-0.09295523,-0.000821203,0.01062578,-0.0026821643,0.009879485,-0.09740904,0.04811631,-0.04119224,-0.07495518,-0.023599729,-0.017905958,0.13043147,0.066732034,0.04319319,0.02161415,0.06693719,0.063371375,-0.058134563,0.049989715,-0.009115964,-0.115438566,-0.0153109655,-0.01658582,-0.07472009,0.039451152,0.032187402,0.010078207,-0.116646856,-0.11837564,0.046073392,0.042317092,-0.13530686,-0.09287886,0.09684445,-0.11577323,-0.10203835,-0.079338506,-0.09745674,-0.04792908,0.09457004,0.07752448,-0.062221296,0.08574362,0.0380508,0.0013782829,0.060491532,-0.0032251775,-0.038861133,0.00589709,0.12569997,0.117055744,0.090840176,0.0035002977,0.11113641,-0.061554708,-0.100826174,0.076727256,0.105413705,0.035915345,-0.09848632,-0.110510364,-0.059063397,0.112769336,-0.018091917,-0.041245356,-0.027361192,-0.073605925,-0.0761587,-0.002766192,-0.08148317,0.09768161,-0.13211061,-0.009709492,0.07460736,0.0700611,0.0681936
0.015552968,0.1266529,0.015998572,-0.075021386,-0.07710253,0.10691631,-0.045564435,0.07306187,0.11580032,-0.051003292,0.13046035,-0.09908016,0.08350924,-0.08365448,0.100625634,0.10460155,0.023277313,0.08967674,0.05249822,-0.09326857,0.055955812,-0.05104799,-0.055236377,-0.08800016,0.051151127,-0.06473654,0.0008774102,0.058459505,0.05353482,0.0041403025,-0.12452499,0.013881102,-0.052143387,-0.034195118,-0.12902799,-0.10382064,-0.09685434,-0.09691813,-0.11359833,-0.106441826,0.09307589,-0.116638206,-0.006200999,-0.09213507,0.033339247,-0.012630753,-0.09524335,0.07257275,-0.05286596,-0.09809981,0.028556094,0.094063744,0.13675368,-0.09944901,-0.011173472,0.08992466,-0.11465892,-0.03733757,-0.12918617,-0.09932968,-0.0964676,0.008130029,-0.112681605,-0.070276566,-0.11117509,0.04203926,0.0974424,0.070332006,0.030402705,-0.021074757,0.019735783,0.11343497,0.003089264,0.026293159,0.117826015,-0.1241425,-0.11177836,-0.09447592,-0.0073099732,0.050857827,0.0009953678,0.05380501,0.06788108,-0.051137835,0.048562914,-0.0002654791,0.07837047,0.06672691,-0.0801485,0.033212543,0.10611519,0.05288352,-0.032187402,-0.12418725,-0.07205301,0.004553929,-0.02562099,0.010762319,-0.033236735,0.053334936,-0.012283199,0.006903827,0.07100019,0.13419652,0.06884229,0.03723833,0.018021569,-0.034139715,0.07077567,-0.06410394,-0.122098744,0.0053695887,-0.06570533,-0.079955235,-0.0800488,-0.1365014,0.13683689,0.012140721,-0.08952457,-0.13240822,0.026938051,-0.1074573,-0.02521225,-0.010614321,0.1163097,-0.056678258,0.10974944,-0.10942604,-0.026803583,-0.12792286,0.07157703,0.13409343,-0.0405031,0.0515607,-0.08239147,-0.09131744,0.0034028143,-0.102099106,0.111206755,-0.027128682,0.033273235,0.09720026,0.09246011,0.05485654,0.08176233,0.09936252,-0.08333941,0.014552221,0.12649661,-0.09418233,0.076462254,0.064851314,-0.09428523,0.02940981,0.073814854,-0.07329078,-0.10449323,-0.09566436,0.015816107,-0.020563379
0.0067141056,-0.10288119,0.10976353,-0.05290915,-0.08657343,0.031283453,0.12886101,0.12551165,-0.12030842,-0.030479744,-0.05109644,0.0852368,0.0062580705,-0.026281267,-0.08918132,-0.12977149,0.04650554,-0.021261297,0.09611352,-0.031558692,0.11226839,-0.07947229,-0.09573957,0.13531211,0.06918003,-0.12605329,0.091591805,-0.10832923,-0.012671664,-0.1138614,0.015597343,-0.029742062,0.07412051,0.13348576,0.0008148253,0.059366748,0.09498234,-0.09851567,0.0031377226,-0.03347297,-0.08743234,-0.08225422,0.029170617,0.07330945,-0.030642554,-0.09095196,0.06267315,0.04280901,-0.05253949,-0.06656881,-0.016123638,0.08964746,0.12238771,-0.0071336925,-0.0119626075,0.07832681,-0.09719363,0.045177504,0.120331824,0.08912605,-0.1158333,0.12647244,0.10370804,-0.026145265,0.11006075,0.013681039,0.08945526,0.009316191,-0.06031234,-0.08405258,-0.0007032156,-0.041199163,-0.10143367,0.06246686,0.12999085,0.120988935,-0.0119223595,-0.033194102,-0.027308598,-0.0013849139,0.10993078,0.10434459,-0.0702182,0.08278023,-0.050919063,-0.11101492,-0.07410901,-0.11595836,-0.03407184,-0.03564111,-0.09939504,-0.1188637,0.019722879,-0.030789174,0.119978964,0.12848592,-0.095920175,0.008813262,-0.07411178,0.039635256,-0.040060543,-0.033256292,0.061746538,0.12618199,-0.06668085,0.08223507,0.02560839,0.12137851,0.12252489,-0.096273944,-0.108515546,0.13630635,0.07670234,-0.11557601,-0.10376136,-0.08229947,0.088199735,0.09604809,0.008977547,-0.10347811,-0.006267339,-0.09610875,-0.075630024,0.07391493,-0.014908947,0.055029467,-0.03196547,-0.0876953,-0.097660646,-0.05237221,-0.021303058,-0.13028458,0.070042,0.04003945,-0.07123002,-0.10010344,-0.009604171,0.06371851,-0.04406493,0.13213095,-0.05802699,-0.025271505,0.07084103,-0.11190187,0.06478773,-0.078715935,0.08481389,0.044259638,-0.032497026,-0.04675199,0.12147671,-0.114135824,0.03984508,-0.07428605,-0.13398153,0.06341685,-0.049077816,0.081276655,0.08523217,-0.10451481
0.06958915,-0.112703025,-0.05588063,-0.08403811,0.07073143,-0.113748044,0.059470445,-0.06513603,-0.07053594,-0.04918167,-0.10460012,0.06309022,-0.08106026,0.026795745,0.1145021,0.1318002,-0.123320974,-0.06587473,-0.13388196,-0.073070616,-0.028135054,-0.027049877,0.069437385,-0.12828316,0.048732936,0.12232733,-0.008796886,-0.13573231,-0.05792497,-0.07908389,0.07426898,-0.10228902,-0.018345416,0.10355817,-0.0061213374,0.046231598,0.06595233,0.021063551,-0.09258847,0.034375712,-0.12119694,-0.023628421,0.061621174,-0.0125351995,0.041222304,-0.06975833,-0.088803604,0.007539943,-0.12325,0.055464998,-0.02232036,-0.100161456,-0.1120464,0.033210844,0.1161176,-0.10930103,0.12100777,0.069533095,0.06854625,0.093173504,-0.0693397,0.020273834,-0.026924737,-0.10408208,-0.018410057,-0.08771111,-0.090164155,0.0104700625,-0.09324399,-0.014774576,-0.13233887,0.07387686,0.00056165457,4.2662024e-05,0.091624126,0.064355224,0.10506396,0.04565431,0.10591249,0.11026937,-0.078405656,-0.034257606,-0.10763164,-0.097925246,-0.11750455,-0.10615577,-0.09796502,0.120222,0.11669108,-0.043815672,0.11711624,0.13202804,-0.11943947,0.03631197,0.05372131,0.026653111,0.022788778,-0.023122557,0.08669187,0.05989155,-0.07648191,-0.09879467,-0.11775988,0.096328855,-0.090241075,-0.13099891,0.03926994,0.12055516,-0.118349254,0.006195456,0.114209324,-0.0058411956,0.10817507,-0.03964021,0.11397725,0.08206196,0.011202857,-0.008974701,0.03370695,-0.061891988,-0.0031565577,-0.067806475,0.08404718,-0.08102984,-0.02948036,0.02428475,0.030294701,-0.0033107102,0.112814635,0.086166754,-0.11414699,0.09155242,0.073714375,0.047006473,-0.08675739,-0.09454967,0.06586073,0.066525325,0.08318652,-0.08523697,0.119861424,0.018093973,0.08515881,-0.029235706,0.1365327,-0.020272784,-0.015180014,-0.008211255,0.0034327805,-0.008514196,-0.106143266,-0.02675791,-0.09309639,0.11346686,0.1336869,0.108790755,0.06338169,0.0008415431,0.13249302,-0.10405028
-0.0990657,-0.06822044,0.112629116,0.019857168,0.025396377,-0.10062753,0.077356786,-0.09155044,0.062002793,-0.036462896,-0.09735429,-0.10273351,0.08077529,-0.12996107,-0.12965018,-0.006309688,-0.038078524,-0.047869034,-0.10081449,0.0024321228,-0.102334335,-0.0017045587,-0.1174723,0.05686699,0.12288666,0.0899591,-0.13599214,0.050431132,-0.025607638,-0.09061762,-0.109048344,0.020772114,-0.09529323,-0.069366306,-0.010168105,0.027365148,-0.008207113,-0.021770723,-0.04274205,-0.090416774,-0.1315482,0.07671459,-0.10666891,0.10491493,0.045022592,0.040204808,-0.085375875,0.04717791,-0.039783433,0.069699764,0.047131836,0.10349913,-0.10017788,0.12278125,0.038769424,0.13570592,0.05398777,0.039278522,0.044536904,0.09337519,-0.0018360913,0.025286585,0.1318273,0.089647025,0.13690421,-0.095641635,-0.06106899,-0.09101829,0.08700521,-0.09974175,0.054978177,0.022272408,0.0694142,-0.10404359,0.039408162,0.015453041,0.0056263804,-0.010099784,0.022356018,0.06455746,-0.11632029,0.12691072,-0.09579311,0.085541725,-0.085053325,0.033012196,-0.025910795,-0.030010223,0.12137827,-0.12244712,0.08047517,0.05626844,-0.12169826,0.05028066,0.13201487,-0.08555554,0.13351691,-0.07405919,-0.069136865,0.113434345,-0.016297318,-0.030739814,0.10394761,0.00039365888,0.0003157258,-0.028292082,0.01295507,0.01963085,0.07416673,-0.11259059,0.09696132,0.07804197,-0.022148475,0.036444247,-0.020928435,-0.07688333,-0.09355802,-0.11816823,-0.044542886,0.02919574,0.011307642,0.027423188,-0.030000195,-0.09722184,0.049838156,0.037868664,-0.084744096,-0.0069828928,0.11594668,0.029722214,0.038108036,-0.073137894,-0.05270899,-0.05530464,-0.08481909,-0.13182028,0.06704284,0.06262627,0.08172117,0.09845318,0.13664243,0.040243924,-0.0029196441,-0.09469844,0.13352388,0.07644361,0.108171746,0.09363778,-0.09946647,-0.04105144,0.122030824,-0.018765226,0.107843906,-0.08314532,0.08114642,0.13645098,-0.10544175,-0.11830913,0.099883765,0.037585482
0.08233979,0.028359994,0.055193737,0.09548882,-0.04649686,-0.048863195,0.12371993,0.10299921,-0.05690117,-0.070334874,0.04176484,0.057516783,-0.024899364,-0.09739621,0.0116580725,-0.03558404,0.050339818,-0.026231512,0.12289587,-0.077456415,0.030676112,0.02496697,0.07048538,-0.07957291,-0.12444187,-0.04901834,-0.008104369,-0.0036205351,-0.03497286,-0.041688308,-0.041356884,0.01750195,-0.011998646,-0.023021095,-0.04080861,0.12610447,-0.032660194,-0.058675654,-0.00499402,0.040514097,0.10882217,0.058582023,-0.0864672,-0.023380958,0.05931732,-0.06452636,-0.12260941,-0.07317084,0.11275709,0.056877628,-0.06906123,0.08444865,-0.0047158003,0.11185287,0.08259189,0.111678466,0.116199136,0.096454054,0.123343825,-0.11964077,0.01662901,0.0474205,0.0062030554,0.061002627,0.036508888,-0.07487634,-0.03893602,0.01972866,0.12433067,0.11983624,-0.09167319,-0.052142866,0.12727073,-0.13659304,0.08780761,0.004420966,0.08874656,-0.023345567,-0.07829097,0.10015552,0.13277817,-0.08017652,-0.077625036,-0.08524349,-0.10203029,0.108322605,-0.11811985,-0.09584121,0.014277592,-0.10930727,0.13607195,0.04018724,-0.040528074,-0.026702903,-0.0111902505,0.04871194,-0.099009186,-0.11222684,0.00038017333,0.063708946,0.027448162,-0.116701216,0.13469228,-0.019121923,0.03589964,-0.08166596,-0.048434183,-0.09798829,0.09383352,0.09752728,0.111462474,0.041498303,-0.06132765,-0.1313751,0.09530665,-0.048549756,-0.024770148,-0.045691267,-0.099360466,0.029902518,0.057574376,-0.080398574,-0.10074933,-0.07395583,-0.009050384,-0.022478633,0.048883185,0.07408048,-0.09452368,0.023079008,0.039792895,-0.056062534,-0.038796782,0.057268962,0.050971523,-0.10522795,0.043424666,0.1215477,0.062181696,-0.022144854,-0.07138947,0.06515579,0.064134166,-0.009297714,0.0022403896,0.13516125,0.1329296,-0.1134398,0.07504597,0.10224214,0.08597243,-0.015914798,-0.09385948,0.044642255,-0.077314496,-0.085564055,-0.06197592,0.019332305,-0.11456552,-0.12105088
-0.0907469,0.08815059,0.019913375,0.007754758,0.03975086,-0.08467205,0.082106635,-0.015373185,-0.07816978,-0.061350666,-0.07166239,0.039252788,-0.009921789,-0.10291469,0.029430643,-0.091774195,-0.11542374,-0.0950837,0.04388854,0.023247272,0.08577913,0.051924586,0.059900105,-0.006177753,0.026599184,0.120444655,-0.0759733,0.036886513,0.0686266,-0.07209362,-0.080202475,-0.1000994,0.047222435,0.110070676,-0.13301358,-0.008244559,0.10464732,-0.10642334,0.11296716,0.10131562,-0.028296754,0.006884396,-0.12711349,-0.07117102,0.06917274,0.11941117,-0.0130953565,0.074009344,0.10524966,0.07013433,0.07318513,-0.016602993,0.09722602,0.08645639,0.04347886,-0.038050443,-0.093274,-0.07850294,-0.08424375,-0.052192226,-0.10426193,-0.12010667,-0.12733036,0.056541145,-0.09401974,0.10499841,0.027276218,-0.075268395,-0.09145345,0.12296337,-0.11098743,0.0028395504,0.09621279,-0.032823265,0.06939627,-0.018211633,0.019363612,0.08414304,0.069292724,-0.08271657,-0.008886009,0.085519165,-0.11034429,0.009592548,0.044308543,-0.10348993,-0.03177181,0.02729313,0.0905076,0.0520301,0.044732794,0.07817151,-0.057768136,0.05052039,-0.04168818,-0.05898972,-0.077589914,0.018650562,0.057081833,-0.08618444,-0.007742882,-0.018574208,0.036441833,0.06299274,0.002770543,-0.02582588,0.08291677,0.026531905,-0.10605081,0.069035664,-0.052748792,0.1031533,0.04509282,0.0718777,0.0902749,-0.08744634,-0.04674279,-0.033955686,-0.08606525,0.094518095,-0.12887192,0.0084412545,-0.09084429,-0.11885708,-0.0537372,-0.016705468,-0.01466687,-0.018714063,0.07483828,0.08517304,-0.057620376,0.02809003,0.05565527,-0.092573814,0.024703652,-0.04139524,0.035967052,0.034979746,-0.026172422,0.09769894,-0.008084163,-0.028360672,0.03542815,-0.05931452,0.009992048,-0.13236463,-0.006121084,-0.10107684,0.0772666,-0.09331855,0.11240433,0.07545151,-0.0057382286,0.03877063,-0.11410997,0.00091663003,-0.04231304,0.11370915,0.09977877,0.13054988
-0.10622028,0.057527766,0.056139395,0.003067106,-0.03206756,-0.006651327,-0.13452092,0.1226061,-0.12674212,-0.097949244,-0.060694665,0.05286652,-0.074835956,0.005623281,-0.06257554,-0.028710157,-0.022147566,0.03195271,0.13327646,-0.0041560084,0.080124974,-0.09246912,-0.066063955,0.077655196,0.10262476,0.13048613,-0.08743286,0.0058808327,0.038079396,-0.10789813,-0.019430205,0.020918474,-0.0060493946,0.01890172,0.12901899,0.045069903,0.12462112,-0.07190264,-0.10160807,0.0055689216,0.032178298,-0.0865382,-0.11413223,0.12301856,-0.11509016,0.121171504,0.09403692,-0.058755443,-0.04963301,-0.059311807,0.06679961,-0.033863522,-0.106148295,-0.1290386,0.11437589,0.1282418,-0.1340608,0.12434733,-0.014855407,0.032958165,0.10045609,-0.03756564,-0.013787791,-0.06618041,-0.03974057,0.10562755,-0.032010004,-0.02580358,-0.006331399,0.090721145,0.06084393,0.053418964,-0.019917622,-0.07332402,-0.008230656,-0.06919844,0.09950797,0.12647158,0.10899246,-0.1238792,-0.04064192,0.044187322,0.052454516,-0.06600581,-0.117520384,-0.035154544,-0.11129422,-0.11796676,0.051572233,-0.10661651,-0.10376612,0.1299814,-0.09833363,-0.111301884,0.072836116,-0.022439033,0.028033063,0.051206812,-0.04385893,0.0121370405,-0.03922116,0.12238988,0.06731857,0.06884971,-0.041235827,0.11221896,0.01820539,-0.0828512,0.04696971,0.059458226,-0.04376106,0.07058945,-0.11719777,0.12036276,-0.010025933,-0.102068,0.10943772,-0.071320385,0.026848242,-0.10768671,0.12772217,0.015948907,0.09245452,-0.088301,0.048910797,0.037637785,0.074686885,-0.0026757717,0.0021636933,-0.1158587,0.11570898,-0.11816846,-0.09063348,-0.06322009,0.10449721,-0.079478234,0.020451695,0.010919511,0.06449649,0.058142334,-0.025959603,0.12776625,-0.05782357,0.05377063,0.124343306,0.0012077689,-0.0657923,-0.073618524,-0.0159368,0.09311092,0.12041181,0.09507623,0.08064072,-0.045948558,0.11758602,-0.12540436,0.11220141,-0.009737983,0.13415754,-0.092093974
-0.082540505,-0.052258365,-0.02386991,0.027516425,0.01445134,0.09996346,0.07433206,0.09549734,0.076857746,-0.0063463748,0.10894956,0.13425055,-0.0097628385,0.061232194,0.057016447,-0.07804628,0.008069709,-0.05995959,0.117384344,0.105635375,0.08592653,0.06500162,-0.0031247586,0.13137096,0.07304375,0.010851502,-0.09573527,-0.045131214,-0.101581395,0.108495474,0.0401465,0.062373757,-0.08527249,-0.0821065,0.045994624,-0.0092096925,-0.06667478,0.09394106,0.09203909,0.07501754,0.0876974,0.019500688,-0.017187536,0.013753846,-0.06960192,-0.027303636,0.002252534,-0.050707452,-0.077282116,0.09575643,0.061369702,0.13624573,0.057567433,0.12798828,-0.10371794,0.13358948,-0.06144861,0.012077779,0.002169475,-0.028162412,-0.003735736,0.1368886,-0.10131523,0.009867728,-0.12080835,-0.1061148,0.122758955,-0.09915652,-0.110308215,0.08734846,0.096464634,0.10621235,0.10086998,-0.015482165,-0.0523772,0.119326025,0.05609469,0.0011841357,0.052321807,-0.12339606,0.11171056,-0.071591616,0.13600564,-0.016769357,-0.088583425,-0.1238269,-0.024093151,0.11867234,-0.073523164,0.13368353,0.08715317,-0.07715568,0.114093184,0.060681835,0.056134224,0.040925354,0.059114173,-0.13016295,0.072085336,-0.1253364,0.06659524,-0.09488779,0.081004605,-0.011441335,0.108211964,0.11885846,-0.047229163,-0.10375796,0.12614274,-0.1359656,-0.07681288,-0.025797836,-0.087318435,0.08271912,-0.0882896,-0.11484739,-0.013264395,0.091226384,0.036202237,-0.0473478,0.11412427,0.024722323,-0.11006699,-0.13360618,-0.024201795,-0.090287104,-0.07962912,0.073859945,0.03219524,0.09704921,-0.10171273,0.08700408,0.10579714,0.03444454,0.01433897,-0.034832545,-0.1285462,-0.040925257,-0.061874293,0.13250983,-0.08823727,-0.1134904,0.038464144,0.012528762,0.019850016,-0.12189202,-0.028838135,-0.033437714,0.026048496,0.13401034,-0.01705058,-0.1268455,0.13502806,-0.03758069,0.04647547,-0.09956869,-0.0025646389,0.11620948,0.08771144,0.073489964
0.10791217,0.039959565,0.017415479,0.044533834,-0.13104132,-0.13591637,-0.11352925,0.0877371,-0.018826142,0.08139624,0.09515439,-0.114582986,0.10529344,0.12898338,-0.01996708,-0.09544054,-0.08010763,0.015739515,-0.05337143,0.017791793,-0.03580653,-0.12409066,0.032410547,-0.022736967,0.097907394,0.073143214,0.12622389,0.07321556,0.041739434,0.026873514,0.052532434,-0.024537504,-0.027399257,-0.1132319,0.11570346,-0.052108653,0.017983526,0.13019857,-0.054501437,-0.052070193,-0.0925315,0.08386946,0.06964524,-0.03705491,-0.08546439,-0.119878985,0.035671636,0.027299225,0.074515924,0.08573885,0.024509594,-0.08645055,0.04071948,-0.12672587,-0.12104585,0.04127954,-0.1079517,0.11272307,0.12619823,0.038377374,-0.0088906735,-0.0150526315,-0.10593005,0.09778209,-0.10682846,-0.046245284,-0.1305548,0.07742886,-0.09864785,0.038936973,-0.07216711,0.0655514,-0.07466587,0.037464693,-0.13101977,0.03893155,-0.0308197,-0.07810034,0.088719994,-0.07323332,0.11083883,0.048688382,0.08113222,-0.050008968,0.05187957,0.098848015,-0.031514198,0.109519795,0.058146313,0.052875757,-0.05877644,-0.11628464,0.042408794,0.075729504,-0.10404208,0.10101615,-0.08704965,0.13590622,0.024715587,-0.018536665,-0.10145812,0.05904916,-0.04292605,0.08715853,-0.062346168,-0.11385735,-0.012934729,0.055975765,0.03725849,0.09729484,-0.09542173,0.011658922,0.13109028,-0.0012577474,0.042420313,0.06115757,-0.119276494,0.0851782,-0.05939065,0.09872238,-0.04765801,0.037068173,-0.10611976,-0.11592738,-0.09257147,0.06574294,0.025276035,-0.05872368,-0.035039492,0.07874434,0.015484646,0.10215503,-0.0046405196,-0.096349746,0.1134935,-0.0691354,-0.104220495,0.08294581,-0.019353323,-0.13096368,0.006793827,0.091856465,0.124427825,-0.039778017,0.017335907,-0.030597866,-0.103689045,-0.052779675,0.042301476,0.10009587,-0.0009939969,0.1306844,0.03282474,-0.020603403,0.105331674,-0.046374924,-0.08278591,0.10778001,0.05150768,0.081927076
-0.013390124,-0.11751937,-0.11476578,0.0001462251,-0.0210663,0.05080457,-0.11522019,-0.09761895,-0.029228948,-0.10814579,-0.092104554,-0.067655586,0.012372494,0.019591972,-0.07930576,-0.0867365,-0.039245807,-0.091133766,-0.09529614,-0.12518008,-0.12275018,0.07467449,0.08112292,0.104220435,-0.100807145,-0.04090394,-0.11137413,0.06064403,0.0025473684,-0.069007486,0.053014442,-0.04612805,0.09838417,-0.10001549,0.08249134,0.051471412,-0.09821349,0.11640504,-0.0355544,-0.121810995,-0.116678424,-0.123261526,-0.094885826,0.11804819,0.018359005,0.12758493,0.071428284,-0.002822876,-0.083059296,-0.13458589,0.13597602,0.032471,0.10373096,0.09546903,0.063822195,0.04208249,0.094107434,-0.08526661,0.029456079,-0.016587615,0.04246919,0.0753015,0.09129135,0.027094796,0.03143862,-0.042677738,-0.08847844,-0.03619183,-0.030621141,-0.011656448,0.055018395,-0.09739239,0.05354622,0.01826942,0.039824933,-0.097914085,0.06023927,-0.0992149,-0.04664994,0.13042864,-0.060143948,0.0050288886,0.054332152,0.048807964,0.13691524,0.02297552,0.014198199,-0.10324867,-0.011627555,-0.02669745,0.11245468,-0.1204476,0.09751579,0.12337208,-0.1115755,0.075552195,0.12770492,0.024650753,-0.09231796,-0.12050489,-0.12030395,-0.1309898,0.025440976,-0.08892214,-0.005274087,-0.13202386,-0.112356514,-0.09407613,-0.1230548,-0.083970144,-0.11987507,-0.07542226,-0.032170817,-0.0978702,0.093455315,0.092569575,-0.12859797,-0.08556272,0.09201667,0.024387166,0.12255487,0.07363494,-0.0111287385,-0.051625542,-0.042067833,0.102247,-0.037219845,-0.023841672,0.0035783201,-0.011640087,0.0654639,0.10377787,-0.04764133,-0.04794416,0.12606895,0.096749276,0.13073143,-0.08909513,-0.1003417,0.07115303,0.117973804,-0.082965896,-0.07251856,-0.020706825,-0.12084403,0.031340063,-0.07937634,0.009898648,0.03135915,-0.12475825,-0.016668744,0.058593422,-0.12347255,0.024687022,-0.060034968,0.007188499,-0.07453626,-0.062050976,0.032592982,0.052646667
0.029492795,0.12829533,0.13252515,0.03126079,-0.030790672,0.110647514,-0.0023525655,-0.115639344,-0.031925835,0.09410636,-0.11915658,-0.034948215,-0.037943073,0.09750417,0.010998577,-0.00042966008,-0.008598417,0.05939205,-0.04538311,-0.03430768,0.011949837,0.03722337,-0.080775455,-0.055139482,0.042410105,0.08491266,-0.06228561,0.09483673,0.10675199,-0.037820414,-0.13534273,0.12930289,0.08709414,-0.05613208,0.04240498,-0.11525385,-0.032526895,-0.12594183,0.01796417,0.03620933,-0.013812602,0.020479992,-0.023747355,-0.04648886,-0.0987946,0.011026397,-0.002532214,0.062264025,-0.07400467,0.04870464,-0.014135674,-0.06245645,0.13646778,-0.096603215,-0.0074581057,-0.0993481,-0.044924326,0.0441173,0.06471591,-0.023245476,0.106015354,-0.038023412,0.029576838,-0.02483923,0.081612036,0.08655557,-0.03706996,0.045150086,0.049496904,0.06936477,-0.01123713,-0.056461155,-0.049692817,0.114946544,-0.06466602,-0.06714979,-0.103057034,0.016085416,-0.043522477,-0.014373966,-0.030258566,-0.13153677,0.021960914,0.026536375,-0.11602265,0.015762597,0.043948933,0.076693624,-0.046802305,-0.087273285,0.0044278204,-0.120345116,0.00083748996,0.05621369,0.10215174,-0.01265005,0.06892796,-0.0901729,-0.016052991,0.022192523,0.07794312,-0.0660713,-0.08567512,0.090379074,0.07044786,0.10933077,0.124177784,-0.039495297,-0.06266088,-0.020035572,-0.011090487,0.023470014,-0.120775305,-0.012554333,0.05061519,0.049517542,-0.018666595,-0.11577946,-0.0710453,0.042130053,-0.005482614,-0.0612527,0.07262802,-0.060024098,-0.07955048,-0.13642746,0.09184997,0.093214974,0.013429195,-0.016737036,-0.10920707,-0.04604917,-0.07817142,0.009389609,0.1255106,0.030535012,0.0116906315,-0.094407484,-0.09392357,-0.058822468,-0.049319305,-0.08642492,-0.07396664,0.0225133,0.035340786,0.10112457,0.102203935,0.009648725,0.021537498,0.11649671,0.1313237,-0.08523524,-0.065578036,0.07667515,0.06188689,-0.072203346,0.13553938,0.084658995,-0.06612647,-0.057696186
0.049501836,-0.0097064525,-0.075626895,0.0067828298,-0.0018712878,0.12159598,0.122351885,0.0953121,0.018978283,-0.066519834,-0.12170518,-0.10220665,-0.046210125,-0.068846636,-0.099543355,0.10833818,-0.027338862,-0.089618854,-0.10535099,-0.012960292,0.05445622,0.0065750927,0.050673008,0.0122632235,-0.0014299899,-0.09073221,-0.06339821,-0.013073705,-0.029480726,0.0061900914,0.03543514,0.074026376,0.035070047,-0.020733923,0.0393299,0.040974006,0.11628863,0.0053837597,-0.056602776,0.017870367,-0.031270325,-0.113152735,0.11150479,-0.11761049,0.07260677,-0.017086625,0.10323261,0.083718404,0.06304827,0.069493175,0.011211932,0.06917767,-0.038782157,-0.09481296,-0.025600255,-0.094410755,-0.01837033,-0.12506546,-0.08147377,0.029926643,0.115450084,0.026138052,0.012578428,0.03848733,-0.09423991,0.038478702,0.016924173,0.018338665,0.04302232,0.005632356,0.011657521,-0.11452997,-0.003979489,-0.017696626,-0.027598895,-0.0021664798,-0.12006961,-0.050145306,0.12710866,0.13079488,0.042257115,0.053430036,-0.06279408,-0.07516961,-0.065618716,0.10626611,-0.107097596,0.00095416605,-0.07844646,-0.10930109,0.07763098,0.09036811,0.112155706,-0.062600255,-0.002739787,0.039065465,0.1238561,-0.09632294,0.0028251559,-0.11206289,-0.0366384,0.0818416,-0.03314686,-0.03475348,0.0534344,-0.07399537,-0.118493095,0.049294755,-0.11650073,0.06575942,0.039658457,-0.10087231,0.10097335,0.13253483,0.009866878,0.095581725,0.05972348,0.09062089,0.08207506,-0.04060816,-0.08313605,-0.026185937,-0.12302297,0.00856854,-0.07052968,0.041058287,0.07408857,0.06928083,-0.014644057,-0.09270976,-0.13191718,0.026970744,0.03216286,-0.034641042,-0.06431275,0.104517326,-0.053443708,-0.039497152,0.019149542,0.12619478,0.09569538,0.017245188,-0.0130075365,0.09584418,0.12305653,0.023671776,-0.0061917305,0.13532656,-0.10393615,0.10003361,0.08342481,-0.13552833,0.042666152,0.12665066,-0.024800152,0.048916876,-0.0198187,0.025844231,0.046264574,0.05114886
0.10465062,0.072238475,-0.08804012,0.057689235,-0.13384232,-0.05587893,-0.10820635,-0.12769927,0.06679942,-0.0938254,-0.08729489,-0.13166116,0.06127356,-0.12139857,-0.11509518,0.1020125,-0.056599185,-0.032224685,-0.03327748,0.046987697,-0.05948373,0.08321531,-0.035572685,0.09960209,-0.0445437,-0.034512572,0.117284775,-0.027473234,0.036947146,-0.12659512,0.04783769,0.06843676,0.081281215,-0.006568864,-0.10191015,0.09632653,0.13556418,-0.1045488,-0.086613744,-0.08478086,-0.102603145,0.11958858,0.07109375,0.0382697,0.034214124,-0.010742426,-0.11571972,-0.07197015,-0.10365094,0.08599715,-0.07608205,0.11389816,0.046029255,-0.094875544,-0.075575404,-0.04417845,-0.10543235,0.107746035,-0.0206557,-0.107157014,0.07710236,-0.0041036755,0.11554399,0.1292589,0.088230655,-0.08217959,0.07158457,0.057193875,0.03864707,-0.011970341,0.12123445,-0.13276805,-0.095975615,0.013612971,0.07723126,-0.11109112,0.040488735,-0.1288135,0.116766244,-0.12781876,-0.11528222,0.08755672,0.029767528,0.049823895,-0.037428983,0.096691296,0.11639151,0.118607044,0.05749005,0.0066907704,0.08690022,-0.07429216,0.012932152,0.11817193,0.1087663,0.069561765,-0.034230344,-0.054995738,-0.047400393,-0.093653284,-0.07162938,0.1037973,-0.10266968,-0.0792674,-0.08161585,0.10275695,0.007083446,0.024431437,-0.014407426,0.0018948168,0.12347871,-0.025590658,-0.030818291,-0.019692034,0.04650329,0.039152607,-0.05474948,-0.07831346,-0.074425355,-0.08871561,-0.0069156736,0.07641737,0.075332865,0.08977501,-0.10676463,-0.024045095,-0.024160795,-0.07554191,0.13678986,0.05054252,-0.025695227,0.044954956,-0.07976833,0.10112943,-0.111384094,-0.057877637,0.1074608,0.09282754,-0.016996257,0.016592875,0.036670208,0.08713029,-0.06287462,-0.12838103,-0.05012826,-0.025189005,0.0046240985,0.099258676,-0.08410475,-0.11568286,0.032843933,-0.115479894,-0.003797084,0.12494725,-0.02007828,-0.04789287,-0.10047098,-0.023217462,-0.060737826,-0.113649294
-0.1167318,-0.07790136,0.107008144,-0.10850435,0.091112286,0.06375544,0.021799445,-0.008783728,-0.0043873787,0.11829054,0.039897725,0.09863584,-0.030927464,0.13152334,-0.025174119,-0.029110543,-0.021465376,-0.030694105,0.052518263,-0.12185582,-0.005469188,0.06981942,0.005053729,0.12825146,0.049751878,0.020770162,0.028329372,-0.019138768,0.035152912,0.06708962,-0.0547138,0.06957352,-0.07116152,0.13327572,-0.10428165,0.002136737,-0.08063619,-0.1093262,0.093860954,0.0861835,-0.090352885,0.12888181,-0.09165771,0.1055837,0.011526406,0.10598391,0.10097821,0.13629562,-0.008824304,0.07151264,0.06205143,0.10822554,-0.011639237,-0.0577761,0.08244906,0.02379188,0.049530536,0.03236109,0.13335824,-0.05608382,-0.11402995,0.0484443,0.08273727,-0.11927143,-0.017713733,-0.026701368,0.11090627,0.065448985,0.050395936,0.00021602213,-0.10105066,-0.05631209,0.0023096055,-0.023622543,0.086810544,0.084527776,0.063788086,-0.0049957186,-0.11659939,0.13297361,-0.12619951,-0.009423792,-0.12878096,-0.11265862,-0.0036343336,-0.09354522,0.010197327,0.07049361,-0.008439556,-0.05601249,0.0038133115,-0.056409344,-0.023726098,0.0660508,0.068710044,0.07622586,0.132949,-0.07601157,0.1069662,-0.13267148,-0.0031869113,0.09887691,0.031542525,0.0987723,-0.09588511,-0.035722956,0.015322775,-0.042721488,-0.10612025,-0.04926815,-0.09427096,-0.053900175,-0.013624914,-0.044825308,-0.0061479807,-0.110312395,0.092638254,-0.021791324,0.13226318,0.045170873,-0.076329775,0.026714593,0.023613274,0.12593526,-0.054236732,-0.10465075,0.090734035,-0.10354194,-0.06556217,-0.08412361,0.09172532,0.06521882,0.022414848,0.093995646,0.019475192,0.028983384,0.1196844,-0.0095036775,0.07831515,0.0987059,0.12541035,0.080226764,-0.038052566,-0.045598455,-0.040076606,0.11467302,0.12046254,0.054103076,-0.12832883,-0.11956956,-0.0021438152,0.03976068,0.08992371,-0.044894718,0.12825906,-0.1010042,-0.077687,-0.036559135,0.06851739,0.12773168
