-0.047588654,-0.11659734,-0.026021665,-0.07291133,0.040370386,-0.07698654,-0.114573374,0.11005688,0.064358436,-0.06264748,0.065189295,-0.040230587,0.13781518,-0.07777077,-0.12485118,0.15181278,0.045531865,0.02805346,0.053328604,0.1598807,0.07056658,0.16059248,-0.16788651,-0.16658941,-0.014381437,-0.16932312,0.07153334,0.061509103,-0.15508085,-0.12841642,-0.00055502175,0.17159891,0.012575911,0.14979196,-0.07033074,0.076860726,0.09085754,0.16565762,-0.15778941,0.13706008,0.12269098,-0.09621758,0.07101183,-0.1532976,-0.12459976,0.008396922,0.1299802,-0.067104906,0.033540506,-0.158446,-0.12148476,-0.13075945,0.005620867,0.13762312,0.16605315,-0.0008735467,0.17070408,-0.074266076,-0.046542827,-0.008091107,0.010556635,-0.13743336,-0.069349036,-0.010157779,-0.045312144,0.013835415,-0.030310916,-0.1616062,0.007438734,0.044026244,0.050259016,-0.08952649,0.05656308,-0.15342475,0.037466943,-0.054260965,-0.07608956,-0.09412667,0.024956524,0.021645008,0.13924797,-0.047546912,0.1563902,-0.061589926,0.019027136,0.12623504,0.06608145,0.15659608,-0.053425938,0.12650488,0.120667495,-0.09486268,-0.07949227,0.098648794,0.023449408,0.07248229,0.009528233,-0.13186117,0.111196265,0.16041118,-0.16405538,-0.015461866,-0.04397551,0.0714629,0.01807613,-0.058674768,-0.09609886,-0.045021307,-0.016989857,-0.0048193755,-0.064152755,-0.106576994,-0.039445452,0.058649957,0.11255345,-0.11621933,-0.008291,0.11090699,0.16198823,-0.11717974,-0.11220403,0.12210294,0.11495467,0.00028428435,0.050722167,-0.072125435,-0.045319945,-0.149681,-0.1358166,-0.099984914,0.0037053886,-0.051641107,-0.09559984,-0.03234604,0.11706877,-0.02258688,-0.17428854,0.06041455,-0.043181363,-0.07763782,-0.05737698,0.10504666,0.11321869,0.12026434,0.004645537,0.10529584,-0.1407384,-0.06479776,-0.03863193,0.15648617,-0.027252758,-0.021071712,-0.070407726,0.0946874,0.09312746,-0.111351855,-0.010499376,-0.04838319,-0.09115262,0.05327058
0.061207112,0.077250905,0.032186206,0.08678129,0.05652897,0.052041773,-0.045483723,-0.16702797,-0.0794822,-0.059977826,-0.09420736,-0.015509286,0.1208324,0.11554495,0.068260096,0.044600077,0.10359614,0.16492985,0.096862435,0.0064568073,-0.112537175,-0.06464498,-0.023026038,0.057695612,-0.08610983,-0.05850236,-0.12841064,-0.0047813314,-0.12500577,0.15761235,-0.10088652,0.16856524,0.024154697,5.990267e-06,0.02641897,0.04240346,-0.044048492,-0.06741999,-0.13928878,-0.031965256,-0.023410369,0.058578096,-0.14635724,-0.088933125,-0.11935387,0.1401627,0.03772904,-0.13860585,0.0638875,0.10938358,-0.16431391,-0.024809226,0.027169896,0.053490937,0.035866916,-0.0073661446,0.0054881433,0.058254853,0.09627919,0.11834586,0.088461265,0.14623034,-0.022046903,0.09115428,0.08783201,-0.17191043,0.10142564,0.1323474,-0.12343908,-0.048066195,0.03806907,0.019491341,0.10439437,0.030219987,0.15473029,0.072301865,0.074983284,-0.0373227,0.09186715,0.0025919739,-0.09097483,0.020314846,0.05808222,0.06311321,-0.099361464,0.15380603,-0.08390562,-0.028098946,0.15755601,0.048968162,0.15311632,-0.12670912,-0.032970086,-0.1495903,0.14570485,0.16383179,-0.041140504,0.06625775,0.12439344,-0.033409715,-0.097022094,0.039208714,0.10162099,0.13690361,-0.04829062,0.046285972,-0.051740807,-0.026835715,0.16736543,0.050490737,-0.034227002,0.06663644,-0.060901433,-0.02989909,0.1173372,-0.12237588,0.043410875,-0.051117606,0.037841246,-0.00088248536,0.069918044,0.14099555,0.0010328015,-0.0100979805,0.15473069,-0.07456294,-0.06531873,0.032550894,-0.08772282,-0.02764249,-0.17410323,0.07563731,-0.13462175,-0.0874297,0.0005750839,-0.15444385,0.00545706,-0.07838144,0.10199318,0.15708026,0.07298024,-0.002220697,-0.027123792,-0.07670544,0.08090559,0.084377706,-0.16717018,0.09352643,-0.11514936,-0.13496411,-0.1679767,0.09937691,0.111636855,-0.016425043,-0.08466384,0.15949081,0.089589104,-0.04780451,0.09675127,-0.12546025
0.17070255,-0.15923865,-0.059814475,-0.15127963,-0.013663893,0.10381795,0.109259635,0.039315045,0.13405876,0.03308333,0.08249822,-0.14911279,-0.13592187,-0.036551442,-0.07560777,0.027651986,0.11951569,0.026891407,-0.0055877743,-0.10521016,-0.026357085,0.120230414,-0.07328013,0.13961005,-0.14126085,0.15041023,0.011412602,-0.07122446,0.12179786,0.070680596,-0.03134526,-0.09628836,0.16008976,-0.08942231,-0.08884954,0.07990743,-0.01414173,0.06495188,-0.11510762,-0.1315646,0.1363854,0.11344802,0.029435486,-0.023327023,0.046429344,-0.062585615,-0.16087128,0.15839984,0.16171353,0.12698697,-0.12910937,0.102814466,0.13408597,0.14557685,-0.02694977,-0.11639193,0.079575844,-0.11515012,0.07033756,0.10975945,0.01979595,0.16952173,-0.036737755,0.020797685,-0.03402596,-0.07239497,0.087765835,0.085508764,0.06816167,0.16004166,0.04738617,0.05409121,-0.10977984,0.036122575,-0.009659544,-0.109058045,0.037528813,-0.13939339,0.15748134,0.15148896,0.09424008,0.17106697,0.03179299,0.065882094,0.017826336,0.15060335,-0.11092688,-0.04266643,-0.14130834,-0.11372979,0.053440873,0.039665222,0.16029286,-0.13129999,-0.09291108,0.14234531,0.03419361,0.021678891,0.07127762,-0.035542786,0.10550024,-0.1648842,-0.13956054,-0.1076968,-0.005538133,-0.08297421,-0.10609647,-0.08095813,-0.15758167,-0.07578088,0.15577139,0.0011394513,-0.15902176,-0.05235225,-0.13203642,0.075834505,0.12944947,0.124032885,-0.025936216,0.0877523,0.11667659,0.10717626,-0.06636162,-0.025094256,0.0121229375,-0.034046885,0.16804352,0.16607837,0.026333017,-0.057409197,0.12832347,0.067631185,-0.17157698,-0.0069431458,0.031913012,-0.117311604,0.010068468,-0.067072175,0.065911315,0.09746778,0.032233536,0.11264805,-0.1653859,0.10996132,-0.03293953,-0.13586086,0.08906028,-0.16456491,0.112207614,-0.098259084,-0.12908165,-0.03304063,-0.017416857,-0.1542523,-0.06766102,0.006940669,0.09119176,-0.08967122,0.08240503,-0.010855929
0.0075385915,0.036493286,0.11653036,-0.042109117,-0.067553565,-0.14368145,0.012399659,-0.0058639077,0.04917907,-0.047982197,0.048258655,0.14308174,0.07256773,-0.02634965,0.10066951,-0.13655818,-0.17033471,0.090005666,0.080963686,0.028433636,0.1685752,0.12749611,-0.1405041,-0.078791656,-0.12949313,-0.14801444,-0.03376873,0.043071285,0.11357591,0.082403146,0.093735486,0.015113233,-0.07713908,-0.008754984,-0.109787606,-0.010503188,-0.0481958,-0.10455056,-0.10187131,-0.006468125,0.16704959,0.119283296,0.15458116,0.086040646,-0.10691272,-0.0698342,0.12111029,-0.035435554,0.012011632,-0.11076,0.10910858,-0.07611886,-0.09940613,-0.10493149,0.101785466,0.10571356,0.11516556,0.057994585,0.06333239,0.093322486,0.044340108,-0.0117484415,0.05002098,-0.07206209,0.14633268,0.16463804,0.13419051,-0.15866412,-0.14968948,0.01697846,-0.13068561,-0.028159166,-0.046278283,-0.12594715,-0.1392308,-0.0950624,-0.04463753,0.024812415,-0.01647605,-0.17131938,-0.060079057,-0.061393384,-0.1643557,0.17200762,0.15780541,0.14783047,0.07041374,0.07655808,0.062135756,-0.1733542,-0.06131216,-0.08607891,-0.107256636,-0.15777631,0.062728,0.11092393,-0.0685248,-0.046168,-0.03195103,-0.11235644,-0.07562431,-0.14445253,0.079745084,-0.10613064,-0.02384607,0.050245285,-0.11938946,0.073679276,-0.13057642,0.09780533,-0.0864009,0.053892076,-0.021467308,0.06307326,-0.11008578,-0.018061327,0.120309025,0.1487318,0.09256393,-0.035285555,0.0031267374,0.14094092,-0.048887353,-0.13755256,0.015113373,-0.029819585,-0.07597226,-0.068418466,-0.0050081713,0.033325642,0.05883412,0.08147362,-0.10504485,-0.016771,0.108526066,-0.11906227,-0.042924017,-0.14091608,0.17007668,-0.13192162,-0.12900507,-0.14892784,-0.05844896,-0.11347473,-0.1440285,0.07159649,0.15760802,0.049275536,0.11107921,0.041798092,-0.06696221,-0.14935787,-0.16153145,0.039412737,0.10673453,0.10691284,0.0059836423,-0.16677088,-0.06750338,0.02260724
-0.16104351,-0.057904843,0.1502051,0.14871266,-0.08366573,-0.011833031,-0.111433,0.12160698,-0.06113716,-0.124003716,-0.048398823,-0.13449275,-0.15395224,-0.10464074,-0.119636826,-0.1355774,0.08897018,-0.15981561,0.14182757,0.13702741,0.0920345,0.111637555,0.0033214088,-0.16570584,-0.06208664,-0.0028975308,-0.07931122,-0.03564205,0.109710574,0.058429945,0.09816764,-0.15314052,-0.0159204,-0.11076772,-0.08003755,-0.16933185,0.08669889,-0.049114246,-0.056757182,-0.07635247,-0.17433785,-0.1692625,-0.0032936695,0.04856874,0.05143881,-0.13325094,-0.13660872,0.06017609,-0.16960368,0.029120313,-0.09790617,-0.058048405,-0.018976323,0.0093159275,0.16235355,0.040980034,-0.13071084,-0.0037359775,0.056618184,-0.04647465,-0.025335435,0.14361943,-0.10733828,-0.085535176,-0.00066038023,-0.14104557,-0.16385634,-0.01840037,-0.16959307,-0.1451034,0.07525534,-0.027744304,0.103748776,0.1603553,0.014704883,-0.08528031,0.0071529816,-0.09305522,0.111347556,0.15634443,0.072420105,-0.09252548,-0.03902757,0.080378495,0.052961256,0.0018124164,0.09196049,0.033241898,-0.09888566,-0.051727142,0.108316064,-0.06710132,-0.13209043,0.048266172,0.10494063,-0.15688346,-0.12333215,-0.17418016,0.1492686,-0.075915106,0.102958925,0.13275011,-0.0057735885,-0.059467353,0.015663283,-0.114722,0.099380456,0.020834085,-0.0011014997,0.117022485,-0.07186204,0.03888363,0.1149377,0.10233301,-0.07491902,-0.117578536,-0.13861294,0.15241405,-0.16053179,-0.04939972,-0.099896476,0.02148681,-0.12797502,-0.03028652,0.015903492,-0.13543084,-0.1475958,0.16869955,0.00020538532,-0.14784673,-0.045925613,-0.10796786,-0.15198395,-0.13975388,0.10407928,0.024166122,0.1662847,-0.050509077,0.09872547,0.06804265,-0.09472321,0.08749386,0.047896534,0.1383508,0.064371325,0.12720647,0.10818075,-0.003518805,-0.02481996,-0.1451933,-0.023326797,0.045436427,-0.17281888,-0.11626277,-0.07078431,0.12808748,0.13069585,0.055051193,-0.14344396,-0.14863792
0.087217756,-0.04024723,-0.0067224875,0.030127406,-0.047753546,0.07104403,0.16169846,-0.06030925,-0.0076770233,-0.13132793,0.1608621,0.052234594,0.17466314,0.089843,-0.09467353,0.055048913,0.10586388,0.057751555,0.12707016,0.13764375,0.15144326,0.16724831,-0.14179854,0.013161764,0.014778396,-0.061128788,-0.04153292,0.15752368,0.17096516,-0.1669585,-0.03599886,-0.16176876,0.10566649,-0.018866912,0.13487971,0.058829088,0.16820599,0.15863445,0.07788655,0.046117183,0.010338602,-0.15389347,-0.059984863,-0.09051482,-0.08589367,-0.039259914,0.11418253,0.018188186,-0.07736316,-0.095001355,-0.07091793,0.0577645,-0.06557412,0.17402236,0.116284646,0.11666658,-0.15391462,0.030982014,0.12724063,-0.003969133,0.13408251,-0.07295216,-0.049605206,0.10676435,-0.031598497,-0.093499765,0.08589828,0.12965873,0.018146913,0.02872116,0.030689828,0.13153677,0.06679065,0.07139191,0.10875544,-0.06704929,0.1450776,0.0736565,-0.06701803,0.11136262,-0.013444831,0.029415337,0.16560942,-0.12861724,-0.0589399,0.15988646,-0.15054357,-0.15604568,0.17131057,-0.14875197,-0.095196694,0.042695135,-0.062464483,0.12410469,0.07119497,-0.16155033,0.06349564,0.0189997,0.06574286,0.029957056,-0.06858347,0.14380516,0.10547177,-0.11577557,-0.10862008,0.047983244,0.031118333,0.061898727,-0.16430815,-0.04530277,-0.119966954,-0.03127049,-0.073924355,-0.022143498,0.05880654,-0.09069239,-0.060311526,0.09728938,0.07962611,-0.13048856,-0.13330342,-0.087058604,0.042929973,-0.008715704,-0.051846106,-0.11638212,0.085332185,0.06571802,-0.14525723,-0.12812549,0.17271194,0.04837519,0.08638323,-0.00035081588,-0.004463957,-0.021186648,0.12711823,0.0936621,-0.07171568,-0.15260202,0.013447274,0.05895325,-0.064631686,0.094489664,-0.15659262,0.050835967,0.12983097,-0.100519545,0.04183118,0.06350513,-0.1286523,0.037934214,0.12291385,-0.08345237,0.17160736,-0.015746705,-0.16212142,-0.16212304,0.09696296,-0.15487377
-0.08224323,-0.10419508,0.06802344,0.0009049922,-0.06768808,0.12184359,-0.07146232,0.088895835,0.0926321,-0.0010787649,-0.13886976,-0.045919716,-0.0401746,0.0019848887,0.13930261,-0.0196334,0.07451341,0.044539947,0.06900839,0.090654284,-0.024203181,-0.09504298,-0.16579798,0.14104682,0.090312004,0.021021873,-0.065444574,-0.087555915,0.03522189,-0.025570262,0.013140383,0.047362406,-0.029009279,0.06656465,0.12844169,0.051434763,0.11159271,-0.15210028,0.04713632,0.037149012,-0.16489579,-0.10041788,-0.16088606,0.15184677,-0.1660261,-0.1173418,-0.09564559,-0.048653625,0.14573108,0.14534013,0.035769895,0.1203109,0.16192469,-0.034346323,-0.12224422,-0.12470548,0.08630765,0.10545879,-0.1059899,-0.10274405,0.0053251972,-0.069576,-0.10999419,-0.07296918,-0.12948208,0.17162281,-0.03357666,0.060749877,0.060003318,0.114560656,0.16658928,0.12831973,-0.0072685876,-0.008701786,-0.043334633,0.014675441,-0.021906981,0.057396635,-0.08441649,0.094439715,-0.097920984,-0.13626604,0.06822947,-0.013449639,0.04182481,0.10828526,0.07139674,-0.10482853,0.13467418,-0.040421426,-0.081632756,-0.066235155,-0.03143023,-0.071064964,0.14235039,0.0016885973,-0.09653868,-0.17039047,0.07883795,-0.09950187,0.03543489,0.114820644,-0.15755932,0.10284373,-0.05679439,0.10592535,0.11219006,0.107377805,-0.07383871,-0.04678587,-0.12300584,0.021270039,-0.059633516,0.032890275,-0.11584535,-0.050142713,0.13211158,0.012125671,-0.13187277,-0.06272526,0.11483894,-0.012035057,0.06052286,0.07906255,0.0845104,0.17041354,-0.07484197,-0.03690292,-0.10585578,-0.03699552,0.119661994,0.060599744,0.023109138,-0.0062593077,0.07589249,0.09624196,-0.12145257,-0.15607354,-0.0924411,0.008633941,-0.12950106,0.16156954,-0.110811755,-0.03205371,-0.14925182,0.15342602,-0.0044747735,-0.014877547,-0.04797237,-0.12286332,0.034292214,-0.06822034,0.07636104,0.057603404,0.09120983,0.13820381,-0.05620268,0.03930293,0.07129292,0.010185823
0.11857683,-0.13061711,0.0919806,0.034746617,-0.06305303,-0.13085839,-0.01466772,0.020113058,0.11615896,0.084249645,0.12375164,-0.15424025,-0.1183211,0.14966792,0.07930453,-0.07187965,0.08922708,-0.048665736,0.12180744,-0.13886517,-0.13361712,-0.17132337,-0.07917713,0.07349962,-0.02538138,-0.1373154,-0.10257384,0.16023476,0.092288524,0.119442634,0.046315864,-0.06073842,0.09021078,0.15240434,-0.01424819,0.13749786,-0.023748597,0.10594017,0.101760715,0.01000668,-0.075433806,0.08165005,-0.02734111,0.06369999,0.16142006,0.041268155,0.116980314,0.12705438,-0.04405983,-0.0013253167,0.019565197,0.051962957,-0.021520855,0.08562042,0.033195563,0.0256943,0.07536979,0.13022262,0.17138238,-0.12730075,-0.10644157,0.16244137,0.019420892,-0.09369212,0.008465381,0.043758333,0.049533404,-0.16321856,-0.14571565,-0.08179792,-0.04459456,0.15627737,-0.10922132,-0.12212728,0.10046166,0.01758071,-0.039339665,0.12389621,-0.15164545,0.019904725,0.10016531,0.06871226,0.03522049,0.009944028,0.13410823,0.011507068,-0.14705272,-0.0929257,0.0014709285,0.16674523,-0.02329304,0.14885992,0.11630213,-0.16381074,0.1431618,-0.15105845,-0.15867093,-0.1650423,-0.10087185,-0.17294867,0.07465252,-0.13694453,0.089279056,0.15089557,-0.02915029,0.05623108,0.031612262,0.16685748,0.09755854,-0.094390064,0.16321534,-0.018691394,-0.072240375,-0.15186994,0.124981284,0.06427616,-0.10499025,-0.031056553,0.015114039,0.100731365,-0.14815357,-0.13000019,0.022661578,0.13020551,-0.030165114,-0.16460355,0.15317798,0.17002065,-0.17042522,0.0971607,0.070259504,-0.10249492,-0.08814691,0.007919248,-0.05077621,0.13331017,-0.09994609,0.1039489,0.14878273,0.026349917,-0.061894957,0.07432909,-0.14351457,-0.15105963,-0.1621459,-0.0605931,0.07712288,-0.015820172,-0.163887,0.0602349,-0.12088475,-0.08752302,-0.13476819,0.013226882,0.07913369,-0.16068992,-0.05296766,0.0963186,-0.057367735,-0.07989011
0.0045435154,0.13199687,0.082028605,-0.0042667985,-0.020820983,-0.03700315,-0.10506584,0.14873374,0.06860487,0.14100355,0.042431865,0.027072383,0.1141195,0.1687067,0.13047355,0.020007083,0.025718909,-0.014435848,-0.07840768,-0.13443193,-0.09818214,-0.05374218,0.12622467,0.0953801,-0.059297785,0.0791468,-0.012686537,-0.07353756,0.07952055,0.037835017,0.102532834,-0.10530343,0.110536225,-0.024179965,0.11863947,0.13733286,0.05745266,-0.1486506,-0.15984151,0.17121536,-0.075851075,-0.012569634,0.042692844,0.008095741,-0.103463784,-0.06713127,-0.08354351,0.16113216,-0.07780663,-0.08855766,-0.04184806,-0.15541878,0.03198652,-0.0480103,0.034801994,-0.16676198,-0.00035072592,-0.14749959,-0.09187255,0.14698383,0.008552617,0.1490919,-0.021217559,-0.14022434,-0.08048423,0.17136112,0.10404772,0.044796713,0.048172865,0.056944277,-0.0910128,0.018790463,-0.033885557,0.16300869,-0.05765762,-0.1516898,0.11233731,-0.15290967,0.15514272,-0.111012116,-0.06351795,-0.03974335,0.0077340025,-0.06791616,0.102334544,-0.00349632,-0.09606136,0.14036101,0.0057856906,0.10714619,-0.10870553,-0.058920354,0.055817917,0.12973651,0.12903307,-0.058618993,-0.15999782,-0.08700023,-0.018748682,0.046579003,-0.05330699,0.09329999,0.14424612,0.017520115,-0.099738404,-0.0053818524,-0.123380594,0.044126563,0.05410171,0.1235373,0.04742206,-0.074999064,-0.09822629,-0.013450131,-0.16299428,-0.06536897,-0.08658001,-0.058350682,0.132018,0.07048589,0.10254654,0.0909535,-0.011120869,0.065794125,0.10782849,-0.08087311,0.09969559,0.15187564,0.006781526,-0.068456486,0.010618985,-0.025109693,-0.03293107,0.10839303,-0.08389975,-0.12634285,0.050274145,-0.08376479,-0.00058960414,-0.06154599,0.1649292,-0.10174666,-0.10039268,0.07159661,0.11911647,-0.037354946,0.006074488,0.101655684,-0.009854121,0.1448695,0.053723503,0.07798857,0.10283159,-0.14456719,-0.13707778,0.115420364,0.11850553,0.13423824,-0.060778603,-0.09751127
-0.1600656,0.057588685,-0.03012347,0.051128134,-0.11525708,-0.108330734,0.029554099,0.024912937,0.13181828,0.08849093,-0.11765747,-0.11360167,0.045627475,0.073339894,-0.040993325,0.15489805,0.13457814,-0.17447358,-0.10174079,-0.075864024,-0.15132016,-0.07646197,-0.0033912894,-0.0114429295,-0.11021283,0.04807836,0.027051657,-0.042480405,0.018644795,-0.13190755,-0.16896425,0.016755635,-0.10050321,0.17078108,-0.01029253,0.056124527,-0.016328566,3.582053e-05,0.102463484,0.124438666,-0.04399635,-0.17321642,-0.1677482,-0.12613194,-0.02480717,-0.023310728,-0.043067575,-0.15696213,-0.002636658,0.032029156,-0.08097327,0.16332906,0.047617372,0.06532979,0.10996416,-0.0017850304,0.114411734,0.16686536,0.17047526,-0.10693457,0.04601633,-0.09233221,0.059588324,0.017299965,-0.07811501,-0.04889542,0.15054744,0.12765165,0.07154257,0.12877119,-0.045404967,0.0066409893,0.018255852,0.046139494,-0.036524504,-0.0057475828,0.107028835,0.03626199,0.07702848,-0.13006651,-0.15276064,-0.034343936,-0.07845982,0.07232733,0.12517679,-0.019860104,0.14976314,0.1543646,-0.032001857,-0.16750659,-0.109178804,0.088334054,-0.09613349,0.06820297,0.1077819,0.1566829,0.13581635,0.15249765,0.020277303,-0.13119861,-0.02315923,0.15327671,-0.08280705,-0.15659718,-0.018723939,-0.083649136,-0.10973365,0.05724163,-0.08817754,0.03583018,0.14107606,-0.13168447,0.013322155,-0.037264183,-0.084824696,-0.084255286,0.11486465,0.16487065,0.110474765,-0.05152813,0.0017735555,-0.13246106,0.016023995,-0.009981155,0.11173446,0.03614094,0.11162552,-0.07652204,0.03494582,0.07042612,-0.17394263,0.010886967,0.018846229,-0.08040984,0.057581022,0.10943037,-0.015693115,-0.15474921,0.014918486,0.105322,0.011194046,0.053919893,-0.11975204,-0.1357983,0.022945026,0.13039154,-0.094265826,0.041026615,-0.14683172,-0.09127675,-0.089765586,-0.010140822,-0.07452758,0.1235562,0.033538595,0.089853935,-0.093082495,0.041587878,0.019024909,-0.03342386
-0.09911932,-0.037890013,0.0030353495,0.12678823,0.03436868,-0.07962634,-0.07993521,0.10813458,0.16177367,-0.020027045,0.078959055,-0.1720514,-0.09197536,-0.10368519,0.12876046,0.060706224,0.056237165,0.14480442,-0.08922277,-0.1287733,0.08786556,-0.053373083,0.109006345,-0.017105997,0.0679664,0.12901133,-0.019148193,0.1553912,-0.16193213,-0.027606387,0.025476472,0.1632486,0.1535919,-0.10415602,-0.061104044,-0.0044314964,-0.006795127,0.10817203,-0.15963598,-0.021089071,-0.14974442,0.02898127,0.15130825,-0.040429056,-0.054430775,-0.10800837,0.085864276,0.052774128,0.031810142,-0.022488581,-0.07975523,0.15302327,-0.066531956,0.0015671612,-0.07697017,-0.14707977,0.0442295,-0.10220374,-0.016885424,-0.039914563,-0.17059317,-0.06684543,0.013906867,0.027938664,0.06531569,-0.028383955,0.12106571,-0.108182825,-0.04115508,0.08325207,0.07201971,-0.016073238,0.10780903,-0.02332586,0.05789222,0.09020059,0.1582614,0.11377782,0.048066586,-0.09765263,0.12429406,-0.15107465,0.10274861,-0.13966104,0.031931713,0.1439839,-0.03353311,-0.07540209,-0.0050461143,0.0042976774,0.1645134,-0.04316558,-0.03654693,-0.023649946,0.07772733,0.13219912,0.13080853,0.094230525,0.15023406,-0.028745502,-0.1647175,0.07327522,0.153966,0.15436167,0.052177247,-0.11285575,-0.13414755,-0.07663013,-0.041525792,-0.16609292,-0.010658397,0.0913425,0.08740206,0.004486114,0.1506359,0.102415845,-0.10117881,-0.02489926,-0.042377993,0.14824548,0.011355419,0.061155673,-0.008355171,0.0129968375,-0.074767314,-0.07963478,-0.13477206,-0.10199575,0.11634209,-0.08593901,0.09818796,-0.012232408,-0.12981448,-0.06383653,-0.11864964,0.092555195,0.010516334,-0.07590377,0.14484987,0.111818284,-0.11949869,0.009506635,0.002681741,0.0324019,0.061576854,0.012493357,-0.15280814,0.0063841674,-0.11024039,-0.017733341,-0.0012409706,-0.08718732,0.055773076,0.06682898,0.042492237,0.13356751,-0.00682387,-0.13981657,0.1649724,0.13583858
-0.1551679,-0.16567998,0.018734345,0.17274839,0.14684749,0.16038334,0.024932325,0.12950683,0.026227493,0.00418982,-0.15986606,-0.15136038,-0.12551403,0.08094379,-0.014147956,0.14164652,0.1667022,0.06263095,0.12529679,-0.037377834,-0.03727807,0.02683413,0.13531244,-0.10866625,-0.029364306,-0.15429294,-0.1388913,-0.101415835,-0.1067257,-0.10505763,0.14571904,0.16491318,-0.04103874,-0.027035668,0.0503605,-0.16997251,0.09213036,0.07779915,-0.09457472,0.12053269,-0.150752,-0.16669971,0.000112920825,-0.016245157,-0.05735592,-0.018406972,0.03914556,0.039956708,0.088379756,0.1630506,-0.056799036,0.013283998,0.16293,0.027022738,-0.11084389,-0.017869303,-0.13107236,-0.08321752,0.021826945,0.005432397,0.048020605,-0.106652826,-0.15561369,-0.1221718,0.006348569,0.098477125,-0.054339502,-0.15398344,0.042255323,-0.065938056,0.079691075,0.174442,-0.12428098,-0.04175584,0.109151155,-0.13288921,-0.056309246,-0.038881227,0.09486836,0.06760644,0.13952614,-0.16729972,-0.058825087,-0.12842155,0.11969439,-0.16019541,-0.1004503,0.15153037,0.1580005,-0.073308155,0.16423823,-0.06231586,0.06683394,-0.11478329,0.09041926,-0.072596945,-0.08500956,-0.17126083,0.12314598,-0.07349553,0.1313762,-0.11107332,-0.1478546,0.1130577,-0.0542139,0.049558,0.06340851,-0.13374679,-0.16804174,0.070714235,0.16781132,0.06432001,0.01346999,-0.11333233,0.02330719,-0.018589443,0.06874527,-0.06611313,-0.024381086,0.15497488,0.15880415,0.084891595,0.08567945,-0.0007648766,0.07626961,-0.07514101,-0.16114312,-0.13350695,0.13158847,0.04025637,0.08004852,-0.04606037,0.14771321,0.013679965,-0.17067954,-0.10164523,0.1454857,-0.13760912,0.15652606,0.032345504,0.04895208,0.020377569,-0.06155891,-0.026037969,-0.020221325,0.043822795,0.024659002,0.05776436,-0.068494976,0.013793025,0.11263806,-0.011180252,0.0028418305,0.12817559,-0.008018202,0.10903873,0.0052955025,-0.090166114,-0.032415166,0.07969796
-0.028269138,0.0331775,-0.035984915,0.07177864,-0.09176131,-0.032854013,-0.10746084,0.02585535,-0.17364387,0.11533451,-0.05348398,-0.043623663,0.14991029,0.13896456,0.049575068,-0.14501469,-0.05422093,0.11594896,0.108142,0.11915013,0.14776063,-0.12299899,-0.13433103,0.019526988,0.06621233,-0.085399486,0.06643475,-0.057997752,0.04173706,0.11871165,0.049844492,-0.045215704,-0.13249134,0.08660683,-0.14549085,-0.12206241,0.13513589,0.003965498,0.14131832,0.09422725,0.14026427,0.13816284,-0.052209664,0.16635257,0.024739403,0.045588017,-0.10828452,-0.048834123,-0.15732469,-0.107254475,0.10996861,-0.15407015,-0.11379173,0.014020644,0.11240455,-0.019921714,-0.059289005,0.04757302,0.14673766,-0.0505379,-0.11607153,0.058177434,-0.06283344,0.120301485,0.05576404,0.1085282,-0.13201521,-0.14687094,0.028120037,-0.10671061,-0.12592101,0.17034863,-0.115630634,0.11445463,-0.16197032,0.053375512,-0.09707518,-0.07546123,-0.108185366,0.123226866,-0.1349956,0.046689894,0.1057557,-0.07545528,-0.1601553,-0.087205425,0.1669425,-0.056485616,-0.1624618,-0.05185136,-0.031417158,-0.1284017,-0.16961853,0.002902993,-0.09072745,0.091364436,0.014289081,0.094159044,0.10987178,-0.057097167,0.034335952,-0.13342118,0.11018736,-0.0698093,-0.11876437,0.09334722,0.114739075,0.09787885,-0.1550018,-0.12611778,0.012607269,-0.032660052,-0.10236666,0.009381101,-0.15147768,-0.12974772,-0.036649644,-0.03280285,-0.016606376,-0.069043346,0.109907925,-0.08380163,0.10608138,-0.08240186,0.118826695,-0.07777148,-0.031097353,-0.021622188,0.042571213,-0.14588076,0.114208624,0.13346574,-0.109915346,0.024713157,0.04147101,-0.04753064,-0.004648618,-0.16175218,-0.053296488,-0.11041911,0.13497253,0.08588541,0.13873446,0.13879207,0.14247566,0.0226029,-0.06840345,-0.006923598,0.061487675,-0.056619294,-0.1528059,-0.052934837,0.1441696,-0.12826198,0.006126191,0.14521605,0.14078803,-0.03407511,0.048712358,-0.07738288
0.12564683,0.1255107,0.1396702,0.0036732554,-0.049277194,0.110180914,-0.102713205,0.082454175,0.047322527,0.08669111,-0.1070203,0.118321955,0.03132774,-0.08174691,-0.07682278,0.15599382,-0.04983931,0.012719408,-0.07879174,0.07173152,-0.15949756,-0.118511096,0.035936788,-0.032867268,0.069202065,0.14538455,0.040749386,-0.15527093,0.076157674,-0.108578295,0.0039729774,0.15012082,-0.06496111,0.15127763,0.043094918,-0.06278155,0.012818843,0.0130443275,-0.1731492,-0.15926324,-0.13113219,0.039371356,-0.11616498,-0.10545455,0.116806805,-0.13961093,0.045581803,-0.16042727,0.029689506,0.030956209,-0.12657198,-0.06451463,0.061086908,0.09942418,-0.024888441,-0.002710089,-0.108493716,-0.07742577,-0.106187046,-0.09944315,-0.040170223,0.12110686,0.00147672,-0.04613392,0.11287844,-0.109810375,-0.061879613,-0.0765736,-0.15603565,0.10045442,-0.14355677,0.035273254,0.08854076,-0.08842738,-0.04705146,0.024142846,0.15996638,-0.09038279,-0.05309239,-0.06104008,0.10013208,0.09092718,0.023613527,0.050290704,-0.09423416,0.0025461465,0.07805434,-0.101049826,0.1404188,0.0054658055,-0.0103009045,0.12668785,0.091475785,-0.052572437,-0.16353376,-0.07647949,-0.17174678,0.1521604,0.083042026,-0.025739819,0.0068273544,-0.030801758,-0.14954497,0.10797799,0.022209898,0.036600605,-0.17141381,0.09993869,0.034423888,-0.13624445,-0.018000618,0.076308444,0.07555576,-0.012964666,-0.0020740181,0.04288076,0.1594435,-0.12327063,-0.052876905,0.0019410104,-0.07758422,-0.049799994,-0.046168774,0.078059375,0.06856418,-0.10587878,0.1323503,-0.16638842,-0.057824045,-0.10727546,0.07806584,-0.15815154,0.16270405,0.01569432,-0.020192787,0.11523035,-0.034555003,-0.11239353,0.0173475,0.16173333,0.0058470815,0.1221149,-0.051111244,0.15272245,0.15916592,-0.11651166,-0.07325672,-0.17099938,0.0995909,-0.17178746,-0.14092115,0.02804938,-0.049381383,0.1623224,0.16276169,0.17116442,-0.08810206,-0.15599778,-0.08349581,-0.10967501
-0.023653546,-0.07437528,-0.07362262,0.03137262,-0.03407468,-0.16637926,-0.09746502,0.108829856,0.10720791,0.018320356,-0.04925725,0.059256993,0.040405277,0.14246252,-0.042748924,0.16694854,-0.15735477,-0.06558756,0.16201895,-0.04913444,-0.0933605,-0.016111318,-0.09225207,0.14921981,-0.1628433,-0.12113801,0.15137966,0.15461369,-0.16830876,-0.15469177,0.007006371,-0.14913307,0.0778433,0.08387342,-0.1638015,0.106558666,-0.0860721,-0.15172881,0.11983767,0.087616526,0.039136037,0.015832735,0.16591012,0.02595757,0.15041819,0.11612475,0.026082247,0.08775365,-0.07734855,0.059930373,0.16394004,0.119945854,0.16117278,-0.019844132,-0.0005255541,-0.025857512,0.058041144,-0.110203326,-0.019747047,-0.0042620003,0.09024053,0.08337847,0.10561324,-0.115520895,-0.029900543,-0.050195068,0.1613994,0.0273915,-0.14208171,0.015136474,0.09131022,-0.13898271,-0.042438466,-0.013301134,-0.15392274,0.05313695,-0.04291468,0.068766266,0.07365097,-0.075715214,0.14579047,-0.11767456,-0.15346049,-0.014416088,0.07480021,-0.09282215,0.16863117,0.11821303,0.08421327,-0.14782533,0.03615955,0.013311371,-0.06545525,-0.14430374,0.07120864,0.10798189,0.15409286,-0.046195712,-0.1588202,-0.120039225,-0.0363671,-0.024658993,0.041682888,-0.14021958,-0.0119899735,0.11867595,-0.08361458,0.076765686,0.065869555,-0.14140247,-0.1357335,0.016099876,0.11596288,0.089974046,0.012492776,0.097539,-0.15635733,0.1284306,-0.06506943,0.1496751,-0.05974703,-0.02078706,-0.0733985,0.031980157,0.0036307496,0.11019149,0.08874333,0.15135919,0.088713184,-0.16638301,0.0016840696,0.14318934,-0.15917,-0.16710104,0.057974286,-0.024160244,0.14065649,0.16531798,-0.13350847,-0.015190154,-0.124528386,0.011900583,-0.16440539,-0.13179386,-0.13893312,-0.09877293,-0.08492361,-0.16463117,-0.06300252,-0.112116896,-0.014840576,0.15443636,0.040007982,-0.15722936,0.109970056,-0.000873942,-0.04574652,-0.04614194,-0.04604216,-0.1386935
0.0632569,0.090105325,-0.008685104,-0.00783731,-0.11872443,0.1228998,0.15827385,-0.01530965,-0.12919094,0.052363276,-0.09956153,-0.08124055,-0.006081496,-0.056632925,0.03022906,-0.13470799,0.028714793,0.095266685,-0.17328408,-0.04455793,-0.062995546,-0.023844019,0.11602868,-0.14813119,0.087074675,0.16258094,0.07154928,-0.13712867,0.011650469,0.11342162,-0.0030050038,0.15948157,0.03943161,0.104210705,-0.041655965,-0.09749757,-0.01745148,-0.09222717,0.12750426,-0.12049356,-0.1167369,-0.14126849,0.08619586,-0.14009434,0.06912569,0.116553895,0.09334457,-0.12732592,0.16237609,-0.14543378,0.07533331,-0.07950086,0.08117992,0.044229347,0.054534473,-0.15532975,0.074861936,-0.124438085,0.029437767,0.1421212,-0.062145513,0.014262473,0.07130843,0.03289704,-0.09485011,0.0279423,0.15431179,-0.007567858,0.07982606,0.1542773,-0.09282736,0.12288592,-0.08750243,-0.11568897,-0.10261876,-0.107982405,-0.11826604,-0.11588165,-0.100885965,-0.05734221,0.004552874,0.0326304,-0.084311254,-0.1409374,0.0081863655,-0.121728204,0.090854704,0.088388234,-0.066292785,0.072853714,0.12697266,0.113686115,-0.11324726,-0.006932664,-0.14973909,-0.050745796,-0.13769484,-0.031678163,-0.0228525,0.05506514,0.16584942,0.13394897,0.16658694,-0.09007358,0.08541508,0.11937329,0.09625665,0.05971332,0.07142234,0.12369391,-0.022989795,-0.018974863,-0.0099652,-0.027741447,0.034150437,0.119124964,0.091714814,-0.011338741,0.16064903,-0.12318279,-0.13665982,-0.10821629,-0.14917833,-0.16939208,0.027985293,-0.09494194,0.12962672,0.090774804,-0.051485978,-0.16220112,-0.13240911,-0.13800631,0.017125785,-0.1238367,0.027643824,0.16136304,-0.15749788,-0.0828938,0.15135188,-0.0052185357,0.14927563,-0.06344497,-0.016425142,0.04092863,-0.07813077,0.050674006,0.086834714,0.039078478,-0.050632387,-0.024102436,-0.071257666,0.13047864,-0.15997034,-0.13357104,0.03331259,-0.09110594,-0.0562077,0.005281672,-0.10954435,-0.087215155
0.11268568,0.077141255,-0.08929321,-0.087916516,-0.10054886,-0.01821669,-0.07452048,-0.11277819,-0.1100381,-0.040408306,-0.117779195,0.15394786,0.04111805,-0.108807676,-0.059982773,0.0018008016,0.16096808,-0.14063941,-0.0044294735,0.16169223,0.05637647,0.12373245,0.010887446,-0.15558127,0.0862126,0.10916075,-0.16215393,0.0865862,0.17163947,0.016547346,-0.045658503,0.13511968,-0.122908674,-0.00022183359,0.14863096,-0.049610414,0.07251625,-0.07144666,0.078469664,-0.16285528,0.0840564,-0.050681364,0.16252689,-0.098994724,0.13732138,-0.06845649,-0.16635753,0.17266035,0.06604734,0.16134605,-0.026373511,0.028972834,-0.14339556,0.09762929,0.15174398,-0.021335442,0.13997205,0.12350328,0.16505402,0.13354984,-0.08238235,0.05376393,0.13051748,0.048777148,-0.096550055,0.06564592,0.14164348,-0.06364977,-0.045612603,0.10933418,-0.15057005,0.121328235,-0.07379543,0.11525914,-0.005269617,0.107747525,-0.07764992,0.08398762,-0.10297522,0.13405487,-0.08052282,-0.101189524,-0.115313336,0.042729847,-0.05007421,-0.02143308,-0.053629972,-0.013887335,-0.1620494,0.10785413,0.1270942,-0.1475718,-0.16000095,-0.16505316,-0.020485964,-0.101075925,-0.0059453663,-0.027657965,0.09995985,-0.051938556,-0.09487489,-0.026191529,-0.040310398,-0.039349347,-0.11049104,-0.03624022,-0.15884784,0.08341261,-0.1391411,-0.051084675,-0.043696832,0.15472537,-0.15830596,-0.15880013,-0.14098743,0.16838354,0.070052944,0.16083974,0.06819251,-0.089743435,0.1522282,-0.107639335,0.058486503,-0.068806864,-0.14115189,0.014742073,-0.058031805,0.041718382,0.09642731,-0.050973095,-0.15802963,0.14946643,0.12759466,-0.0077546677,-0.0027983165,0.09091009,-0.037940465,-0.14798309,0.068193875,0.038710266,0.15868591,0.07560994,0.06782998,0.0023681489,0.11580034,-0.17263867,0.04364577,-0.07984167,-0.1570976,-0.09968734,0.08176161,-0.15784024,0.11883186,0.16591984,-0.123095155,-0.09720368,-0.15787861,0.05716732,0.048251748,0.1185346
0.14031339,0.09163109,-0.16341352,-0.1649878,-0.06230628,0.08291531,-0.13515615,0.120391965,0.11498452,-0.10462805,-0.12827551,0.095048785,-0.0019878773,0.13426475,-0.017396888,-0.11248907,-0.15185322,-0.11525752,0.07493009,-0.057518996,-0.08871959,-0.025567807,-0.106634185,-0.015073657,-0.08364057,-0.12341619,0.09053,0.014577475,0.12624331,0.0043099984,0.035004295,0.07535775,0.07754144,-0.04268956,0.090449505,0.011696951,-0.099368565,-0.09906145,-0.058388017,-0.088185824,0.0031284874,0.03514334,0.10641671,0.14978999,0.11319977,-0.1029991,-0.12520039,-0.1499738,0.15453362,0.1697507,0.07315397,0.034914806,0.16384529,0.10249626,0.12819561,-0.08179881,0.028338866,-0.08385353,0.04423965,-0.1386993,-0.019894147,0.15369363,-0.023656607,-0.07765765,0.12286968,-0.041914403,0.08232942,0.010055536,-0.14736368,0.077884175,0.13562617,0.062451687,0.14760078,0.13718596,0.10040906,-0.12154616,-0.16186956,0.013622254,-0.16513874,-0.016540183,-0.06388679,-0.15019147,-0.15913875,0.0961265,-0.1476813,0.047647394,0.11989242,0.070066966,-0.11459112,-0.14210531,0.008653764,-0.14711826,-0.15185408,0.005107852,-0.006558238,-0.063824,-0.08048853,0.097139314,0.14366703,0.051111907,0.097540684,-0.10488081,-0.15104662,-0.067309946,-0.0006455653,0.15981746,-0.13538566,-0.16600952,0.048764054,-0.039663788,0.13797078,0.06191863,-0.13782023,-0.010809213,0.052876204,-0.0631579,-0.103687726,-0.07683083,0.04077494,0.105980106,-0.09316575,-0.007819077,-0.14167999,0.048387617,0.09510416,0.00053789996,0.0060053766,0.060111657,-0.005498282,-0.14769953,0.15377864,0.16897899,0.0008019453,0.121945255,-0.10471373,0.11129529,-0.062475212,-0.098055534,0.1545981,0.16612041,-0.033064764,0.0549969,0.010040823,-0.10877551,-0.112649366,0.09416038,-0.0031828291,-0.051831916,0.1683082,0.054303847,-0.16654989,0.04865677,0.11234754,-0.129627,-0.031257614,-0.006638294,-0.10915975,-0.06854313,-0.06897625,-0.024256032
0.15978853,-0.058856793,0.026607726,-0.1094476,-0.13014309,-0.063928775,-0.008375511,-0.14325131,0.15668449,-0.091507375,-0.0057608574,-0.025189044,0.11685296,-0.13655011,0.16084188,-0.07137634,-0.00772317,0.06337373,0.11055826,0.05233954,0.1503596,-0.13775522,0.022586195,0.10268119,-0.13100602,-0.11830871,-0.05252335,-0.14893273,-0.11094432,0.15924302,-0.14306323,0.06624421,0.03609312,-0.15589178,0.11439495,0.16127464,0.15333107,-0.13132992,-0.02792278,0.1237565,-0.073453896,0.08828249,0.03767367,0.07055609,-0.020212768,-0.041105114,-0.045637056,0.168799,-0.028348655,0.14566888,-0.11189965,-0.14339899,0.050602734,-0.012658591,0.14089423,-0.019485557,0.1554653,-0.11805741,-0.047347747,0.09266466,0.113375165,0.12620707,-0.1591319,-0.09265676,-0.059236746,0.0029864758,0.15863158,-0.06953891,0.11788794,0.12038414,0.020506429,0.021019686,-0.10613623,-0.066247955,0.16212955,0.15647635,0.013729469,-0.025303781,-0.13894716,0.045091614,-0.013037859,0.039834138,-0.11150578,-0.114769146,-0.054366797,0.12661698,0.0075312257,0.08205137,0.014640804,0.036887966,-0.14262018,0.11114964,-0.1422457,-0.13867909,0.046663597,0.084132366,0.061221607,-0.15431894,0.1460265,-0.14731862,-0.0008710953,-0.07205655,0.097939506,-0.14926396,-0.15058757,0.097095996,0.029126847,0.037511017,0.08777859,-0.07534509,0.14451219,0.040261462,0.1497052,-0.13789254,-0.17114411,0.17095946,0.037197065,0.06548338,-0.16573972,-0.010816276,0.11441608,0.15717155,-0.04837675,-0.07728401,-0.053534064,-0.1209988,-0.14199057,-0.0015356534,0.102823496,-0.14730564,0.095260516,0.12767515,-0.16999608,0.16754489,-0.029657481,0.15762813,0.16863209,-0.04280135,-0.12889755,-0.1497011,-0.13143729,-0.11828913,-0.11392605,0.15956716,-0.01583158,0.15394804,0.09737279,-0.10868302,-0.084335245,0.08070994,0.11835327,-0.01846512,-0.07989962,-0.016776055,0.12045124,-0.1210807,-0.12239211,-0.0937133,-0.13171881,-0.117318645
0.01466746,-0.012996295,0.025514191,0.05949168,0.038776066,0.16389732,0.13235927,-0.040977437,-0.12188769,0.08334737,-0.0229169,0.09160074,-0.1321033,-0.09250256,0.07873711,-0.12609206,-0.0018966256,-0.09826106,-0.14340514,0.06696518,-0.13222468,-0.1369435,0.087000564,-0.07254091,-0.073205955,-0.16885132,0.13596955,0.057690665,0.15449272,-0.09671118,0.039770916,0.13564537,-0.08993693,-0.16153428,-0.0677541,0.04063778,-0.14862902,0.1465598,-0.014782444,-0.081289805,-0.059610557,0.010774992,-0.1402782,-0.099466935,-0.13151038,-0.08559319,0.13056791,-0.16882427,-0.066660225,-0.02173419,0.1653273,-0.12500936,-0.12308306,0.14054896,-0.091062844,0.14011635,-0.008155854,-0.13361792,0.017525688,-0.12538329,0.12010603,0.15969324,-0.15274276,0.053458884,-0.09054319,0.013988122,0.0490933,-0.018971618,-0.074189864,0.06343761,-0.106486455,-0.037652243,0.088065945,0.12726682,0.056231037,0.13419701,-0.09107074,-0.16026466,0.15400285,0.014192267,0.09453741,0.024013748,0.12055154,0.0063652876,-0.036114182,-0.14468428,-0.027883425,-0.09997901,-0.054163836,0.15811251,0.0089921225,0.054874405,-0.16434579,-0.123694144,0.15581547,0.022915099,0.084065795,0.15094014,0.10271694,-0.091132015,-0.1715582,0.054225925,0.0113861775,0.03929785,0.09737098,-0.029831529,0.04229944,0.16368645,-0.118394315,0.11871971,0.1344786,0.09246097,0.008980269,0.11684981,-0.1384818,-0.04603558,0.005272689,-0.04712856,0.10249612,-0.09271782,0.035375826,0.07975395,0.06371366,0.073964685,0.062833905,-0.15023376,0.13599709,0.14803626,0.006911821,-0.06529245,0.12323495,0.059039325,0.1640991,0.13652611,-0.057318434,-0.1648373,0.0067793964,-0.09561659,0.11204704,0.15743911,0.071730725,-0.011227583,0.050373934,0.15201123,-0.059434906,0.03212911,0.12932254,0.10637767,0.0046986747,-0.08665207,-0.09679236,-0.122802295,-0.082713656,-0.113630235,0.13145834,-0.14158197,0.04952757,0.1357189,0.108240694,0.12168136
-0.1536591,-0.050272085,0.08932382,-0.0857054,-0.044784397,-0.04173717,-0.092777014,0.150909,0.13871554,-0.011588082,-0.033394367,-0.034365788,-0.124243625,0.12789962,0.094774336,0.019378766,-0.08338093,-0.15075806,-0.13939533,0.102731615,0.15001148,0.1534287,0.07283203,-0.06460932,-0.031592518,-0.0819953,0.08671099,-0.16733854,-0.08951084,-0.16751008,0.00911437,0.0026927888,-0.049400046,0.15887627,-0.16373552,-0.10374918,0.16715693,-0.055091284,-0.057092004,0.038211703,0.04161799,0.10310042,0.07116325,0.09728825,-0.019414827,-0.06531411,0.14140743,0.11350742,-0.035694227,0.1322484,0.1466156,0.1390565,-0.035501286,0.031543627,0.1512273,0.17134771,0.106714964,-0.13339987,-0.17271444,0.1199224,-0.14894044,0.07580902,0.053734988,-0.055011176,-0.07655291,0.10898298,0.038710266,0.07898295,0.10295251,0.013772771,0.031199425,0.12323511,-0.09582019,-0.047187075,-0.05496794,-0.09772518,0.054480568,0.05319418,0.11192691,0.10451484,0.086316735,-0.107871026,0.06731437,-0.00027738512,0.012613863,0.018505827,0.057308644,0.078163266,0.049131423,-0.1569119,-0.08912415,-0.15203635,0.02275157,-0.055123165,-0.16655447,0.07206543,0.048259467,-0.057936534,-0.1483894,0.12354702,-0.16738892,-0.13415937,0.13995668,-0.06667396,-0.031041145,-0.07846336,0.087234885,-0.025625274,-0.14386006,-0.05513733,0.050427556,0.029162005,-0.008060679,-0.060749277,-0.14517123,0.08404723,-0.12686513,-0.030522972,0.096480995,0.039247468,-0.069571696,0.103164405,-0.0062002838,0.1485525,-0.0419735,0.1374245,-0.14416878,0.050964773,0.018313393,-0.0642553,0.038456634,-0.09884573,0.08822805,0.0020430386,0.055551276,0.13681132,-0.13825563,-0.078759566,-0.14256594,-0.036408752,-0.1697402,-0.08636918,-0.113324985,-0.026485905,0.05751355,-0.15306465,0.09278074,-0.078115195,0.024592966,-0.15351601,0.15580952,0.007829472,0.07341319,-0.12870485,-0.04537426,-0.07789241,0.16926166,0.102065355,0.034541383,-0.08761584
-0.008406818,-0.030301139,0.08465931,0.14498013,0.053467512,0.12233338,-0.13949457,-0.04632178,0.15078932,-0.1522057,0.11234921,-0.07965931,-0.013963342,0.10754979,0.048618987,0.006181374,-0.049571097,-0.032843187,0.13246068,-0.0035018474,0.058046415,-0.058335736,0.06106098,0.17092228,-0.05435627,0.00038446486,0.1483967,-0.046295017,0.06708366,-0.032686844,0.007950053,-0.08557928,0.042643562,-0.018027961,-0.10748628,0.040478364,0.07864633,0.15745786,0.17272714,-0.14851762,-0.06058179,-0.10216273,0.12239939,-0.022783324,0.054469705,-0.073345505,0.117200345,-0.11879554,-0.09657143,0.13853264,-0.158401,0.055372596,0.0031223,-0.012585908,-0.16240734,-0.11134619,0.09063944,0.11977053,-0.09583303,-0.032992437,-0.0065771043,-0.060734123,0.10535705,0.03242661,0.15718809,-0.124517165,0.0662418,0.027077422,-0.003374979,-0.13701293,0.16696638,0.13357979,-0.025830746,-0.09684481,-0.12008263,-0.06299005,-0.11459997,0.05672981,-0.05585368,-0.027711049,-0.08488073,0.009108171,-0.15461768,-0.09324365,-0.008747622,-0.14597602,0.0384112,-0.10444261,-0.12474664,-0.016916454,-0.16399482,-0.11271435,-0.102327794,-0.15398665,0.070994765,0.08332205,0.16024178,-0.10741608,-0.10559863,0.104955375,-0.03764452,0.09588143,0.030845657,0.033833653,0.053471476,0.012365341,-0.15668477,-0.046853036,0.11044788,-0.0674136,0.11325306,0.008904636,-0.07395193,0.0022578686,0.11275002,-0.042153344,-0.08245385,0.021295741,-0.04978752,-0.15885319,0.09305,-0.017502844,0.15475208,-0.12775595,-0.11706514,0.051021144,-0.08248758,-0.04960975,0.052911475,0.01679489,-0.08620202,-0.05322709,0.121519,-0.113008864,-0.09551923,-0.027738556,0.045081183,-0.040596634,-0.0530546,0.12496951,0.08268368,-0.073812805,0.021202132,0.07120237,0.016906545,-0.13180868,-0.15110776,-0.08512949,0.019565463,0.0809544,-0.112219915,-0.083467565,-0.10715856,-0.06653611,0.07341014,-0.15348566,0.048394874,-0.077989615,-0.081201896,-0.02876024
0.13093619,0.09914042,-0.048995484,0.06350678,0.17393726,0.0929845,0.03347774,0.0460139,0.16517363,0.04077359,0.14063132,-0.16573189,0.106490485,0.03816524,0.030796807,0.1410322,0.16930354,0.16246757,0.17024136,-0.11881271,0.08969445,0.11283191,0.022064853,0.04803607,-0.021050444,-0.022338897,-0.10174859,-0.121498756,-0.06414056,0.053187963,0.025762884,0.04312091,0.068180084,0.0010107011,0.10803985,0.17441444,0.09014095,-0.011839989,-0.037677094,0.06620897,-0.15940456,-0.06958696,0.027434643,-0.13799323,-0.11090208,0.06521339,0.004512593,0.03429295,0.097671725,-0.10178226,-0.09517427,0.010613963,-0.15327443,0.023931703,-0.117431305,-0.044515677,0.057230186,0.04289902,-0.07427603,-0.03219539,-0.12705271,0.118177444,0.023153981,-0.05089011,0.10392366,-0.115401804,-0.10122042,0.023826053,-0.010518342,0.09339876,-0.113319024,0.072156295,-0.07938137,-0.0068051815,0.15366268,0.013930741,-0.15933062,0.034085855,0.15652835,-0.14702563,0.051143564,0.008882629,-0.12981527,0.058306705,0.118790016,0.13805676,-0.13430208,-0.14039908,0.061513104,-0.009156841,-0.07658707,0.13788494,-0.03576058,-0.046304543,-0.02059716,-0.071331866,0.081202425,-0.1584224,0.10589017,-0.026353762,0.111791916,-0.16303742,0.009190543,-0.11520916,-0.12379409,-0.09142711,-0.108267896,-0.1669449,0.08090561,0.1525542,-0.018968655,-0.11259126,0.12131055,0.10748401,-0.13934168,0.065233484,0.12636748,0.13168517,0.012306213,0.05975977,0.03795177,0.046961993,0.005576891,-0.14595737,-0.11434207,0.11761979,-0.123884484,-0.11254876,-0.047125522,0.05762857,-0.09306612,-0.057296082,0.06079547,-0.09203439,-0.13757516,-0.05585486,-0.0009086642,0.109119184,-0.019463863,-0.034037694,0.07769628,0.16650052,0.059288904,-0.072027236,0.14462237,-0.09559839,0.05794199,-0.12666032,-0.079670765,-0.07806545,-0.048154503,0.07373763,-0.13467965,0.1552611,-0.1675887,0.010628115,-0.030454727,0.051108133,0.10363218,-0.10554239
0.000451123,-0.01328146,0.04631382,0.1306499,-0.13632861,0.0911254,0.07665999,-0.081127524,0.09515773,-0.04168175,-0.116764456,-0.073082194,0.13207734,-0.04178184,0.13989663,0.09981033,-0.14564262,-0.03539203,0.04248857,-0.1601458,-0.114241175,-0.14646536,-0.13113792,0.035427287,-0.109247565,-0.06293546,-0.06816795,-0.003540686,0.12100145,-0.0436852,-0.17102264,-0.0985519,0.018554661,-0.0011448711,0.09183146,0.06254997,-0.15327856,-0.07559392,0.12468672,0.13043614,0.15568556,-0.06893908,-0.04268653,-0.11960629,0.10502436,0.056830827,0.059373364,-0.052190572,0.074904315,0.11901373,0.07701243,-0.15775006,-0.029594287,0.055636853,-0.1087427,-0.14787391,-0.011089595,-0.08490291,-0.14677888,-0.081253186,-0.03951671,0.14457253,-0.13640085,0.15307403,-0.004983874,-0.06464562,-0.06580963,0.0650145,-0.08711803,0.1685454,-0.07366254,-0.13127567,-0.0969197,0.16102412,0.040134206,0.03539105,0.16103889,-0.102719024,-0.04427488,-0.1211167,-0.10638483,0.12083568,-0.1505394,-0.14605361,0.09303759,0.025740806,-0.021248415,0.14509985,0.12532791,0.1274989,-0.08660142,0.11620548,0.047127903,0.08408652,0.15305628,0.14113317,0.08328984,0.17265797,-0.15957205,-0.16481474,0.10148216,0.05485179,-0.05627493,-0.06632712,-0.10445642,-0.019603044,0.10071443,-0.03688308,0.07419701,-0.0893331,-0.11219526,-0.049715675,-0.121315025,-0.1717032,0.011525065,0.16355921,0.10920722,-0.005467251,-0.007364318,0.10107081,0.048117537,-0.059213884,0.06902463,0.0060667396,0.068176605,-0.15949392,-0.14348996,-0.070825055,0.15230443,-0.11977621,-0.13089116,0.12999153,0.08517298,0.14837824,-0.05497051,0.050202742,0.023190178,0.16298085,-0.009762861,0.12032631,0.09675016,0.0034586655,0.09376115,-0.16833295,-0.15665317,-0.042067736,-0.035919033,0.028064009,-0.058542132,0.09221216,0.13901083,-0.03378816,0.041906763,0.12991557,-0.1553433,0.026182355,-0.12008604,0.116386764,0.1650123,-0.14470647
-0.15485646,-0.14886749,0.040843654,0.02363269,0.036957465,0.12459852,-0.14191699,-0.13515054,-0.011282362,0.07429497,-0.05801918,-0.051802672,0.0714207,-0.16326238,0.11635199,-0.11028637,-0.09403361,-0.036071364,-0.15177555,0.07731336,-0.08233892,-0.046936024,0.052121032,-0.040760368,-0.013217578,-0.06399699,-0.0018142771,0.07534936,-0.10051133,0.10704924,0.09839314,0.0050369194,0.1543695,-0.06977639,0.15741625,-0.049002804,0.07220864,0.10169946,-0.111325584,0.023137301,-0.0009212973,0.16579975,0.029134696,-0.012484267,0.122474335,-0.07823131,0.11276761,0.023772346,-0.03145642,0.10789753,0.11489993,0.06907995,0.10317672,0.058695424,-0.020971436,0.09116173,0.012787918,0.05478688,0.11758908,0.04765536,-0.116727106,0.09688213,0.094363086,0.002962768,0.033656437,0.16675714,-0.15294494,0.10348503,0.15330543,0.16040508,-0.074351,0.03690094,-0.03753512,-0.04894989,-0.007571161,-0.042919595,0.08149225,-0.15646718,0.14966068,0.04901917,0.096588604,-0.016559675,-0.1248552,-0.06509604,-0.05235225,0.08979454,0.17244011,0.15216261,-0.020388963,0.09945915,-0.12470418,-0.13026792,-0.06928011,-0.16063246,-0.12644589,0.010503814,-0.07569157,0.044123165,0.10716114,0.06901248,0.16386528,0.11399357,-0.068219624,0.08867675,0.11440165,0.104845315,-0.12091264,-0.10428243,0.114022255,0.1449446,0.07412082,0.15931693,0.15873829,0.1475594,0.026052922,0.056397844,-0.12206515,-0.032062918,0.03781064,-0.011633353,-0.057248045,-0.04684123,-0.09118895,0.08735597,-0.050821688,0.079105586,-0.06860422,0.04927881,-0.14996913,-0.11571687,0.035341162,-0.15455921,-0.095053144,-0.0036369804,0.09801211,-0.13912328,-0.06221332,-0.16617575,0.12753367,0.16685906,0.1453909,0.06969592,-0.12761521,0.032603662,-0.14312609,-0.08329144,-0.114238665,0.118344165,-0.15165101,0.099588744,-0.058013882,0.14042866,0.16787575,-0.007947072,0.12454189,-0.10326399,0.091883816,-0.00095768046,-0.026246265,0.0069466867
0.10713747,0.013000389,0.030928113,-0.09022307,0.1407154,-0.028576508,-0.021281287,-0.0157806,0.08100308,0.15824445,0.099913225,0.122714244,-0.06684829,-0.14488304,0.008529309,0.09092819,0.03989529,0.13113938,0.16056913,-0.15992868,-0.014197164,-0.033086512,0.035472464,0.13898641,0.04793323,-0.15360628,-0.028428769,0.099329464,-0.12672992,0.03796812,-0.10501681,-0.028080177,-0.012451359,-0.13735807,0.14925162,0.008137251,0.024483515,0.013922843,-0.10629912,0.03194721,-0.011004478,-0.029336171,0.17314856,0.048586577,0.17057429,-0.008930046,-0.0421571,0.1085046,0.1313713,0.109888904,-0.05646714,-0.12249609,-0.08576571,-0.028416162,0.1502096,-0.015603346,0.071525276,0.17089908,0.05553285,-0.1055148,-0.11671541,0.15133095,-0.012289621,-0.07435489,0.050042048,0.15978873,-0.123038724,0.16575576,0.14225227,0.16803339,0.015461948,-0.096233845,-0.16463688,0.07076843,0.054581493,0.0495067,0.13219151,0.14041385,0.0819405,-0.07135002,0.1289759,0.07891495,-0.04490394,0.12694943,-0.09345269,-0.052391645,0.05514732,0.15661453,0.16663402,0.013563318,-0.096672095,-0.17081912,-0.112045154,-0.09732587,0.043785065,0.0020490026,0.009221593,0.109958485,0.003666151,-0.044622928,-0.13531032,0.09517321,0.08992741,-0.15101488,-0.13394032,0.07732761,0.004117003,-0.03301381,-0.095378436,-0.13858882,-0.050214864,0.018080879,0.10714942,0.05363129,0.10309249,-0.105975434,0.15008804,0.10269463,0.07035734,0.16637088,-0.172458,-0.110913344,0.051159184,0.06753485,0.017463412,-0.12893769,-0.14991209,-0.033792935,-0.08119545,0.050233196,0.12638132,-0.1448847,-0.092754744,-0.09911724,0.020103391,-0.09789526,0.16444045,-0.14671157,-0.14564334,0.0056649297,-0.049247816,-0.12927285,0.02016537,0.16114415,-0.07130982,0.10062796,-0.02066671,0.1552372,-0.044365697,-0.04995951,-0.1580639,0.16269816,-0.05860052,-0.11436917,0.0041524284,-0.04345446,0.087484665,0.08002669,-0.14150506,0.08036579
-0.100945,-0.012708564,0.0701556,-0.14378452,-0.11473547,0.15687351,0.15325406,-0.102677785,-0.02730111,-0.13576576,-0.14480571,0.16193399,-0.027243994,-0.17075743,0.039350193,0.0077476553,0.0755449,0.116305694,0.004858897,-0.16506198,0.14695472,0.102252655,0.1461906,0.037871808,-0.1494848,-0.14852047,0.105120584,0.15635906,0.09212537,-0.117837675,0.08940154,0.08592379,-0.16846547,0.015310243,-0.0095186075,0.017048236,-0.020279512,0.07762056,-0.0075546503,0.05457016,0.02068745,0.01602541,0.044634648,0.05178775,0.08717181,-0.045624644,0.017007932,-0.06379239,-0.022192247,0.12738071,-0.16740686,0.12740603,0.043093175,-0.07418526,-0.033625755,-0.09477647,0.058891054,-0.09106079,0.08879533,0.12343544,0.15279147,-0.0969117,0.1737161,-0.08754886,-0.15405476,-0.031355277,-0.115328215,0.06651316,0.12600538,0.041199315,-0.012100928,0.0476987,-0.16317937,-0.12049182,0.095506966,-0.11023995,-0.100308135,-0.15536381,0.15494424,-0.11655652,0.16043866,0.054864656,0.06939113,0.117163874,-0.0630692,0.13620791,-0.03331639,0.13308713,-0.1297478,-0.01140628,0.16419688,-0.054650664,-0.094954476,0.13761541,-0.06569199,-0.16884482,0.045229536,-0.09592621,-0.039643224,0.04069619,0.071184404,-0.13371423,-0.07568371,-0.017121658,0.15895598,-0.11548675,0.057914305,-0.13514301,-0.113270044,-0.03209742,0.029638736,-0.0074897823,0.15571567,0.010119081,0.12181023,0.063696295,0.10149713,0.024855271,0.15891054,-0.026689693,0.0535797,-0.14709936,0.12182757,0.15647176,0.13481297,0.052020315,-0.0008543581,-0.121620476,0.071215264,0.093501,-0.0007103196,0.040108815,0.16504681,0.12655401,0.108170085,0.11381444,0.1677905,-0.038525406,0.016262762,0.05735129,-0.12703966,0.037140965,0.020242987,-0.034853894,0.13030168,-0.010986075,-0.15128623,0.15332006,-0.04486761,-0.13198754,0.16906865,-0.019766552,0.13623178,-0.037096813,0.043146856,0.042562734,0.14338467,0.008526691,-0.067867935,-0.13557898
0.014593929,-0.07940671,-0.17235786,-0.17316581,-0.106131464,-0.024865597,-0.04117477,0.12247291,-0.08609799,0.14779711,-0.01568003,0.0809477,0.114249825,0.11848271,0.16256076,-0.1581491,-0.12652284,0.09535062,-0.086348034,0.10712671,-0.15974364,-0.028008744,0.03805016,-0.074139655,0.07599266,0.15157327,-0.15778553,0.15344813,0.14874813,-0.02566652,-0.011215523,-0.10866683,0.091846704,-0.023464113,0.060422227,-0.12375543,-0.14967191,-0.12699294,0.052115098,-0.16718121,0.06473985,-0.0051159114,-0.045258537,-0.029021606,0.14816332,-0.023915842,-0.101933956,-0.08759771,-0.07374661,-0.17182094,0.09501299,-0.14273088,0.045837507,0.0089420825,-0.11500925,0.04722713,-0.0011067986,-0.07980215,-0.058133014,-0.066164374,0.025722966,-0.15832105,0.004169211,-0.08841606,-0.15023547,-0.1653054,0.16382024,0.12529728,0.090817004,-0.036795035,-0.04806754,-0.14590438,0.15391514,-0.09334924,-0.025889307,-0.11297418,0.043683916,0.026755437,0.061455056,-0.011589646,0.023330405,-0.0409123,-0.058894955,0.008318812,0.1061182,0.046321273,0.11504918,-0.024236307,0.027831927,0.06497313,0.040257275,-0.079139695,-0.15180907,-0.0099057555,-0.112407275,0.1722863,0.062247843,-0.1045584,0.09268388,-0.08749026,0.09284976,0.14844835,0.047921717,-0.03216599,0.106864035,0.06005998,-0.103338495,0.10641587,0.008382291,-0.049548216,0.083051175,-0.07400792,-0.1267526,-0.08246244,0.14949268,-0.116811916,0.042264298,-0.024426997,-0.109399736,0.07742301,-0.036840737,0.16566238,-0.11137824,0.09260109,0.025802627,-0.06788986,0.12470737,-0.08040672,-0.025282681,0.15149426,-0.10025642,-0.0303981,-0.10109434,-0.11240244,-0.075376324,0.01734902,0.17004657,-0.12715742,-0.15400362,-0.059091642,0.15057182,0.010684416,-0.007420391,-0.023368359,-0.045569584,0.035320163,-0.021812052,-0.035188556,0.05349423,-0.09136,-0.02124478,-0.08991037,0.026989624,-0.020019382,-0.03877382,-0.04122755,0.004124284,0.059351057,-0.15566312,-0.1304307
-0.022466617,-0.13220334,-0.0734055,0.10680413,-0.09923738,0.113648795,-0.004096374,-0.08198923,-0.04338303,-0.11298271,-0.0986323,0.16409382,0.012069538,0.022295455,-0.1024374,0.022042254,0.14676085,0.11839127,0.0031963114,-0.06231173,-0.16701384,0.07257243,0.16019501,0.026462123,-0.15397783,0.17074296,-0.07479267,-0.10443666,0.018101431,-0.0069789286,0.03624005,-0.052681457,0.09922809,0.11600405,0.17498733,0.041816358,-0.11441493,0.16640772,0.13280377,0.08976003,-0.03977479,0.14653039,0.011443783,0.1362504,0.07804514,0.061266694,0.044561237,0.171099,0.10269909,-0.071196616,0.13622327,0.13602456,-0.14924595,0.12302014,-0.07592293,0.055899736,0.005137174,0.12565435,-0.16809395,0.08119756,-0.1160422,0.0652578,0.1118524,-0.034911215,-0.073519416,0.06615566,-0.051661454,0.06518934,-0.10877494,-0.08381966,0.00866532,-0.061779246,0.011040355,0.07678962,-0.008477837,-0.019597612,0.076565504,0.07104057,-0.12991227,0.12426423,0.025136614,-0.056941267,-0.0978517,-0.024549171,-0.018762091,0.15695319,0.01883334,0.10363105,0.11104437,-0.035464093,0.07069532,-0.104282714,0.1255697,-0.05663133,0.022609103,-0.13932276,0.0012441238,-0.1617798,-0.03360764,0.036409006,-0.11143681,-0.16086781,-0.04333375,0.06931628,-0.13191763,0.023644954,0.013032333,-0.15224192,0.04558353,0.16702531,0.08251525,0.028035067,0.069385946,0.1398685,0.10662863,0.16558327,-0.14418048,-0.12102437,0.08636579,0.14498124,-0.07188453,0.16738158,0.17046319,-0.14843012,-0.04006905,-0.16038005,-0.14095101,0.078397706,0.14473765,-0.14822479,0.051399715,0.1508295,0.008469376,0.15868518,-0.08299034,-0.002756091,0.048399486,0.016690891,0.017391542,-0.08326864,0.11579002,0.067256466,-0.0018065813,-0.022393297,-0.034739364,0.10134485,-0.062545374,0.068791226,-0.049436428,0.13457027,-0.13569647,0.065731384,0.068897724,0.1623137,-0.07720707,-0.012543685,-0.16372524,-0.07814737,0.14683166,0.024572928
-0.17283234,0.109818816,-0.08236213,-0.0185062,-0.1514512,-0.12862542,0.009811893,-0.060177714,0.12547684,-0.15770051,-0.012068883,0.076579094,-0.13809311,0.1319049,0.06477091,0.07854563,0.13058308,-0.06819656,-0.057549268,-0.090315774,-0.1386637,-0.122746214,-0.08748948,0.12338525,0.015485331,0.07968959,-0.0051519275,0.09924069,-0.15111126,0.021764398,0.14860335,0.060104698,-0.06933862,-0.00241673,-0.0043769777,-0.05007238,0.009055063,-0.11621091,-0.17307046,-0.009468883,-0.072982065,-0.05816494,-0.009288266,0.08690116,0.060581,0.029713005,-0.11333972,0.17303008,-0.15382576,-0.15681034,0.1481928,0.03817223,0.09706816,-0.0063173175,-0.09537445,-0.03816454,-0.089638196,0.036449343,-0.068456925,0.007824466,0.003582403,0.11336887,-0.15602982,-0.09150425,0.11566001,0.059259266,0.085701644,0.031522363,-0.00855729,-0.028415546,0.03238085,-0.10216897,-0.14332837,-0.028445572,0.1029824,-0.057859108,-0.17254588,0.119017154,0.014850542,-0.1385394,-0.041936874,0.13674685,-0.031069309,-0.038255066,0.12439096,0.01955697,-0.058697857,-0.096827544,0.068818465,0.043551236,0.14503264,0.066071585,0.065975085,-0.041718423,-0.052464366,0.14139575,0.029272467,0.15053147,-0.171264,0.1557048,-0.109979644,-0.09906484,-0.092501864,0.12878746,0.1532141,-0.106459804,-0.1198356,-0.048978835,0.09371057,0.025491968,-0.16980259,0.14186013,-0.15454203,-0.06497796,-0.1527826,0.115374476,-0.10898319,-0.0315513,0.019945055,-0.06805202,0.15148574,-0.034953058,-0.16768113,-0.013233662,-0.08683507,0.096986085,0.031481028,-0.10093482,-0.1367206,0.12092513,0.16146448,0.074526384,-0.15978637,-0.12742811,-0.07405401,-0.03404604,-0.11487921,0.1100544,-0.14649391,-0.11882931,0.053678825,-0.16363287,0.039542854,-0.103252314,0.03448993,0.09349775,0.014497459,0.103779584,-0.098296046,-0.013038203,0.0032270998,0.07498853,0.074193835,-0.04321459,-0.07543596,0.115113646,0.09480888,0.045330152,-0.103012554,0.10909498
-0.031259358,0.16809681,0.14376849,0.03063178,0.14852771,0.14479733,0.02056998,-0.013112918,-0.03274165,0.15532574,0.15354723,-0.0030656457,0.017378435,-0.0984365,0.17319834,0.04151103,-0.10718363,0.15203491,0.019611105,0.0130292475,0.07025583,0.16879469,-0.014879987,0.09077433,0.09098464,0.12611723,0.035267144,-0.02101852,0.12924123,-0.04591064,-0.157112,-0.00039838254,0.1345819,0.057341874,0.026538968,-0.1253375,0.045304388,-0.03232035,0.06290226,-0.002261296,0.037760675,0.09452528,0.10474071,-0.10154487,0.14088905,-0.16138805,0.13084242,-0.11826163,-0.13894793,-0.07890679,-0.09301475,0.13570887,0.08165178,0.16682106,0.11252716,0.14818496,-0.16614647,-0.15056625,0.04799716,0.08909145,-0.012638181,-0.034964815,0.034103766,-0.07496841,-0.08830886,-0.008545727,0.014670074,0.02633737,0.15309092,0.15259588,-0.10768962,-0.16497554,0.07901433,0.010931522,0.006210521,-0.084682636,-0.087954715,0.13731703,0.13059533,-0.088195674,0.16276315,9.9524856e-05,0.039647177,0.13197675,-0.17197865,0.01659733,-0.06689898,0.0030581653,0.016331881,0.068995506,-0.14805149,0.09703013,-0.16218324,0.14282921,0.072944075,0.16446224,-0.04579076,0.15015581,-0.11181064,0.14819768,-0.033464596,0.11450797,-0.14700304,0.0061731488,0.12227777,0.025973886,0.083016634,-0.15796095,0.08372098,-0.11469867,-0.056291245,-0.16738318,-0.07073808,-0.012183443,-0.12674877,0.082597315,-0.09979469,0.07385872,0.11374399,0.072713405,0.13008589,-0.03283547,0.0020747185,0.026527613,-0.16056079,0.106422216,0.15649185,0.06127365,0.07675162,-0.119380936,0.022460565,-0.09495464,-0.15911491,0.0031924099,-0.006404534,-0.019350648,-0.16305217,-0.02191323,-0.15747392,0.1632972,-0.14384824,-0.06867546,-0.083532564,0.02840072,-0.093338504,-0.17292427,-0.096298635,0.0588101,0.093694955,-0.16520663,0.14966002,0.01661773,0.12077242,0.08646822,-0.01603654,0.03793539,-0.06016916,0.013629109,0.04306081,0.048758864
0.07781095,-0.11902569,0.030707778,-0.059823066,-0.14319171,0.101074316,-0.11110255,-0.12416087,0.06768216,-0.09173016,0.02565834,-0.16162013,-0.12855439,-0.045282394,0.07726072,-0.12681483,-0.09852296,-0.01263815,0.026598671,0.09488234,-0.109115385,0.10040365,0.15085843,0.10251576,-0.14603192,-0.05395005,0.02142094,0.08927409,0.15853873,0.16271494,0.13028423,0.14840148,-0.09047279,-0.067496605,-0.05379223,0.1112842,-0.17138892,0.13862467,-0.011817768,-0.02739137,0.117331155,0.01531974,-0.0748384,-0.070973255,-0.14089823,0.04161074,-0.107418925,-0.047695737,0.12018923,-0.062065255,0.041302055,-0.03235875,0.15021722,0.12445616,-0.11608285,0.12987743,0.002077347,0.07927627,0.01459969,0.018216357,-0.16685817,-0.006408972,-0.16851512,0.09024632,-0.05796411,-0.10717169,-0.111965045,0.004899054,-0.13998951,-0.14022808,0.108586535,-0.031903546,0.1519967,-0.011682689,0.16410223,0.068832666,0.028480202,-0.12186155,0.018581852,0.010497252,0.11628754,0.015704237,0.017655298,0.054902717,0.040196918,0.09299925,-0.06078153,-0.12823094,0.075091995,0.047966395,-0.06363494,0.027905464,0.0129213035,0.12263654,-0.014362564,-0.06862644,0.13794763,-0.09176102,0.1300318,0.13500077,-0.1676658,-0.04895973,-0.019585662,0.020526454,0.1126185,-0.05409541,0.040961985,-0.010160732,-0.11442826,0.08441668,0.10024566,-0.05721663,-0.022168646,0.15525809,-0.04676631,0.044598557,-0.056819197,0.08529216,-0.09580669,0.038363833,-0.13140053,-0.10815719,-0.03731878,0.03754817,0.06618909,-0.075434394,0.0755603,0.07781792,-0.04263998,-0.08450989,-0.03625774,0.12161213,0.16266409,0.021785552,0.13207506,-0.16906317,0.15920006,-0.026633343,-0.050164994,0.09284565,0.10032886,-0.03365592,0.14097735,0.053553853,0.035774846,0.13430494,0.113191396,-0.11262567,0.0456322,0.041428342,0.1606779,0.086511925,0.08001617,0.015097484,0.080120064,0.07689193,-0.022419529,-0.13176338,-0.015036404,-0.081449695
-0.024829619,-0.15199561,-0.15156166,-0.11738101,0.13354403,0.10165124,-0.13002649,-0.044558056,-0.04269063,0.03521931,0.09503017,-0.15281358,0.117087044,0.1490595,0.14591573,0.08329251,0.05685034,-0.17032848,0.10723093,0.058388546,-0.12638922,0.065057285,0.1438145,0.120211005,0.025086757,-0.081021644,-0.08993433,0.14418544,0.062881425,-0.12859365,-0.09802461,-0.06927688,-0.1648452,-0.11554778,0.080762714,-0.11352487,0.09469461,-0.0008321026,0.16862956,-0.047219858,-0.0502476,-0.06105937,0.059542023,0.16011626,0.043457262,-0.026926154,0.15995395,0.10620269,0.15514086,-0.03719049,0.11806339,0.047327444,0.049735613,-0.14020999,-0.08932217,-0.06368957,-0.09840282,-0.03782669,-2.6601425e-05,0.004459068,0.12911959,-0.06989727,-0.16572087,-0.10140435,0.15333705,-0.054712445,-0.025538499,0.13822943,-0.042914063,-0.121007934,0.08425699,-0.15796877,0.07067793,-0.033487603,-0.06559132,0.008202084,-0.16212979,0.10923332,0.15540865,-0.08613943,-0.059610363,0.07757067,-0.12279012,-0.118197724,-0.098787904,0.14252193,-0.03306161,-0.058652252,-0.043884654,0.118250735,-0.092071004,0.013545439,0.07898912,-0.057148293,0.10646636,-0.16744995,-0.13933356,0.025505945,0.066418976,0.0054540336,0.12037429,0.013147096,-0.055475473,-0.030280769,0.036539253,0.041869268,0.092584044,0.07732084,0.14283642,-0.028419193,-0.17014539,0.16305892,-0.1318505,-0.098622076,0.056232437,0.13096008,-0.113184564,-0.097175375,0.08713293,0.062350966,0.02820989,0.16330343,0.051956996,0.13928124,-0.15270302,0.05490791,-0.04069227,-0.033758547,0.055060267,0.00932113,0.14345825,0.01961416,-0.06037928,0.15380141,-0.11477058,-0.031048518,-0.043205455,0.032821693,0.018189838,-0.16422462,0.15423205,0.006321526,0.15464632,-0.14397621,0.12193098,-0.015780881,-0.021649292,0.028966673,0.10962019,0.11243342,0.07948274,-0.14672361,-0.12055819,-0.012555674,-0.16169831,0.09301825,-0.08452019,0.061858978,-0.07562092,0.0768321
0.116220206,0.084120065,-0.11828107,0.094875395,-0.04018918,0.018243408,-0.06955406,-0.05655939,0.09247567,-0.05482078,0.07106043,-0.121289566,0.001437814,0.1548557,0.12365614,0.16907874,0.07599693,0.0035505425,0.0703011,-0.055648983,0.0026109116,0.049785487,0.02294468,0.1255354,0.061819825,-0.14143565,0.051273152,0.0069620335,0.086612016,0.16336487,0.15759915,0.032905627,0.054539755,-0.056221582,0.008970259,-0.07949493,0.031921454,-0.00894901,0.12157121,0.049141843,0.106663674,-0.010445628,-0.073591396,-0.0410119,0.026919072,-0.1722829,0.07343681,-0.025343696,0.11823935,-0.11016578,-0.13224943,0.060170025,0.122379586,0.1026065,0.1455695,-0.12423011,-0.15691207,-0.119653225,-0.026120344,-0.03922257,-0.13501702,-0.05898967,0.090772785,0.112274855,-0.045832112,0.11130908,0.0562608,0.122780405,0.12867291,-0.05616906,-0.09915149,0.08821374,0.15954183,0.11048341,0.1254802,0.15014867,0.0360364,-0.15164356,0.14024323,0.13565904,-0.117843196,0.013481745,0.097743966,0.15886606,0.028151091,0.16988614,0.11008847,0.15831618,-0.04557796,-0.16102037,0.17002697,-0.15741119,0.035509467,0.09851331,0.013100931,0.0935841,-0.06387794,-0.03847329,-0.0937714,-0.010565937,0.16652764,-0.026408724,-0.108606964,0.14639902,-0.132997,0.10359758,0.15639378,0.0028198143,-0.037959855,0.09658751,-0.021208782,-0.09227237,-0.07926801,-0.055366643,0.052528337,-0.0017135141,0.14417174,-0.0150577575,-0.08134573,-0.04732799,-0.08592831,0.0016422694,-0.14173824,-0.08651809,-0.12232446,0.1142296,-0.04455784,0.02104882,0.12046737,-0.09181572,0.026367242,-0.096161656,-0.011321948,-0.0072053494,-0.036881074,0.08369838,0.11481587,0.09946413,-0.09507239,-0.09266469,-0.09695673,0.058318917,-0.11490078,-0.005577076,-0.004592438,0.08611551,0.039220355,0.10942903,-0.13054252,-0.050055075,0.10853901,0.04106462,-0.10850354,0.13934502,-0.15999815,-0.11631894,-0.110115126,-0.13570212,-0.17238747,0.08833253
0.09605288,0.0014816319,0.028440634,0.049483836,-0.110296234,-0.0024616153,0.12901026,-0.083057,0.10251148,0.064458594,0.020486329,0.09834186,-0.11381684,0.147993,0.016451031,-0.16234441,-0.12263692,0.1332768,0.1407578,0.08024314,-0.118121386,0.12608474,-0.15763569,0.040208295,-0.07912724,-0.053036764,-0.1399774,0.07212316,0.045912363,0.026768403,0.110262096,-0.00043000313,0.036698874,-0.07433903,-0.15396464,-0.14763588,-0.058965694,-0.16651489,0.10329205,-0.044956237,0.077469856,-0.00547726,-0.018466638,-0.118698776,0.07926703,0.05736548,-0.08674402,0.16985908,-0.16152298,0.15093012,0.004642298,-0.10068213,0.05099513,-0.033278275,0.10423159,-0.11856602,0.037241116,0.04004138,-0.048882466,0.15043944,0.027784303,0.045534242,-0.1158744,-0.15476969,-0.15439637,-0.019193694,0.1354905,0.095892385,-0.1458084,-0.17177126,-0.06339092,0.032408256,0.0251659,-0.14536932,0.028624713,0.012448585,0.095034674,-0.018268928,0.015086204,0.0667111,-0.1313016,0.09092503,0.0047142897,0.028770195,-0.089701794,0.0818379,0.10659352,0.06633405,0.0077345534,-0.15288016,-0.10695102,0.0645812,-0.04894948,0.007825112,-0.04708583,-0.039543193,0.15435462,0.024645146,0.11333595,0.082737714,-0.139961,0.1221411,-0.14170241,-0.075121865,-0.048861388,-0.119319156,0.08052387,0.022439627,0.056940004,-0.17031533,0.055367682,-0.028343631,-0.0780411,0.085482895,-0.097137965,0.10247271,0.011947505,-0.089703485,0.10170686,-0.13163593,-0.057829607,-0.13181221,-0.10252472,0.15877715,-0.1329882,-0.15699345,-0.1691574,-0.05121559,0.04249013,0.115229696,0.15485744,-0.064998895,0.11713221,0.14837001,0.1685036,0.12928268,0.056916416,-0.104947664,-0.034379847,-0.023187846,-0.17466752,-0.1096837,-0.11402447,0.119497016,0.09451854,-0.09243286,-0.102688834,0.004433684,0.08473783,0.05669917,0.07538357,-0.06072179,0.17198533,0.064058155,0.089785054,-0.11217597,0.097817756,-0.17085703,0.017138302,0.060567923
0.101017,0.06826172,-0.09616076,-0.025877327,-0.040457956,-0.06484381,0.05613585,-0.1483946,-0.013954833,0.09286167,0.0866004,-0.1511272,-0.007900277,0.026376633,-0.011909445,0.010258953,-0.16356744,0.17020059,0.17255686,0.08672249,-0.12446166,-0.11343238,0.029467186,-0.05951909,0.0075255604,0.12438187,-0.08694307,-0.00627917,0.07618798,0.12505265,-0.06351409,0.059626084,-0.13837028,-0.13512143,0.09628841,0.081347145,0.00062059745,0.055667263,-0.056865744,-0.16282621,0.15155938,0.10928779,-0.08276407,-0.032159388,0.11206542,0.00035191275,0.122398704,-0.13059728,0.05118769,0.054883927,0.008334874,0.08607569,-0.16728376,0.14705132,-0.10203173,0.12999006,-0.05141981,-0.10032167,-0.05096655,0.018755704,-0.066302694,0.045017242,-0.14847095,0.0018027872,-0.053851865,-0.11002276,-0.12768634,-0.028159747,0.009871714,0.11456855,-0.06375964,0.055253737,0.12725846,0.15951318,0.148792,-0.034940764,0.14395864,-0.0018719584,-0.16121791,-0.061590344,0.069324926,-0.022729296,-0.020716751,0.026058918,0.15586658,0.0034672231,0.087960154,-0.14980577,-0.11389796,0.04796739,0.005478237,-0.0540817,-0.12281625,-0.12243302,0.055257667,-0.087176114,-0.017342074,-0.052504275,0.06320041,0.039597407,0.16507103,-0.14887294,0.063659154,-0.100179695,-0.05727389,-0.04032916,0.16982417,-0.05114662,0.14465895,0.039772928,-0.0070942533,0.15190081,0.17171656,-0.069283865,-0.11703582,-0.14761862,-0.099163875,0.14361054,-0.13320598,-0.046595454,0.099006005,-0.15413733,0.08847383,0.13260195,-0.03273623,0.02792148,-0.017344117,0.10432933,-0.047818117,0.072275415,0.024017718,-0.09702671,-0.020049423,0.114088885,-0.02716145,-0.055105895,-0.00059042976,-0.08143541,-0.045820802,-0.16219954,0.0794267,0.07828099,0.15907526,-0.059394553,0.012746487,0.15217099,0.09871129,0.11758592,0.035433404,-0.01403669,-0.17115684,0.09603339,0.14349559,0.16495308,0.14173552,0.07999834,-0.028985845,0.15510455,0.008551344,0.15430899
-0.1503871,-0.14985505,0.08820432,0.039445817,-0.045527767,-0.1550338,-0.087610684,0.17236747,-0.12885293,-0.122804254,-0.07961988,0.11739833,0.120328106,-0.035878845,0.13944076,-0.0027521185,0.1382231,-0.09472496,0.005685666,0.1353837,0.06863595,0.085641794,0.06061368,0.10631043,0.13006085,-0.1015246,-0.12393675,0.16444762,-0.10848168,0.06440383,0.07029003,0.15985206,0.11726288,0.16864553,-0.11886218,0.015873065,-0.019613912,0.10169751,0.13468659,0.16216105,0.050135445,0.13891952,0.15753035,-0.15561572,-0.16899191,-0.07226421,0.03352903,0.07890414,-0.10489254,0.13424057,0.007452589,0.12851101,0.05604525,0.08973072,0.13899863,0.045817867,-0.10688544,-0.04525982,-0.008055367,0.093254685,0.06463113,-0.033286225,0.10616423,0.10101172,0.14151978,-0.13108337,0.0039497134,-0.014269223,0.077662274,0.12674594,-0.05656607,0.063448176,-0.042333886,0.03824775,-0.10337153,0.14582369,-0.06942387,0.093198806,0.061719596,-0.002557423,-0.051324166,0.08397956,-0.07850473,0.03319078,0.059112426,0.08534442,0.010534346,0.12145833,-0.0008297806,-0.09030152,0.13754767,0.02846229,0.1505129,-0.00913978,0.006765161,0.049524937,-0.16846192,-0.12160343,-0.09871636,-0.072915584,0.09046123,-0.15627632,0.05587674,-0.09045502,0.002483276,0.08769372,-0.17195128,0.08515062,0.029764816,0.09148699,0.03238361,-0.061566032,-0.017109731,0.043038547,0.13337848,-0.021200625,0.041789692,-0.060207404,0.15757695,0.11214015,-0.016553175,0.12158969,-0.15566644,0.1458453,0.01056003,0.13326651,-0.08270575,0.08966094,0.005015826,0.08058486,-0.00024372363,0.1137321,-0.12453576,0.087998025,-0.16669512,-0.017069425,0.14102569,0.04185302,-0.05396363,-0.033720255,-0.07533365,0.0900675,-0.15467696,0.13187815,0.048652817,-0.084183045,0.08452,0.116772,0.15062791,0.14284894,-0.11350532,0.04156955,0.1285162,-0.17148307,0.08605516,-0.15956998,-0.0867068,-0.12517099,-0.053102918,-0.11190711
0.121713385,-0.13551168,-0.0419941,0.0961487,-0.017754786,-0.076873556,-0.124112055,-0.1465401,0.07377426,-0.15496358,-0.15954144,-0.10580622,0.10261134,-0.013149263,-0.03817362,0.038641088,0.069261976,0.073195815,0.16971265,-0.052413575,-0.02779793,-0.13652973,0.089925274,-0.16356815,-0.03660213,0.012580156,-0.082320005,-0.11766568,0.10790189,0.04017984,0.057304952,0.083611205,-0.10402436,-0.121325985,0.13081308,-0.04865244,-0.007982446,-0.15070716,-0.112357676,0.13861556,-0.14238891,-0.13890256,-0.02253034,-0.14464298,-0.06977483,0.12033964,-0.13481072,-0.03857867,-0.15582234,0.15423542,0.051225577,0.03197871,0.11530787,-0.06133064,0.1091727,0.091041476,-0.0010015005,0.02280057,0.06850675,0.11033538,-0.10354275,0.09035178,0.027340813,-0.061094716,0.0917665,-0.04119128,0.12364209,-0.1440372,0.16890293,0.03496331,-0.07305138,-0.07001292,-0.04716763,0.11702293,0.09557098,-0.094603024,0.0023288922,0.14009336,-0.0074267536,-0.03439877,-0.02526377,0.07804407,-0.027692055,0.15947923,-0.12482767,-0.13169931,-0.050104216,0.015166078,-0.12771772,-0.039719116,-0.07405557,-0.073270224,-0.07294333,0.16334252,0.10378681,-0.13283166,0.06711584,0.14099523,0.07519498,0.12603563,-0.11940625,0.10825031,-0.13714334,-0.130535,-0.024386425,0.11496997,0.10466231,-0.056869898,-0.08264434,-0.07489536,-0.10427716,0.03878146,-0.12446781,-0.04144752,0.050218612,0.03386843,0.051199425,0.15431273,0.11714029,-0.07626574,0.093096994,0.0067575034,-0.04941612,-0.055241145,0.09067879,0.15529169,-0.12109077,0.09144737,0.14066641,-0.08668081,0.07105235,0.07528861,0.011507437,-0.070616715,-0.065892905,-0.042761378,0.08476148,-0.0666329,-0.1320502,0.0011855811,0.0032803058,0.08364909,-0.025567705,0.07019348,-0.024940459,0.1259782,0.01776353,0.03533804,-0.083416976,0.15416233,0.004045265,0.067155875,-0.040091336,0.13611409,0.16691378,-0.013732169,0.021733288,0.15618245,0.013521075,0.07659223
-0.10715872,0.10967643,0.028149601,-0.12187092,-0.028926365,0.0037809187,-0.15581822,-0.12657432,-0.06929894,0.07742419,0.115556605,-0.17048484,0.07324315,0.12230101,-0.028256493,0.03427397,0.115186535,0.05297483,0.15636317,-0.12294311,0.08895904,0.09327319,-0.064658046,0.06962901,-0.14656216,-0.1411813,-0.13381205,0.02461813,0.010271619,0.13846634,-0.04611564,-0.09536002,0.13611767,0.13416228,0.14814368,-0.088984,-0.0035762312,0.10870117,0.12059304,-0.014852629,0.09737947,0.124560565,-0.045289908,-0.065136656,-0.036336422,0.03294881,0.05310659,0.0064713275,-0.1272565,0.04118087,0.019626401,0.0153206885,-0.155363,-0.08414428,-0.043382302,0.15914032,0.12262804,0.1352238,0.10867249,-0.062343076,-0.119014814,-0.018594421,0.17221525,0.032123163,0.08125285,-0.0457184,-0.07683534,-0.065941304,-0.058844045,0.09937016,-0.14957397,-0.11964186,-0.021517806,0.119598985,0.03632517,-0.034622256,0.030991403,0.039784268,0.046764955,-0.16862747,-0.12907779,0.15295784,0.13984199,-0.16385503,0.16973244,-0.117415436,-0.13573499,0.013504693,0.034066852,0.00088174955,0.016988218,-0.100556016,0.08427781,-0.12316298,-0.15929629,0.07499493,0.038265854,0.09183885,-0.019033765,0.058010086,-0.034300093,-0.015142025,-0.12660299,-0.056531914,-0.16880138,0.10856643,-0.060857326,-0.047332242,-0.046963736,-0.16194938,0.07163459,0.029545873,0.04877094,0.10594848,-0.15322202,0.14545849,-0.09914082,0.09568983,-0.17270719,0.08073146,0.00227394,-0.022713803,-0.1719082,-0.09066034,-0.013185558,-0.1323887,-0.116392314,-0.13172339,-0.054247983,0.09224788,0.023354048,0.058607906,0.04332243,-0.10267478,0.040639568,0.11725252,0.032305885,0.14537737,0.0027291675,0.12850764,0.127079,0.12509556,0.14122991,0.13643365,0.050523557,0.008128941,0.028518574,-0.08186445,0.098941505,-0.11403506,0.10888682,0.1398191,-0.16518527,-0.1589546,-0.15756062,0.04740302,0.13513032,-0.15829818,-0.017713502,0.04073362
0.16987339,0.09373696,-0.14733982,-0.012510702,-0.044332087,-0.060457144,0.16213414,0.0892472,0.07064784,-0.12912014,0.05570892,0.06343104,0.03631698,0.06523788,-0.08582884,-0.037238862,-0.16831301,0.10633662,-0.12736198,-0.1436122,0.06466856,-0.02868732,0.04554396,-0.13527533,-0.036232684,0.01483427,0.10212414,0.1329983,0.12148118,-0.13198255,0.07911134,0.09595951,-0.092661254,0.10046005,-0.009071738,0.13074975,-0.0070193657,-0.011303452,0.0009765029,-0.085008234,-0.087165944,-0.033948593,-0.0059204837,0.007883981,0.14289871,0.13747257,0.121243685,0.1449839,-0.055428576,0.11277996,-0.13132372,0.094911486,-0.11288685,0.061072852,-0.1644472,0.007219788,-0.02138775,0.17052244,0.08354584,-0.11723676,0.0032610628,-0.17042096,-0.1631501,-0.005904451,0.15197621,0.13966721,0.11573177,0.060506493,-0.12902302,0.1325021,-0.025916498,0.10557318,0.06997951,0.08652073,0.1478594,0.049581736,-0.09832887,0.10650477,0.10259476,-0.10082701,-0.063445695,-0.055995833,-0.06571827,0.012999506,-0.10845805,0.13242838,-0.043839723,0.1115239,-0.026482522,-0.043012362,-0.12923203,-0.15758389,-0.16831361,0.08129005,0.09176151,-0.16922957,0.066800736,-0.10917621,0.040779695,-0.15206848,0.06073226,-0.102309026,-0.043219637,0.13262033,0.06662743,-0.012290522,0.07836745,-0.12833147,-0.10897386,-0.08643373,0.037947163,0.16863641,-0.13325714,-0.020087808,0.1560544,-0.14945868,0.15525496,-0.019440845,0.08726162,-0.113682196,-0.16850103,-0.10277373,0.08911719,-0.042944893,0.12237177,-0.06892527,0.03802897,-0.02915021,-0.09877633,-0.15890485,0.09752458,0.16682252,0.008160979,-0.014662521,-0.06917644,-0.01269597,0.051847763,-0.11309318,0.078563675,0.00118348,-0.012133351,-0.02785453,-0.117018856,0.05734549,-0.11753403,-0.07703842,0.028157774,-0.15970114,0.11968574,0.0073605124,0.16193326,0.1520469,-0.118918955,0.13750607,-0.10393765,-0.011199357,0.1612311,-0.0011657261,0.14040455,0.07368066
