0.122611344,-0.10374327,0.09163073,-0.09570349,0.026987553,0.11830205,-0.00605236,-0.08165994,-0.10698842,-0.10870271,-0.12123869,-0.046482325,0.161719,-0.027202383,-0.098612905,-0.1711402,0.037226394,0.038749576,0.067870155,0.14522395,-0.17154591,0.13976046,-0.12170784,0.08288017,-0.0871013,0.072254896,0.13528967,0.0011365265,0.028322682,-0.0005233735,-0.16732846,-0.10051671,0.005211219,0.13359016,-0.06113337,0.06335655,-0.15645945,0.14418682,-0.105996594,0.17294338,-0.17291155,-0.038776577,0.05391532,0.044939324,0.12579823,-0.10810608,-0.16013321,-0.15443888,-0.17115071,0.10885242,0.048282593,-0.093975276,0.09665102,-0.14517069,0.08576384,0.12440804,0.09106937,0.09028995,-0.017165765,0.142106,-0.11492815,0.014099255,-0.10778228,0.14009523,-0.15986228,0.16234973,-0.1617259,-0.06969554,0.02073598,0.14119205,0.010816932,0.059416562,0.0106868595,-0.16198216,-0.13539039,0.041215405,0.036261693,0.11630455,-0.028946936,0.057829827,-0.13060509,-0.0734148,0.13413575,-0.06368761,0.06302932,0.07166949,-0.022327915,-0.16219488,-0.10797988,-0.02367279,0.14056313,-0.09475427,-0.022010893,-0.004627347,0.14083451,-0.14289391,0.058420435,-0.12448293,0.071979836,0.05610852,0.13670534,0.07178806,-0.017506152,0.05121444,0.025538787,-0.075721845,0.14871684,0.16504195,0.12914732,-0.13948263,0.12909606,0.024207428,0.044265717,-0.11160697,0.12727314,-0.13083676,-0.0872925,-0.10584731,0.04450573,0.09903544,-0.08060526,-0.12885804,0.015010148,-0.01040642,-0.044756964,-0.12375906,-0.16593339,0.11934197,0.1684393,0.10497537,0.16538852,0.03090243,-0.16739231,0.07121739,-0.14762396,0.12587467,0.06664014,-0.044324353,0.035783127,0.16514522,0.064861506,0.023964986,-0.006798327,0.022846758,-0.061656542,-0.08559799,0.08733848,-0.13179013,0.02293925,-0.06473589,0.17235482,0.094187945,-0.12270996,0.01686269,0.16265738,0.09161392,-0.036114275,0.16656351,0.14991304,0.13725752
0.13372281,-0.026721865,-0.0063845813,0.11271578,-0.098607786,-0.16682272,0.013714001,0.0480029,-0.11771707,-0.15559804,0.12737626,0.09142381,0.10634208,0.10828647,-0.04044363,-0.054488085,-0.051643662,0.018482298,0.046817362,0.09856695,0.13508797,-0.15160763,0.11339697,0.12953818,0.1039277,-0.06175424,0.025803417,-0.035792917,0.02294235,-0.087346725,-0.012031883,0.16919965,-0.057782874,0.084122,0.09093645,-0.019054651,-0.0041847825,0.019373074,-0.1479767,0.003263563,-0.0034071058,0.003831789,0.040377066,-0.15088546,0.01748985,-0.060134314,0.0045729578,-0.050796613,-0.123695344,0.14852503,0.015916333,-0.028489798,0.14552206,-0.005408317,0.07194935,-0.15591101,0.11505553,0.1437009,0.081288576,0.11624628,-0.07378497,0.11870307,-0.111286476,0.06349175,-0.08508749,-0.1250391,-0.038575888,-0.06444711,0.081205726,0.14017662,0.028337836,0.15051842,-0.09397735,0.16989306,0.009909511,0.054967403,-0.11863865,0.071388766,0.10586357,-0.101679705,-0.12295724,-0.04507622,0.1719383,-0.09204348,0.08034861,-0.058919035,0.09370464,-0.12707897,0.165371,0.078161776,-0.12301988,-0.11514912,0.15561295,0.124183536,-0.016430944,0.09048799,0.13681349,0.044901416,-0.07104032,-0.16550523,-0.015484631,0.1388478,0.16643342,-0.05537094,0.066280946,0.15565944,-0.0821393,0.0013110787,0.027769446,-0.12419374,0.008519888,-0.055164464,-0.04729882,0.0037448257,-0.07032471,-0.102597825,-0.10517139,0.14221263,0.047737047,0.13845268,0.013262644,0.1374554,0.034991458,-0.09464228,0.01763706,0.06620926,-0.11108661,0.063384205,0.08952153,-0.12144203,0.016553313,-0.12310259,0.092717975,0.04900597,-0.085126854,-0.048939317,0.015498415,0.029547244,-0.17217913,0.12635165,-0.13475609,-0.07729416,-0.10905145,0.17316386,-0.15633912,0.13546026,-0.12634465,-0.021096125,-0.040873274,0.12166241,-0.091398455,0.16420516,0.11492613,-0.12019016,-0.09798898,0.1689845,-0.12609589,-0.02248773,0.10241091,0.1510446
0.09397641,-0.048847973,0.070369765,0.13378698,-0.04409513,0.14434314,-0.01620403,0.11989629,0.067882225,-0.08765061,0.06719647,-0.15221041,-0.16650338,0.051640615,-0.0062363,-0.088007614,0.020508572,-0.103800505,0.1051653,0.14631638,-0.0988288,0.14538541,-0.15900573,-0.11300366,-0.12768242,0.019399628,0.1310536,0.12992069,0.16398957,-0.003591612,0.029206187,0.06291109,0.08713195,0.091721505,-0.0040193945,0.06555705,0.06942625,0.05482948,-0.094740316,-0.024417713,-0.16836461,0.05922103,0.1303289,0.068112895,0.032801732,-0.1536712,-0.007764429,0.012259424,-0.016333446,-0.0011305809,0.14224446,-0.08618917,0.12068468,-0.020810649,-0.04018034,-0.024523348,0.07366088,-0.10294553,-0.045846343,0.05819261,-0.05928363,-0.06617726,0.13944072,0.030792221,0.055719882,0.004787937,-0.09130566,-0.13910894,0.109865725,0.08477089,-0.15733352,0.08085939,0.029521108,-0.0147506,0.16583061,-0.06855538,0.16844195,0.059025526,-0.08338188,-0.05428925,0.1327002,0.10702729,0.12695009,-0.064738944,0.086384624,-0.02163808,0.053216115,-0.04336454,-0.15525202,-0.12736848,0.031219006,0.059514344,-0.12471138,0.038784012,-0.053906523,-0.026018396,0.040075824,-0.06804145,0.13292333,0.15868899,0.043844342,-0.08929272,-0.0619549,0.16867194,0.1702795,-0.0039025247,0.11307606,0.063375086,-0.16337705,0.12172365,-0.05594647,0.17193624,-0.032409266,-0.16897714,-0.061669588,-0.14189878,0.104570836,0.10795537,-0.14545347,-0.0002027154,-0.16048765,-0.06665666,0.01948841,0.16050908,0.033629283,0.10157758,0.05200541,0.046689183,0.013816178,-0.17043404,-0.11345193,-0.122350484,-0.07748854,0.12639716,-0.031159997,-0.066452205,-0.007246956,-0.03915125,-0.1271798,0.046675757,-0.008237302,-0.06838152,-0.050924964,0.07669534,-0.06948828,0.008783311,-0.14898653,0.13629854,0.14203921,0.08867797,-0.06752225,-0.05761443,0.08606464,-0.13035087,0.14998192,-0.1157828,0.03873913,0.046658367,0.11548263,-0.0319667
0.047327235,-0.049398854,-0.05931191,0.108819276,0.13549417,-0.08791734,0.15458795,-0.068016924,0.12840784,-0.15509783,-0.07353683,-0.022857487,-0.13942295,-0.1026501,-0.10143899,0.087705165,-0.15244043,-0.0442404,-0.021293432,-0.15354364,0.09343442,-0.10200218,-0.07692684,0.052819595,0.08324382,-0.033992603,0.1694389,-0.102823585,0.04447703,-0.057950616,-0.0040034205,0.14952973,-0.16673233,0.14629099,0.11487165,-0.13360816,-0.12611166,-0.0737521,0.13407212,-0.14425889,-0.13567582,-0.0589633,-0.14386204,0.16908655,-0.10752927,0.11001822,0.06982942,-0.048865855,0.10751334,-0.07743316,-0.04795286,-0.012478411,0.10372749,-0.13211505,-0.0714555,0.023893014,-0.1311088,0.08522609,-0.15552796,-0.051601008,0.1685836,0.14736652,-0.109911345,-0.005334452,0.13799027,0.014707327,0.13751826,-0.047694474,-0.005326271,-0.0814856,-0.107688,0.11718726,-0.05692129,0.10457644,-0.03265959,0.07164967,0.15156353,0.08509067,0.064819515,0.14488786,-0.050254203,0.05367869,-0.0107011795,-0.13549015,-0.04345572,-0.114831224,-0.15009399,0.14399096,-0.16869108,-0.14900346,0.07205123,-0.04714203,-0.10174243,0.03016825,0.030401766,-0.123395585,-0.0705627,-0.03664401,0.053025037,-0.12127763,0.13726386,0.1627956,0.1461811,0.1042431,0.08642042,0.13393638,-0.15975544,0.13710773,-0.09211629,0.03266199,-0.16628687,-0.037737682,0.00031986833,-0.079725794,-0.05726049,0.08735961,-0.08527535,-0.14508033,0.09967807,-0.13640967,0.14242738,-0.13121787,0.115217,-0.021493584,0.016830727,-0.12273428,0.079074144,-0.03482437,0.13497037,0.11589837,-0.06869607,-0.14741206,0.1537666,-0.10746006,0.1511094,-0.03903295,-0.007686794,-0.04910495,0.15011752,-0.08211469,-0.050639324,0.06041214,0.10556221,0.112226605,0.044860452,-0.15425235,-0.037122503,0.02468142,0.1322236,-0.009972483,-0.07921506,-0.11516307,0.059785813,0.16452962,0.08170527,0.07381454,-0.081836484,0.12272611,-0.041463956,0.0934374
0.10690448,-0.08809016,-0.07804223,-0.02038832,0.116367996,-0.014000103,-0.047270074,-0.06951979,-0.17041847,-0.1057513,-0.085400805,0.08846232,-0.02563171,-0.07135247,-0.11747429,0.036742255,0.12301493,-0.12052176,-0.15221216,-0.06445855,0.119862765,0.05190213,-0.13125426,-0.11979368,-0.042207196,0.09206408,-0.015986905,-0.031284258,0.031225488,-0.08984079,0.019434601,0.116203845,-0.110382445,-0.14137644,0.111463994,-0.0137114525,-0.09797878,-0.0085630715,0.118245125,-0.023154855,0.07980889,0.14006492,-0.13768029,-0.0012038052,-0.025262564,0.08567405,-0.056066148,0.102517635,0.07134409,0.14503944,-0.15658818,0.082176924,0.07620612,0.12917462,0.13283184,-0.056849018,0.12837291,-0.117575794,-0.011223316,-0.1103352,0.03865744,0.15818113,-0.13819352,-0.10858866,0.1430963,-0.13279808,-9.894371e-05,-0.107696265,-0.09443494,-0.00038297474,-0.09975142,0.16481999,0.0026061088,-0.0024492294,0.0077318847,0.1573211,0.015141219,-0.12762885,0.011134788,0.020495117,-0.07662807,-0.082861595,-0.09470786,0.042686135,-0.09845177,-0.0007888675,0.13692674,-0.12569214,0.12349668,0.04723774,-0.09465566,-0.008904919,-0.04277666,-0.06675056,-0.1631113,0.12660593,-0.064193726,0.15615025,0.11896101,0.07223277,-0.02268058,-0.023061529,0.14498156,-0.10378626,0.1419492,-0.14018977,0.055080757,0.03170088,0.041196316,0.16284916,0.09165177,0.074344605,0.05972895,-0.033301324,0.13102436,-0.031613782,-0.030623153,-0.050807066,0.16857356,0.09990528,-0.14853324,-0.14373517,0.093610436,-0.13271508,0.09439784,-0.07076207,-0.08539176,0.04492934,0.11266196,-0.00030975044,0.021346286,0.024170354,0.11022973,0.16080683,-0.092973374,0.16399565,0.11135754,-0.05714585,0.018508926,-0.07716743,-0.08035452,0.009570926,-0.17148636,-0.120589316,0.07866588,0.13992536,-0.12303768,-0.13135938,-0.014679208,0.09093863,0.07769641,0.02451706,-0.0415653,-0.048844382,0.0882656,0.07686308,-0.13434185,-0.06855533,0.15727243,-0.046944797
0.06599957,-0.08348689,-0.10732386,0.15717432,-0.08697403,0.070411846,-0.037204593,-0.12118835,0.13041046,0.15207484,-0.048051015,0.14548078,-0.053825423,-0.15702723,-0.07781068,0.117691875,0.16131896,-0.0587847,0.12962127,0.15700942,0.06302272,-0.08482424,-0.12570895,0.022114426,0.057726383,0.13063627,0.02633728,0.092087865,-0.016179502,0.03383836,0.15333584,0.053233817,-0.09216968,0.058481142,0.09928644,-0.045322627,-0.053625837,0.115361035,-0.09580367,0.0806537,-0.04030992,0.10413855,0.085850745,0.08385727,0.115464985,0.15236703,-0.056830317,-0.13023223,-0.09488163,-0.13392696,0.09626469,-0.097326644,-0.14941378,0.15944427,0.14069453,0.044942886,0.08568573,-0.04699868,-0.105745144,-0.056876235,-0.075118765,-0.15185821,0.013800517,-0.10403329,-0.018496662,-0.11410414,-0.07931709,-0.12343192,-0.09757194,0.16331059,-0.04243213,0.052662745,-0.16564605,-0.07453729,0.09213781,-0.071509846,0.13674131,-0.035923406,0.072971985,0.017042115,-0.059010834,-0.112925574,-0.12364191,0.1131171,0.0262198,0.14814514,-0.062036954,0.15900347,-0.10457008,-0.008559242,0.06516181,-0.0030785203,0.15817124,-0.07447212,0.061592937,0.09356254,-0.0016684532,0.17264318,-0.03163889,-0.10153839,-0.1726708,-0.15991488,0.15925351,-0.034275144,-0.11610692,-0.11414477,6.273389e-05,0.066543385,0.03975454,0.16707781,0.040038317,0.07304673,-0.017983943,0.007614106,0.12748837,0.112127155,-0.17144503,-0.102971755,-0.011828423,-0.11470094,-0.06136272,-0.120597415,0.12908208,0.09970799,0.036775738,0.07163407,-0.0074745268,0.018302694,-0.16551808,0.014915779,-0.121544436,0.043133646,-0.026053414,0.12737736,-0.091020435,0.12439555,-0.10758803,-0.013315961,0.09914413,-0.085956104,0.06965037,0.049071223,-0.015593067,-0.046046123,0.034728155,0.044644073,-0.054377332,-0.0818627,-0.08186205,0.07204512,-0.09647455,-0.059505135,0.08683932,0.0642159,-0.06598858,-0.106051266,0.014205918,0.006089732,0.09933397,-0.10933342
0.1219562,-0.048007607,0.0075813234,-0.13134947,-0.061021708,-0.03538467,0.10140869,-0.16182216,-0.14650795,-0.02771452,-0.06593275,0.13253576,-0.15300469,0.09336609,-0.07118287,-0.103662126,0.038281664,-0.0032867342,0.08464885,0.08131975,0.090756476,0.09728986,-0.04968115,0.048835337,-0.03239304,0.00057701766,-0.14292695,-0.026525304,-0.094871886,0.15444669,-0.12179522,0.1074962,-0.033725426,-0.07275519,0.07070327,0.099221885,-0.10177774,0.073556855,-0.0677497,-0.14911343,-0.041665763,-0.12474594,0.16439211,0.07668014,0.056080222,-0.033937886,0.15727884,-0.09628955,-0.051536754,0.10659918,-0.05018524,0.026909217,0.0011196434,-0.016591832,0.09995386,0.10531381,0.008287355,0.15038654,-0.023925558,-0.15477346,-0.11881808,0.17258921,0.16407567,-0.16262865,-0.1614604,0.068947926,0.16841778,0.1574114,0.17090288,-0.14136091,-0.037926152,-0.16780914,-0.16780593,-0.08350325,0.10124099,0.025007412,-0.13250178,0.1329234,-0.100181796,0.13057634,0.062061608,-0.050453655,-0.08194736,0.007044643,0.09622836,0.013975367,0.1651437,0.13208997,0.008862555,-0.05203692,-0.046731338,0.12639615,-0.10222398,0.101304054,-0.17039828,0.02627401,-0.009539664,0.03443414,0.07786301,-0.0525375,-0.02185145,-0.101558045,0.1510073,-0.06547318,-0.005924642,-0.056412652,0.08319247,-0.10731379,0.016859591,-0.05933161,0.14938945,0.10926977,0.1615375,-0.071605444,0.13005024,0.031635135,-0.044440985,0.13946325,0.04850419,0.15675008,0.11423266,0.14670324,-0.08853962,-0.05601316,-0.12405412,-0.17147885,-0.051193424,-0.037920862,0.100984246,0.031348348,-0.16277541,0.1250602,0.11315963,-0.018028215,-0.12254969,-0.12401605,-0.08357179,0.04834698,-0.1135054,0.09860176,0.05850798,0.09840351,-0.16774923,0.12050736,-0.04768361,0.09174687,0.035742983,-0.13545963,0.051444367,-0.14468378,-0.16184272,-0.06780161,0.023914605,0.084511936,0.14700747,0.044491723,-0.081087925,0.15640742,-0.01852417,0.13992271
0.04530005,0.0055404603,0.120456845,0.0786885,-0.042932376,-0.054754816,0.056573167,-0.03247574,-0.14404568,-0.004992351,0.14970788,0.06489979,-0.14359018,-0.034313887,0.13356316,0.101961166,0.071541935,-0.08052416,-0.045564204,0.097548395,0.027325153,-0.08587797,0.1589419,0.11140767,-0.067786165,-0.12390071,0.15075669,-4.3600798e-05,-0.14430836,-0.120843455,-0.11562674,0.17101598,0.097222745,-0.09906183,-0.03272657,-0.11414969,0.005741,0.0007341057,0.019367784,0.023731008,0.044962212,0.0070126504,-0.04068406,0.14654627,-0.04127586,0.12135133,-0.10083422,0.014172554,0.00892742,-0.09406567,-0.09503756,0.13546228,-0.12403818,0.15400508,-0.047741383,-0.17303531,0.02682519,0.1674994,0.035925508,-0.023556948,-0.15984158,0.00034672022,0.027381018,-0.13990615,0.09436181,-0.13460532,-0.14556381,-0.12953678,-0.0012266338,0.1613664,-0.14484973,0.1730575,0.00855656,0.030660853,-0.027115077,0.13622686,0.025093019,-0.10931583,-0.09850806,-0.12779221,0.09772441,-0.0073028654,0.09688398,0.023186207,0.069843784,-0.14650989,-0.15804698,-0.036987543,0.16890606,0.10091305,0.058760494,0.02988851,-0.16060182,0.09558442,0.018591061,-0.028942227,0.122115105,-0.15816835,0.13566294,-0.04873792,0.17176628,0.070048824,0.15359691,0.037468553,-0.116420396,0.15909132,-0.13430576,-0.026340917,0.014039576,0.074901804,-0.14011808,-0.14126468,0.074829996,-0.010995537,-0.1670826,0.09812677,0.01843521,-0.061090052,-0.1526738,0.1395852,0.019590124,0.1660307,-0.013873577,0.10612482,0.14703149,-0.023921296,0.16913027,-0.0075004697,-0.04818721,0.02687639,-0.14067826,-0.15238477,-0.16194496,-0.16296817,-0.11684086,-0.034381315,-0.023764297,0.078145385,-0.170392,-0.058541924,0.12858179,0.0052568465,-0.03816244,-0.024074912,-0.097643085,-0.015592158,-0.11944787,-0.029068679,0.16113701,0.02805996,-0.026771337,0.028353393,-0.10795766,0.1380628,0.13367158,-0.017598405,0.12038189,-0.0193979,0.0065585226,-0.082865976
0.14044675,-0.009602815,0.16458035,0.15993127,0.047066167,0.05212125,0.054617673,-0.13767691,-0.044463202,-0.022260725,0.11335546,0.025934398,0.02411972,-0.051674016,-0.11640578,0.13088968,-0.05401344,-0.13620836,-0.17285043,-0.11198759,0.14459875,-0.16643542,-0.10449262,-0.11939081,-0.13163519,0.16470882,0.0688892,0.05318737,-0.1329417,0.04186134,-0.01694186,-0.15351379,-0.029267475,-0.038333774,-0.0510275,-0.1647869,0.096242845,-0.061128497,-0.05131793,-0.07436926,0.142245,0.05748506,-0.07726137,-0.17125973,0.07878715,-0.1536772,0.08366674,-0.08143365,0.1436105,-0.08142629,-0.06895639,-0.05662801,0.03224656,-0.07822624,0.022302806,0.027321726,0.05355902,-0.039959565,-0.05797998,-0.038600743,-0.1569811,-0.08292482,-0.01551345,0.039294675,-0.09965231,-0.13342547,0.1704494,-0.03107299,-0.09858495,0.13810903,-0.09196151,0.071063235,0.06140253,0.045703292,0.107940555,0.02788718,-0.01932533,0.05440876,0.10643792,-0.0065864027,-0.09336142,0.16833511,-0.15497828,0.05361919,0.13260746,0.15597898,-0.037059113,0.114527464,0.03980884,-0.020317987,-0.14068787,0.06614645,-0.05422871,-0.15914221,-0.13819298,-0.013508067,-0.10544187,0.046251193,0.055624038,-0.055309452,-0.0478514,0.1650747,-0.09724703,-0.06956319,0.14047286,-0.06326788,0.16867182,-0.09460829,0.15710932,0.040288523,0.11420953,-0.12073134,-0.039100915,-0.012361124,0.10168052,-0.05510202,0.003775999,0.0012795329,-0.13794222,-0.10797612,0.07003941,-0.00065246224,0.06307243,-0.1502963,-0.017613932,-0.061308995,-0.125559,-0.012893841,-7.854402e-05,0.08920205,0.10373172,0.008171603,0.12576896,0.1255072,0.09734857,0.07484324,-0.16966788,-0.073163725,0.011801496,-0.14493039,-0.08591613,0.054694474,-0.06861476,0.1354062,-0.05319179,-0.009338483,-0.0976354,-0.13418497,-0.008941263,0.07568815,-0.17027575,-0.011578754,-0.0058615804,-0.04590337,-0.115328014,-0.104529366,0.09850547,0.13862312,-0.08433914,0.02583769
-0.017185077,-0.05597245,0.10624981,-0.08729271,0.13941324,-0.09466986,-0.072754405,-0.06393026,0.15553528,-0.16351306,0.041668043,0.16882744,0.08283985,-0.16409083,-0.0045325756,0.012066081,0.14958784,0.10841942,-0.004196629,0.099739075,-0.1124873,0.16805282,0.13227618,-0.08893271,-0.07441047,-0.011760324,-0.056750983,-0.0757688,-0.019399881,0.050145715,0.07853484,0.017597824,-0.06574903,0.15282261,0.02660203,0.16516778,0.07147768,-0.11431855,-0.120620504,-0.0894788,-0.05056929,0.03238812,0.018839628,0.021983638,0.16871276,-0.012621835,0.16112906,0.093532056,0.09986681,0.049953207,0.0052056015,0.065815836,0.064274326,-0.06445541,0.023149028,-0.048981562,-0.083115436,-0.14582224,-0.10594241,0.03408569,-0.1484373,0.05627981,0.03905867,-0.03652875,-0.057442144,-0.15870662,-0.16097629,0.03893818,-0.110371254,0.10081807,-0.11956685,0.1183106,0.10456592,0.12782168,0.10748127,-0.037602097,0.07176666,-0.044017494,-0.032090753,-0.009975538,-0.05279415,-0.017321527,0.10782763,0.095170915,0.092027575,-0.006616339,0.0062857717,0.043441713,-0.06336716,0.0005389452,0.14331537,-0.10748743,-0.14291967,0.17278919,0.11747962,-0.023143917,0.085499495,-0.12248238,-0.038123667,0.16446087,0.07249132,-0.0018786937,-0.1463876,-0.0018937141,-0.08187493,0.10876644,-0.04927563,-0.0026760995,-0.13511862,-0.13813785,-0.089141004,0.15488246,0.02145043,-0.0300214,-0.13684246,0.052716017,-0.05187484,-0.14927618,0.11517027,0.075369015,-0.11467389,0.0777978,-0.040055826,0.05005479,-0.047647476,0.0014026016,-0.07652091,0.04681368,-0.060087815,-0.020024344,0.11256838,-0.047081932,-0.009812877,-0.06766662,-0.09869872,-0.07555295,-0.0577543,-0.14497411,0.13507208,0.014642164,-0.022973195,0.1509808,-0.16514403,0.113491446,0.045467243,0.07397951,0.080884665,0.0730851,-0.017542213,0.09955177,-0.045143902,-0.113291696,0.064978585,-0.12878379,-0.11864832,0.13872144,-0.011361003,0.14468485,0.11142537,-0.12232244
0.06271419,-0.124624744,-0.09991999,0.055489376,0.15742508,0.006444469,-0.12609667,0.078475535,-0.1712715,-0.018994391,0.07858312,-0.12020585,-0.05912084,-0.07626558,-0.1296807,-0.08124133,-0.06842311,0.09124228,0.042662397,0.08779305,0.05860816,0.12748659,-0.08934851,0.14319825,-0.050298594,0.15758365,-0.14165054,-0.14010693,0.13160357,-0.14237863,0.16327298,0.15527958,0.1436871,-0.13222787,0.12272829,0.13456675,0.08861396,0.07742053,-0.02967365,-0.09746548,0.13101181,0.02588278,-0.05601275,-0.025819182,-0.0022198707,-0.124058336,0.17062849,0.008764356,0.022761524,-0.14197372,0.08844015,-0.002461657,0.15813655,0.08690053,-0.02356954,0.11430237,0.08917934,0.028369829,0.14545006,0.07429092,-0.0030126572,-0.07853624,-0.11842987,-0.15312919,-0.09624611,0.08784151,-0.08511281,0.1361213,-0.009420857,0.15919039,-0.057194002,-0.12340203,0.10679096,0.107115686,0.16882727,0.11153379,-0.10059805,0.081976175,0.06574787,-0.04755266,0.08542037,0.0034558028,0.06393632,-0.02488567,0.08071807,0.046034113,-0.04905057,0.09111908,-0.012896642,0.026543677,-0.15651818,0.023723498,0.09017086,-0.08943767,-0.12354681,-0.049432054,0.13104695,0.10205239,-0.16930692,0.10015887,0.031679288,0.08800274,0.11861473,0.03763303,-0.103046164,0.029316783,0.003891006,0.035889924,0.10439193,0.14635298,0.12125975,0.013120681,-0.095735826,-0.068970725,-0.036337525,-0.021898031,-0.074987285,0.15953314,0.09159687,0.0955441,0.17176229,0.13095078,-0.12192539,0.0038222075,0.10150319,0.0010543466,0.16546077,0.14950174,0.11982745,0.030163288,-0.16910565,0.03032212,-0.13039792,0.02507852,-0.00061269104,-0.16132413,0.11815885,0.12118593,0.14866942,0.036584586,-0.012978494,-0.13254589,-0.10258386,0.1507605,-0.07288837,0.048690513,-0.11991691,0.05147122,-0.0075488687,0.09279257,-0.07366587,-0.052883312,-0.16630013,-0.16649418,-0.019324958,-0.14417955,-0.028066322,0.033569902,0.015061602,0.014537841
-0.13766192,0.120969415,0.14798567,-0.026447996,-0.10844041,0.12835899,0.06896007,-0.13713925,-0.010546908,-0.0045042485,0.12265086,-0.071916975,-0.1297049,0.061134115,0.13903737,0.17148381,0.1026625,0.05986218,0.01593928,-0.051602125,-0.16395059,0.12270227,0.06925739,-0.11015156,-0.152544,-0.12259871,-0.15290199,-0.016211346,0.09812567,-0.10034132,-0.10323996,-0.1685502,0.010402992,0.16654885,0.03131494,0.090878755,-0.13780285,-0.14658286,-0.14700684,0.060569897,-0.02148132,-0.10575885,0.023415223,0.05427207,0.030384555,-0.12729238,-0.008443728,0.14777517,0.074069574,0.11578187,0.07487711,0.12996447,-0.01716724,-0.12604178,0.13232267,0.040019825,0.1168527,-0.06260505,-0.030827194,-0.16507602,0.056336045,-0.17153224,0.1504837,0.08645958,0.112148434,-0.04966463,-0.12052548,0.044153735,-0.04144323,-0.061264686,-0.062393457,-0.11910488,0.17287001,0.015925989,0.14529568,0.077011585,-0.15583797,0.17013663,0.05903767,0.036750183,0.15177488,-0.026312217,-0.03351052,0.071371466,0.050682068,-0.0030241013,-0.1178711,0.15883812,-0.03914225,0.11427012,-0.12554741,0.049220085,-0.06452908,0.14298847,0.04464811,0.10467315,0.003805697,-0.08495903,0.16471708,-0.12371984,-0.013028055,-0.053077564,0.1337708,0.024794742,0.06749165,0.15807754,-0.0022717416,0.0640517,-0.162817,0.114712805,0.07977232,0.016385898,-0.15654011,0.030310348,0.04610324,-0.059390992,0.1022971,0.05914694,0.1665707,0.17177701,0.07741666,-0.12577584,-0.07067758,0.06278576,0.16794026,-0.13689093,0.060424,0.14514631,0.023703426,0.07319717,0.029827729,0.11551455,0.1146228,0.15267,-0.11014681,0.05914904,0.14954263,0.040641844,-0.15434687,-0.01716204,0.1625717,0.047030807,-0.05757714,0.007566124,-0.024760291,-0.018929854,-0.16875641,-0.16772643,0.1359778,-0.14128344,0.027542233,-0.10683889,-0.11346501,-0.0058152825,0.09046543,-0.093421176,0.07750869,0.16385055,-0.05017186,0.13782081
-0.1416816,0.16005516,-0.1633065,0.06778377,-0.041788206,0.15513265,-0.07127727,0.046362862,0.11553407,-0.006748557,0.015504286,0.13694692,-0.099553205,-0.0652527,-0.08605344,0.060783967,-0.005887598,0.09557134,-0.06142041,-0.11503065,0.12662831,0.023436412,-0.09341887,-0.024141729,0.0932616,0.080951124,0.05406472,0.06037672,-0.06373505,0.01972416,-0.07576781,0.1449725,0.048703358,0.15141532,-0.015953615,-0.040550843,-0.06974505,-0.0332198,0.14754546,0.17127556,-0.050284803,0.14129826,0.09395146,0.09492391,-0.12755653,0.06526938,-0.06908569,-0.0073060542,-0.111581534,0.119770646,-0.0635515,-0.053434975,-0.114375085,-0.10052306,0.0016093254,0.06064108,0.046959832,-0.12123477,0.13331729,-0.0546659,-0.11303727,0.031366304,0.10133365,-0.08708743,-0.102562636,0.111007124,-0.11823194,-0.04945881,0.05744028,-0.14709224,0.07642192,-0.04384108,-0.09009687,0.08914393,0.026300535,0.0028731227,-0.13170631,-0.17133918,-0.17277895,-0.16593297,0.057954,-0.0558206,0.013989329,0.15184379,0.11525339,-0.07259839,0.09264627,0.16819227,-0.14948857,-0.09448185,-0.074541666,-0.03977233,0.008987844,0.1506337,-0.096445814,0.10101992,-0.14650007,0.00032813847,-0.1500046,-0.17029351,-0.060878947,-0.035108775,-0.08629976,-0.007054314,0.11817768,0.14917529,-0.056200437,0.1510224,-0.14443745,-0.13703968,0.1506505,0.060935393,-0.10897906,-0.10576236,-0.103905395,0.16548583,-0.090844974,-0.099158585,0.041254997,-0.034991667,0.15838903,-0.11216755,0.08002493,0.080733985,0.06199521,0.09698409,-0.12158479,-0.06687176,-0.010064036,-0.04496163,-0.13686074,0.12792656,0.073754,0.1344567,0.14622805,0.11288196,-0.00040253997,0.026149094,0.030856222,-0.108897544,-0.17120193,0.053239226,-0.00735949,-0.1305862,0.0049043596,-0.16534224,-0.0808086,0.13060376,0.01668112,0.15564743,0.031779006,0.021836013,0.11276993,-0.01722753,0.0048280805,0.0076708943,-0.0603692,-0.07665355,-0.043754935,-0.07807068
-0.07237825,0.01721622,-0.01773575,0.06681961,-0.14712441,0.05595973,0.16308922,-0.028527915,0.10156888,0.12595585,0.16895947,-0.11275247,-0.07378927,-0.0898571,0.11202806,0.122988194,-0.104640245,0.016726255,0.16356155,-0.10337054,-0.17210881,0.17117691,0.007582307,-0.1264231,-0.07116309,0.040059417,-0.12261647,0.11872727,-0.10899137,0.0939849,0.050619587,0.16092733,-0.12776747,0.10239643,0.1547569,-0.012670934,-0.039625898,-0.16025016,0.1524975,-0.03102991,0.09235296,0.040060624,-0.061101526,-0.014458403,0.097218364,0.06722793,0.019717768,0.123877466,0.05864367,-0.07878451,0.051496327,-0.15239559,-0.068269156,-0.044586673,-0.14546624,-0.072116144,0.16446793,-0.10771592,-0.1139217,0.10640815,0.050560698,-0.078992106,0.11935407,0.12864894,0.049880728,-0.13077869,-0.11338313,0.12395418,0.08504921,0.13210592,0.010709852,0.16530645,0.049171105,0.06455146,0.16955754,0.069352165,0.12755188,0.16160375,-0.085263334,-0.073069364,0.017563105,0.07072607,0.046655938,0.09839755,-0.023261517,0.16763896,0.14827803,-0.15894908,0.16204724,-0.17158309,-0.03627938,0.097762346,-0.11753124,0.14632764,-0.16758664,-0.13854861,-0.09740378,-0.091452055,0.0068926066,0.06518188,0.020461127,0.14441961,-0.030934274,-0.069411464,0.062157407,-0.07300094,0.09532854,0.06307821,-0.04349202,0.05629088,0.012126774,0.025124267,0.07423398,-0.058929026,-0.17117211,0.07373975,-0.17171812,-0.021521792,-0.060350284,-0.12643434,0.06918575,0.1641607,-0.0029263943,0.08638129,-0.064831115,-0.15941294,0.13578811,0.08800894,-0.11228521,0.13909066,-0.023022294,-0.055601574,-0.09516421,-0.0874939,-0.093311414,-0.14002037,-0.16342242,-0.16064408,0.04088685,-0.0037240088,0.065454885,0.13055974,0.14929634,-0.113662615,0.12243858,0.112473875,0.10444322,0.118107855,-0.052816242,-0.1391441,-0.034618184,-0.09171688,0.16906503,0.09854844,0.07222624,-0.15818259,0.05707127,0.030916974,-0.043446004,0.06943546
-0.07016804,-0.012662381,-0.061960593,0.14844,0.005109921,-0.104854815,0.14108157,0.12548348,-0.029045343,-0.08670512,0.03201799,0.08597657,0.0717601,-0.12775414,-0.09398461,-0.112123206,-0.04695049,-0.10586598,0.06437051,0.15542558,0.08060312,0.11201084,0.14093456,0.12838861,-0.13090535,0.04591377,0.14337996,-0.057434916,-0.16212538,0.041437358,-0.16779357,-0.12713116,0.015576586,-0.16571885,0.15860689,-0.09684654,-0.14247274,-0.07109594,0.14756814,0.031602472,-0.09594519,-0.08807955,-0.044008777,-0.08355255,-0.09430155,-0.04647948,0.15683582,-0.0918591,-0.16711584,0.082607,0.14878717,0.00022754073,0.03871411,0.12488741,0.13664696,0.12421745,0.17141023,0.11985642,-0.0017974228,0.01571159,0.015936032,-0.11021524,-0.13389966,0.007144302,-0.1534273,-0.030398056,-0.034586474,0.048046514,-0.03424719,0.034778327,0.15249619,0.15093246,-0.12794042,-0.011333257,0.1096257,-0.13593957,-0.03934881,-0.024102092,-0.17206892,0.11318073,-0.12986466,0.032259315,-0.028801158,0.07556009,-0.15236036,-0.13250612,0.05706334,-0.15118213,8.584559e-05,0.075786635,0.09561932,-0.03295155,0.1477521,-0.032273486,-0.108730175,0.024361879,-0.12992764,-0.14118205,0.120539516,0.08351663,0.06572503,0.086096376,0.05252251,-0.080838166,0.1086179,0.07786465,-0.13337645,0.16685319,0.09560278,-0.14819309,0.14434496,-0.01510182,0.016693547,-0.027470306,0.036340654,0.11495668,0.07791498,0.07227588,0.039378256,-0.13076061,-0.11715698,0.065965295,-0.17244661,-0.054538965,0.029593915,0.07607913,0.07113828,0.12763593,0.12060961,0.08535749,0.14099666,0.1720925,0.06413008,-0.160722,0.10695559,-0.16819578,0.163555,-0.08333823,0.1505942,0.15618104,-0.008237511,0.09413943,0.07529749,0.10433149,-0.034527168,0.055571094,0.039413363,-0.16281027,0.15326229,-0.08851542,0.053136036,0.069575414,-0.14937443,-0.11763382,0.0006992072,0.1240212,0.09921458,0.08897385,0.107962936,0.118242055
-0.09527575,0.099918306,0.13179523,-0.13411272,0.11546758,0.11370677,0.022697642,-0.15297599,0.06266765,-0.14031452,-0.04324846,-0.13354582,0.020430118,0.14182961,-0.04075983,-0.07674911,0.13194582,0.143505,-0.07855879,0.1269049,-0.1389732,-0.13606448,-0.00423111,-0.15372877,-0.16011421,0.09735212,-0.026216283,0.14129633,0.036610603,-0.17148434,-0.026757091,-0.08164661,-0.02844879,0.064869106,0.054553583,0.09957227,0.16503084,0.1303809,-0.07427626,-0.028119221,-0.1030244,-0.1445553,0.10316333,0.005215019,-0.16313893,0.14383894,0.004359171,-0.04703626,0.12841234,0.0821462,-0.16442083,0.034579664,-0.11449695,-0.057701483,0.15575635,-0.12028803,0.13592839,0.042188898,-0.043143317,0.10727432,-0.10578235,0.09114683,0.15240562,-0.06384288,0.13144511,-0.14384878,0.12420979,0.057097495,-0.022098437,-0.07441113,0.14114141,0.0683755,-0.04263799,0.13434246,0.023766324,0.16391742,0.14169532,-0.024836943,0.122344136,-0.0420807,0.032478392,0.0042560548,-0.010653123,-0.08845261,0.102045774,-0.09343774,0.07973927,-0.16405173,0.12249032,-0.115460195,-0.031016529,-0.12589383,0.057058513,0.15869391,0.13362291,0.073662564,0.00012908876,0.09358856,0.04282476,-0.012089118,-0.07963078,-0.02687651,0.08513433,-0.11049551,-0.078021824,0.05664511,0.039019316,-0.10423126,-0.14807688,-0.05529719,-0.15436116,-0.07595128,-0.04597704,0.0954459,-0.14563216,-0.11159305,0.042445183,-0.01181446,-0.06281685,0.044334188,0.03559895,0.10923147,0.08878711,-0.06558195,0.104189396,-0.07968751,-0.085375406,-0.11711494,0.04981102,0.04680501,-0.098041296,0.002895549,-0.085366614,-0.12820533,0.051183835,0.14045885,0.037602976,0.1107167,-0.07544348,-0.07710045,-0.027598485,0.04773803,0.050296783,-0.16283351,-0.10705883,0.004377052,-0.13415891,-0.09463311,0.12552539,0.006513804,-0.12133173,-0.08399784,-0.1710818,0.041081518,0.019523308,0.08342308,-0.07480195,0.13216746,-0.08547051,0.016797572
0.05323507,-0.013378769,0.11706221,0.06970996,0.15842083,0.025727019,-0.12497716,-0.07237783,-0.064840406,-0.1326829,-0.16591394,0.055190355,0.028101206,-0.07888234,-0.025657803,-0.06957797,0.017567813,0.07032955,-0.008954018,-0.15136006,0.07583991,-0.021963328,0.13019869,0.034309387,-0.0795396,-0.054527976,-0.15655254,0.06724553,-0.058979116,-0.015954033,-0.14572577,0.09622872,-0.09251892,-0.1537846,0.011007547,-0.043880194,0.14644134,0.049071714,0.14827392,0.014193773,0.16234359,0.10046658,-0.02553913,0.15689322,-0.05288793,0.148114,-0.09137285,0.0816876,-0.04617229,0.11413598,0.1668759,-0.033451095,0.014554203,0.097034276,-0.094821915,-0.020362094,0.118039906,0.14016673,-0.032593638,-0.102918565,0.1355972,-0.07548563,0.006855637,-0.0012495965,-0.1433842,-0.12498686,-0.08611521,0.030103654,0.06697045,-0.06980873,-0.12614651,0.11817986,0.076418534,-0.049254484,-0.023869634,-0.14217739,0.012164861,0.06418583,0.004782498,0.100482464,-0.07495656,-0.14936529,-0.13772625,-0.074585065,0.07193874,-0.024050012,0.020996317,0.04596874,-0.12131715,0.09361935,0.030816376,-0.12440005,-0.12570156,0.028407708,0.13848343,0.050478965,0.07465936,0.16654176,0.05741118,-0.13240263,0.030236721,0.08694282,-0.068929926,-0.15751964,-0.058262065,0.04794067,0.1487239,0.007074058,-0.09585781,-0.09278754,0.08092666,0.0102895945,0.16646352,-0.054907277,0.13404483,-0.035754547,0.089848876,-0.1432618,-0.10292914,-0.06662466,0.07231407,-0.14259389,0.03376949,0.118890226,0.05956477,0.12918213,0.041236952,0.048671648,0.16070232,-0.00672701,0.15024492,0.05032316,-0.051320367,-0.033532858,0.09801838,0.16214153,0.119713604,-0.14029998,0.10726407,-0.046221465,-0.10957169,0.14431468,-0.0015875548,-0.10846027,0.103468865,0.04250799,-0.013496712,0.15139863,-0.0169141,-0.059120797,-0.10997506,-0.019834265,-0.044422433,0.09279123,0.12586063,-0.044465914,-0.017768338,0.062230542,-0.12215854,-0.104821496
0.15665528,-0.0697436,-0.16312398,0.02140741,-0.09703138,-0.0026290268,0.09359738,-0.1234415,0.11850217,0.14959514,0.15745163,-0.04748833,-0.13926917,-0.1272175,-0.15043794,0.058815345,0.085874915,-0.07959175,-0.0045752674,-0.08984121,-0.0066656023,0.0051404834,-0.11370638,-0.09375067,0.14447677,-0.025296763,0.053393885,-0.03139724,-0.09296569,0.07558033,0.050451383,0.06866518,-0.14144811,0.0669224,-0.014264643,-0.107045695,-0.05260279,0.082408905,0.09730694,-0.12180935,0.011124417,0.0962351,0.014039665,0.16459659,-0.14142668,0.017383501,0.092748135,-0.14050765,0.01509285,-0.01761505,-0.11249681,-0.12411511,0.09271842,0.16374606,0.079244256,-0.11696537,0.10310444,-0.16272879,-0.111452155,0.04841648,-0.053075127,0.022075146,0.16989163,0.07613161,0.16195971,-0.17187057,-0.16616778,0.036523312,-0.02553536,0.15489563,-0.08821301,-0.1483866,-0.012347996,0.16375002,-0.17208226,-0.07584916,0.16185531,0.099485606,0.12223977,-0.04492286,-0.06446842,-0.17302407,-0.07603367,-0.0074484795,-0.10224599,0.054145455,-0.090888,-0.17100573,-0.14542238,-0.12684007,0.15196869,-0.08535323,0.07657005,0.056309864,-0.057715483,-0.15495037,-0.06735901,-0.03281267,0.11046222,0.050128877,-0.0740028,0.0015645623,-0.0040886104,0.08936334,-0.10523622,-0.13369125,0.09715676,-0.10249673,0.06725527,-0.025581747,0.036440015,0.11547503,0.07735708,0.06256899,-0.11501503,0.08509618,-0.012919739,0.120135576,-0.03582318,-0.019382,0.17007098,-0.1300523,-0.13663453,0.102936596,0.010143489,0.044356152,0.17241448,0.1377917,-0.02315548,-0.17077543,-0.074341714,0.04588288,-0.042159542,0.14713246,0.07861492,-0.11899763,-0.1168488,-0.00262779,-0.082045145,0.15497363,0.14784768,-0.10080841,0.002396822,0.02934751,0.04309091,-0.10201126,0.11818907,-0.03906904,-0.10231953,-0.01743719,0.05122216,0.024581239,0.09670663,0.09152192,0.09137273,0.096030205,-0.118309654,-0.17093574,0.005347818,-0.11355619
0.018312275,0.052049756,-0.047040522,-0.08219864,-0.053178445,-0.011134744,-0.0083268285,-0.15050149,-0.033777744,-0.0048232526,-0.13216585,-0.08109201,-0.002109453,0.056413487,0.10206908,-0.035555303,0.1277161,0.15946928,0.16289547,-0.031748116,0.10533166,-0.08071172,-0.057050332,-0.063523665,0.11135101,0.040566117,0.10023099,0.10841799,0.11093238,0.008469462,0.09912285,0.098223746,0.11432594,-0.080421746,-0.12603316,-0.14316715,0.10786837,0.13985404,0.071069136,0.09107518,0.14667052,-0.11545396,0.060902447,0.015786782,0.07197496,-0.056773,-0.13682425,0.11933932,0.16692477,-0.14093816,-0.04731092,-0.07035242,0.019656807,-0.08977179,-0.08571841,-0.1585905,-0.09528194,-0.03222789,0.1289933,0.045851216,-0.15925102,0.03847459,-0.1413929,0.15037513,-0.055101737,-0.08480917,0.022869512,0.051378265,0.12809286,0.15468982,-0.1617289,0.15792564,0.025649637,-0.14242446,0.124578655,-0.022685245,0.1330024,-0.00442037,-0.07123718,-0.15767589,-0.006222084,0.13658944,-0.059720285,-0.050031334,0.037372753,0.10535568,0.14700815,-0.11677207,-0.03828509,0.053486556,0.0033280253,0.14570227,0.1286282,-0.16496882,0.12126669,-0.10355261,-0.122681715,0.13983363,-0.025231272,-0.042362213,0.13371521,0.03712085,-0.10234633,0.10196844,-0.06257664,0.08167118,0.13621414,0.017151266,0.044172347,-0.13073727,0.08069864,-0.13101825,-0.056331962,-0.022313997,0.038184613,-0.10229893,0.10290766,0.0130637735,-0.031028435,-0.036554724,0.078968644,-0.10267455,0.088814616,-0.16746643,0.15894163,0.013401315,-0.11647011,0.14248925,0.011579454,-0.0042229444,0.11418405,-0.020031646,-0.016771972,-0.16919965,-0.0037545264,0.10344678,0.046590567,0.002530411,0.046831816,-0.118627995,-0.0304652,-0.009694159,0.12134358,-0.14619559,0.07390216,0.13052201,-0.114262134,-0.045517877,0.1568942,0.10237214,-0.028610468,0.064340204,0.08965665,-0.11692457,0.15141824,-0.10356711,-0.06906306,0.04053618,-0.07945787,-0.02119635
-0.12728842,0.13511202,0.1300551,-0.027091786,0.11935893,0.08788541,-0.048329554,0.11152759,-0.12597506,0.11714584,0.09220362,-0.011647597,-0.015314981,-0.17274892,-0.09723897,-0.06251482,0.0863584,0.1383385,-0.06905096,-0.13475816,-0.112748004,0.057803318,-0.034667984,0.14585924,-0.15286115,0.14268672,-0.048572615,-0.13390636,0.10182515,-0.0006376356,0.06681779,0.1118699,-0.0036472827,0.033481494,-0.14779615,-0.069126196,-0.07012968,0.13337588,0.15876225,0.160166,0.022817388,-0.100377455,-0.026981816,-0.16627647,-0.08815504,-0.07016416,5.108118e-05,0.08880556,-0.07021755,-0.048383273,0.005442798,0.14545918,0.062033772,0.10998762,-0.045718938,-0.026508361,0.1484505,0.0816443,0.12028423,0.016978726,-0.13869905,0.13730836,0.10139653,-0.046070457,0.050913155,-0.13855782,-0.017505035,-0.008749276,-0.04746087,0.06132044,0.08168325,-0.085407786,0.15567476,-0.17012283,0.03481996,-0.048368536,0.167662,0.13497797,-0.050226286,-0.077627294,-0.15027198,0.080168575,0.17307541,0.086368054,-0.14522958,-0.009010881,0.06542486,0.10762963,0.16072556,0.04831019,-0.024952069,-0.1655346,0.1072948,0.07713932,-0.05019085,-0.14220886,-0.005451232,-0.16438262,0.055517077,-0.15475652,-0.101508826,0.024915189,-0.15830217,-0.06378036,0.044615373,0.15143728,-0.08335883,0.01233995,-0.13545811,0.032229006,0.052302986,0.00078068674,-0.07397249,-0.07252769,0.16031486,0.14422527,0.009459645,0.14318508,0.056680575,0.002992794,-0.059222266,0.097981215,0.07296781,-0.040796295,-0.1097825,0.1418204,0.12620413,-0.059705295,0.043954596,-0.16675735,-0.08402324,-0.07438128,-0.059052043,-0.023805678,0.11261919,-0.07072887,0.02433689,-0.02335696,-0.11736746,-0.076593176,0.035286546,0.06798971,-0.045154154,-0.036709383,0.13746172,-0.047695503,-0.0071499497,-0.08218378,0.11288133,0.13682285,-0.05912695,-0.02483438,-0.052554063,-0.1458487,0.12571478,0.1686841,0.080545336,0.12447041,-0.06448254,-0.10810724
0.06849736,0.012352094,-0.1494661,-0.014968678,0.07258551,-0.06856462,0.073333606,0.14821813,0.12355173,-0.11413978,-0.14433333,0.08800915,-0.025754556,-0.15607715,-0.012800261,-0.017870292,0.00075133145,0.040569797,0.05852355,0.02525559,-0.17104132,0.1333395,0.13141096,-0.122427255,-0.019339994,-0.09889401,0.15015599,-0.118993424,0.090420365,0.0052378178,0.14264914,0.046996742,-0.14836282,0.074761316,-0.058144286,-0.04052846,-0.10294202,-0.1022139,-0.07319527,0.13487443,0.06256752,0.04953921,-0.005181536,-0.15554303,0.07822621,0.03436467,0.10813305,0.068592414,0.10581976,0.03646587,0.026979014,-0.17284122,0.02029252,-0.047396034,-0.12831786,-0.10289375,-0.09851037,-0.057653084,-0.03181085,0.023089409,-0.007325664,-0.085446104,-0.13291246,-0.09630388,0.09609699,0.12384945,0.04467678,0.09414154,0.12758026,0.16925317,0.026559621,0.06358421,0.1534855,0.1476776,0.08584848,0.16708043,0.07303476,0.08928895,0.0451594,0.045677647,-0.113618016,-0.046896353,-0.09664787,0.09321156,0.15962511,0.03195885,-0.12560195,0.15160123,0.05615051,-0.06192211,0.016095877,-0.17312331,0.12756452,0.03076595,-0.14643899,0.021805912,-0.1451694,-0.15306288,0.025627121,-0.13288091,-0.16381729,-0.07931974,0.06700358,0.019118741,0.098235995,0.13045675,-0.05886791,-0.012688771,0.06104842,0.015895307,-0.17193557,0.09443241,-0.059000425,-0.025607258,-0.08208401,0.1460203,0.1344822,0.12778097,-0.0064223707,-0.014891878,-0.13019498,-0.0070612878,-0.039930373,0.13500205,0.030774385,-0.14498007,0.012433976,-0.15413672,0.080347866,0.10327387,0.058554932,0.13260192,0.13634896,0.010982081,0.026152477,-0.019794166,0.044359177,0.13875869,0.05923952,-0.012380376,0.054213107,0.0077944547,0.043673545,0.006607294,-0.13126011,0.09527227,0.047160685,-0.08314265,-0.13867716,-0.03229867,-0.06244024,-0.019687831,-0.14017023,-0.13554512,0.020837069,0.079066485,-0.07957499,-0.11434485,0.025028095,0.058933362
0.1646671,0.038431764,0.059174687,0.036941335,0.13995352,0.011477366,0.09718749,-0.033925205,-0.025580868,-0.052734934,0.05221148,-0.12569672,-0.16088912,0.004529685,-0.12263125,-0.10652885,0.025646985,0.08092067,0.11928207,0.045799136,-0.13642545,-0.048886828,0.021562845,-0.08854742,0.062232986,-0.1317574,0.006783828,0.1116969,-0.115618065,-0.05183536,-0.04155761,-0.022253707,0.055802226,0.05800727,0.10687345,0.0009139478,-0.043886006,0.046589658,0.017722502,-0.10840968,-0.046848744,0.0860647,0.064705744,-0.14716128,-0.01744607,0.15055394,-0.1303961,0.14371932,-0.12730803,0.017161176,-0.1564937,0.08259979,-0.07462008,0.10141879,-0.07258996,0.11525801,0.077717274,0.0315796,0.071046844,0.16928744,0.010088608,-0.020387739,-0.11440621,-0.07013769,0.14740464,-0.13323836,-0.09323531,0.06528264,-0.0034623593,-0.16910577,-0.026513398,0.092007875,-0.05482076,-0.06712804,-0.110964835,0.123176664,-0.058636196,0.038855046,-0.1478529,-0.06654582,0.14078715,-0.101934455,0.11702451,-0.060117625,0.16458762,-0.15908869,0.11486918,0.13442084,0.108858675,0.14823228,-0.057842337,-0.0695596,0.05153209,0.02825974,0.016727775,0.07480149,-0.04826583,0.14170894,-0.07280437,0.00041216612,-0.027460754,0.08354086,-0.09462576,0.058707193,0.0036868453,0.03037393,-0.10048421,0.033875078,-0.0096773505,-0.06496537,-0.12234685,0.14609173,-0.119759575,-0.15091997,0.036762938,0.089053094,-0.0042261183,0.1705938,0.118310064,-0.07687654,0.12545648,-0.049905173,-0.08936561,0.018169522,-0.06855946,0.14990193,0.13938224,-0.05470749,-0.110596105,-0.08364257,-0.077157065,-0.11221005,0.15787199,0.09980196,-0.018591106,0.01728782,0.06734799,-0.07657914,-0.05732181,0.1475021,0.15610358,-0.012528673,0.16892973,0.13564691,-0.017844647,-0.06559012,-0.058275647,0.04058528,0.049902692,0.00330168,-0.10493076,-0.16191949,0.027673066,-0.02274859,-0.04475771,0.043075427,0.07255611,0.13605288,-0.106250644,-0.13959764
-0.16509975,0.054791644,0.08275366,0.091475874,-0.056022577,0.11324969,-0.15348421,-0.15931231,-0.13687058,-0.043652445,-0.076833144,0.03917831,-0.14501724,0.11878714,-0.024499968,0.024585158,0.0043758154,0.16038162,0.13931644,0.086865544,-0.08418718,0.109921664,0.12526438,0.12919253,0.13230357,0.071009755,0.10833982,-0.015263364,-0.06405538,-0.11759272,0.15646487,-0.042545363,-0.06975286,0.14061445,-0.031234086,0.12662646,0.122407794,0.14277804,-0.10227902,0.11365113,-0.059364073,-0.07673994,0.13936648,0.08575827,0.028048187,0.16413072,-0.11334811,0.002336368,-0.14278795,0.0436358,-0.0034623593,0.054600775,0.08271685,-0.11229223,0.038454026,-0.005452305,0.04822433,0.17217481,0.103509426,0.05663614,0.0071549565,0.15676117,-0.13037276,0.14515969,0.08059639,-0.16947384,-0.15074687,-0.13612062,-0.16827372,-0.037347347,-0.0019168407,-0.06525072,-0.016847327,0.08313435,0.10621178,0.035124183,-0.08204172,-0.12270711,-0.06078905,0.05445884,0.109910846,-0.13011792,-0.047481015,-0.14000253,0.15565997,-0.056040213,-0.12129134,-0.017189994,-0.06918967,-0.13651577,-0.0735365,-0.108388826,0.108302474,0.13082764,0.02650474,-0.16125417,-0.08257493,0.1568842,0.17032576,-0.09709176,-0.14195675,-0.025007114,-0.0048066527,0.06933272,-0.017734274,-0.051295176,0.07402828,0.1722216,0.13466114,0.12287024,-0.08300031,-0.03925322,-0.07987273,-0.09897251,-0.07930962,-0.1471913,-0.10940015,-0.15495941,-0.1316748,0.07184443,0.054886505,-0.08052899,0.037587896,-0.00039862096,0.05089973,0.0042324364,0.090824604,-0.16248135,0.060330465,-0.11507124,0.07812962,0.002814725,-0.110583015,-0.09317716,0.024979576,-0.11776592,-0.03046991,-0.14255455,-0.026818082,-0.042878777,0.14233357,0.04075983,0.10944331,-0.08901084,0.16077816,-0.12122535,-0.10613278,0.10082328,0.105168045,0.1648288,-0.11963127,0.06602079,-0.010185197,0.0029809028,0.15455517,0.045326024,-0.17262109,-0.0025391728,-0.006710574,0.068855956
-0.15041886,0.024026603,0.111984074,-0.16975895,0.053911358,0.017490253,0.14681548,0.07388987,-0.10765786,-0.06510342,0.103274435,-0.048433654,-0.04190685,-0.026149422,0.13578361,-0.16579674,0.100435525,0.12544999,0.08974233,-0.030981809,0.01740779,0.028027087,-0.0017347336,-0.006161183,0.15810409,-0.041338295,-0.010273367,0.08506176,-0.011066854,-0.08648992,-0.14237066,0.024832651,-0.16131611,-0.1507501,0.0031133294,-0.08406784,0.1592597,-0.047000706,0.002899006,-0.026082486,0.06407063,-0.114552975,-0.16980131,0.026861563,-0.049333856,-0.13093743,0.11946267,0.11356205,-0.098565586,-0.11067275,-0.111179605,-0.08372694,0.15149388,-0.06212268,-0.1692264,0.0013366491,-0.038020715,-0.048501834,0.011041492,-0.05783602,-0.07705453,0.060963556,0.12548438,0.009309247,-0.15416493,0.08456737,-0.11949008,0.16422394,-0.14931265,-0.1292485,0.09747031,0.028416783,0.15531588,-0.12476304,0.023100719,-0.06603686,-0.07556802,-0.036861062,-0.16641936,0.15509775,-0.08979099,0.059642777,-0.021853566,0.06406753,-0.17119288,0.14566535,-0.16504686,0.014818072,0.16617954,-0.05405122,0.0045362115,-0.033937186,-0.14949128,-0.078063205,0.061469257,-0.12851855,-0.10758229,0.0009229034,0.058877945,-0.1582295,0.11836192,-0.0631174,-0.16387865,-0.13036755,-0.027812883,0.1512487,-0.09385362,-0.073283814,0.13510007,-0.016452461,-0.1349807,0.0056723207,-0.15226765,0.110324055,0.061111435,0.020901784,-0.1431354,0.07791966,0.08176753,-0.05927545,0.08400491,-0.15038595,0.053970948,-0.01228565,-0.061579235,0.15212366,0.10290742,0.07389134,-0.03872034,0.15899098,-0.025894389,-0.15082096,0.12554485,0.10821965,-0.15440118,-0.053751916,0.06718908,0.15629122,-0.16757822,0.13649648,-0.06667103,0.06457162,0.16394973,0.042902604,-0.10576595,0.042174816,0.14297283,-0.11820043,-0.060123205,-0.09475291,-0.067301854,-0.06264998,0.052693427,-0.072342694,-0.12045309,-0.09305827,-0.030718759,0.02043572,0.034184456,-0.16749133
-0.082000755,-0.16813257,0.032616735,0.16467705,-0.0157917,-0.16936156,0.055179656,-0.09721374,0.1234875,-0.032719836,0.03740959,-0.13775499,-0.084024884,0.14115,-0.1262811,0.12277338,-0.11753277,0.112814575,-0.037126467,0.16751865,0.16725987,-0.14241785,-0.071381584,0.063500255,-0.13951313,-0.057401307,-0.16358005,0.052849606,0.11558929,0.14214176,-0.01628922,0.110274404,-0.011010975,-0.078028806,-0.1266153,0.08464551,-0.15083367,0.019356385,0.0117568225,-0.043840915,-0.10057117,0.010092199,-0.024878323,-0.08891029,0.10803574,0.05524379,-0.028780103,0.1431509,0.16468921,0.14565334,-0.042061135,-0.048714712,-0.16990992,0.15675378,-0.16493611,0.0405225,0.020215914,0.1706425,-0.03388475,0.028187647,0.022356376,0.13835955,0.07521106,0.07412322,-0.16169438,0.14462182,0.0785341,-0.015048876,0.028103858,0.101983726,-0.1121408,0.0006709695,0.032545656,0.07232691,-0.12595871,-0.07401622,-0.16237593,0.14218867,-0.09869079,-0.08258917,-0.014727637,0.05517599,-0.048529215,-0.12133722,0.05108601,0.102603674,-0.06929155,0.09595451,-0.13731128,-0.016734302,-0.05640295,-0.17141826,0.16554323,-0.125299,-0.12796855,-0.14811541,-0.017874926,0.09700781,0.018457428,0.12447649,-0.14882904,-0.012519494,0.11723873,0.14982587,-0.0425611,-0.035905853,-0.021008953,-0.064559065,0.1231021,-0.12581867,-0.065788545,-0.087432906,-0.13514869,0.047812983,0.026775554,0.10839167,-0.11953534,0.121608436,0.058257356,-0.071163915,0.12859619,0.11524612,0.04610625,-0.08121862,-0.093363985,-0.027134076,0.103086084,-0.05599136,-0.100201786,-0.16895393,-0.109851465,0.13373622,-0.12688483,-0.103246905,0.16249692,-0.13092525,0.06089638,-0.02142623,0.10358441,0.013821289,-0.08461512,-0.09597348,-0.14081514,0.11017811,0.11576137,0.12534592,0.15483084,-0.14660892,-0.11481182,-0.13499552,0.08226389,-0.053846814,0.009413883,0.07727602,-0.1389156,-0.15200746,0.16954449,-0.04244472,-0.06376487,0.0057522357
0.049643815,0.12665564,-0.08299771,-0.0110780895,-0.12027168,-0.13641438,0.029432237,-0.012001038,-0.061948583,-0.04459934,0.08016506,-0.11214237,-0.013159737,0.11386946,0.036326617,-0.1708999,0.15756974,0.020001635,0.12461007,0.17207158,0.09389228,0.0694751,-0.09438427,-0.0074445903,-0.113977365,0.028050333,-0.010877475,0.0056895465,-0.029103488,0.11824581,0.039095342,0.12708405,-0.014940515,-0.16966343,0.054657355,-0.06495327,-0.11024951,-0.12808228,-0.13939549,-0.13778073,-0.06697153,-0.00768055,-0.15548915,0.11318281,-0.09437254,-0.17039448,-0.026006415,0.057774737,-0.03485696,0.15814415,-0.03218238,0.007997125,0.16231203,-0.1321359,-0.055861033,0.004682556,-0.086716965,-0.08395002,0.02870743,-0.0039494783,0.13655111,-0.17138387,0.14554527,0.041184515,0.08152756,0.06374368,0.032782942,-0.12896666,-0.10158485,-0.033983856,0.08383721,-0.07689938,-0.12596126,-0.11861764,0.16140041,-0.11104961,0.081162214,0.15897992,0.014798999,-0.16568668,-0.019022435,-0.030686632,0.13492182,-0.068080805,0.07178508,-0.1344802,-0.11782216,-0.044335887,0.136294,0.0033163875,0.086520374,0.16443995,0.043259844,-0.09534025,-0.050053135,-0.06997482,-0.13704935,0.15743402,0.079696685,-0.07370362,-0.04280378,-0.16175336,0.07572445,-0.13296817,-0.046148285,-0.09060959,-0.022948384,0.10962838,-0.030923337,-0.15607008,0.0563446,-0.071770914,-0.07175324,-0.1680091,0.113931,-0.0021365732,-0.14914474,-0.16076371,0.032302722,0.026193246,0.11541486,-0.083266206,-0.049627997,0.07487033,-0.13850439,0.064487204,-0.011765853,0.12316847,-0.084252544,0.06373356,-0.09243599,0.127862,0.15455359,-0.15760334,0.1609272,-0.12729914,0.13996229,-0.1686346,0.09185672,0.10239309,-0.07824949,-0.14209592,-0.110617,0.013755634,-0.11844444,-0.014011294,0.047368616,-0.058250584,-0.09196664,0.109292865,0.1507059,0.12873322,0.015360117,-0.072390184,0.066617176,-0.077031404,-0.10109715,0.009225696,-0.15975833,-0.11556724
-0.07307799,0.07483511,0.08167213,-0.021023154,0.10458988,-0.15363432,0.12458822,-0.0820703,-0.14987141,0.06587775,0.080732584,0.15986222,-0.028385282,0.020061672,0.10294077,0.061257705,-0.14224726,0.1297076,-0.14575303,0.14721543,-0.15835913,-0.03211102,0.08465782,-0.03439173,-0.17204043,-0.13585079,0.011027291,-0.053070292,-0.11433564,0.13736174,0.1379858,0.106083274,0.04643637,0.14659825,0.16958794,0.00089631975,-0.13551931,-0.12741068,-0.15439878,-0.10805318,0.06350331,0.16876867,0.024639502,-0.08088793,0.10609731,0.07289551,0.13225302,-0.108393416,-0.021035463,0.08246854,0.1021747,0.16309965,-0.052686125,0.09921515,0.16596392,-0.06400785,0.08555326,0.13016245,-0.17074512,-0.055376597,0.08536053,0.015267447,0.093342304,-0.013949305,-0.056237355,0.13845366,0.014886633,-0.14054297,-0.010082006,0.17226636,0.083699435,-0.028913364,0.109493345,-0.09024367,0.1326581,0.062154144,-0.08994287,-0.06412253,-0.12963903,-0.036633775,-0.0049838424,0.13680959,-0.15846393,-0.047420472,0.12479785,0.039047197,0.090390444,0.12775773,0.08523518,0.16264117,0.15285084,0.15890345,0.031358004,-0.09872263,0.10032773,0.16169766,0.047560424,0.018911228,0.013487041,0.009703323,0.06535688,-0.029120177,-0.028006524,0.043599218,-0.047571003,-0.023463294,-0.08237254,0.009678751,-0.041411385,0.0468221,0.06497061,-0.14872546,0.114646465,-0.08798903,0.02643457,-0.04565209,-0.009287313,0.11838931,0.06408392,0.059822947,-0.10447411,-0.08676409,0.049898982,-0.1301365,-0.17132412,-0.14996523,-0.060793176,-0.10713494,0.12882373,-0.00072307885,-0.023293242,0.114328176,-0.15144728,-0.067688376,0.08932072,0.06567176,0.06754641,0.16524199,-0.02071087,0.07273029,0.10903901,0.008771494,0.092244804,-0.15771219,-0.16535124,0.06639609,-0.13282913,0.14157623,0.1403291,-0.14773938,0.101549864,-0.10030841,0.14603558,0.06518319,0.10692921,0.0034336597,0.1407108,-0.10497131,0.02750428,0.14627612
0.024604484,0.03380789,0.09738785,0.1355511,-0.02764523,0.16596901,-0.12613544,-0.06368963,0.0615554,-0.10597016,-0.10393472,-0.08295979,0.048495725,0.10072082,0.031926513,0.030921727,-0.065928906,0.14887136,0.029582888,-0.05792158,0.13156125,0.17306897,-0.16380234,0.06864998,0.13083538,0.05430597,-0.15673415,0.03612712,-0.06410721,0.022570074,-0.09645478,-0.10834927,-0.14286397,0.045932814,-0.11588575,0.002490431,0.10808119,-0.0924649,-0.15723097,0.042994365,-0.14883569,-0.031682506,0.1290488,0.16666916,-0.044638574,-0.1384201,0.14313096,-0.051059835,0.050706014,0.0047495365,-0.14943211,-0.11721359,-0.13765728,0.064047664,0.15645385,0.16384652,0.14773792,-0.13713738,-0.113860294,0.09574023,0.032171145,0.071518764,0.096667856,0.06871647,-0.15843002,0.020334959,-0.012110174,0.15879309,-0.12284152,0.020437911,0.051203832,0.1166088,0.04986301,-0.007500544,-0.074468575,-0.16595173,0.15644228,-0.16776372,-0.11937776,0.16340995,-0.12626722,-0.14418545,-0.0982638,-0.028841391,-0.16823742,0.056453034,-0.11893681,0.023974866,0.0331873,0.024732828,-0.06853419,-0.109800056,-0.17246978,0.065816835,0.124174386,-0.12976229,-0.00927262,-0.05318047,-0.07561646,0.13249448,-0.053711772,-0.14663135,0.17164433,0.08586252,0.10417634,0.10378468,0.077364564,0.018756405,0.14413211,-0.10767653,-0.14905699,0.1572631,0.021691188,-0.104533,-0.008238122,-0.14953172,0.14884019,-0.14653347,-0.05233924,-0.16007206,0.12306321,-0.15010981,0.051007673,-0.016926616,0.019177824,0.15802732,-0.10899723,0.06342803,-0.17029417,0.019017652,-0.15619104,0.14866066,-0.09407699,0.08306849,-0.0021618456,-0.09547153,-0.0932624,0.09900203,0.08031392,-0.13857722,-0.15920712,0.17152128,0.037993208,-0.006846428,-0.035719573,-0.11063616,0.12391558,0.12528166,-0.16588102,0.063834324,0.069784075,-0.11054956,0.07024543,0.11286232,0.038827956,-0.13756505,0.109375715,-0.04396431,0.12132338,0.012620956
0.0033233613,-0.06130664,-0.09369179,0.0020039827,0.16307077,-0.020116016,-0.06579582,0.10883945,0.102942735,-0.030590534,-0.124747925,0.04067336,-0.038801983,0.04950799,-0.079680905,0.1388993,-0.08537388,0.07726517,-0.1289128,0.03392884,-0.1208252,0.0088086575,0.07849878,0.083800435,0.11328107,-0.089497834,-0.09894835,-0.06261855,-0.015655756,-0.13847879,-0.09268005,-0.066685975,0.14029446,0.10264292,-0.10178154,-0.017317638,0.09386313,-0.015107557,-0.16082264,0.14745465,0.15492031,-0.092394374,0.024359688,-0.025271371,-0.025235683,0.029129133,0.0063795894,0.07135433,-0.007778138,0.07673031,0.04290797,0.009629071,-0.110552415,-0.029143915,0.057809547,-0.13566603,0.10058287,0.14403361,-0.05759296,-0.172761,0.112547666,-0.07414102,0.046141848,0.15043572,-0.049576834,-0.025200337,0.11500305,-0.016308099,-0.07200609,0.065718845,-0.019282803,-0.032940775,-0.071188115,-0.049845174,0.030017346,0.14113659,-0.030979246,0.041772068,0.099526405,-0.1000632,-0.12436545,0.024252445,0.09778345,0.17166215,0.012524411,0.027970761,0.11125976,-0.16546795,0.14958349,-0.16549338,0.021521837,-0.029251158,0.08656192,-0.067936316,-0.16737637,-0.035192937,0.1310128,0.08300823,-0.1526457,-0.023893967,0.12562454,-0.08569181,0.004484296,0.16247186,0.066851825,0.10593924,0.11732501,-0.15489028,-0.13309771,-0.017529026,-0.15813361,0.12215945,-0.09196383,0.16609609,-0.1717073,-0.032343432,0.1523211,-0.09653703,-0.00055356324,-0.074728735,-0.12172271,0.11211178,0.050720006,-0.047617495,-0.03900437,0.09895009,0.018316656,0.028673768,0.1567913,-0.14700148,-0.07553044,0.037459925,0.086363435,-0.011982948,-0.13141546,0.103159904,0.115469575,-0.023996204,-0.1306819,-0.07133719,-0.16640589,-0.08619954,-0.049240112,-0.098919235,0.08533242,-0.17019969,0.06680131,-0.12565869,-0.13202961,-0.038860172,0.0055324584,0.07393937,-0.09687743,0.07526219,-0.01590006,-0.0615559,-0.14549692,-0.1199345,0.032493785,0.02066356
0.13818789,-0.11236635,0.044106737,0.040086716,-0.12127061,-0.16692266,-0.028018832,-0.15615276,0.15857998,0.09199411,0.048124105,0.15063971,0.14180842,-0.07524852,-0.11495821,-0.005326718,0.08864513,0.09435308,-0.04721953,-0.12326133,-0.10918137,0.030641407,0.1128315,-0.05991111,0.08324796,-0.048987016,-0.10978581,0.0073962808,-0.04705526,-0.12806514,-0.10732403,0.15043166,0.03210698,-0.14876041,0.11592299,0.003908932,-0.14725329,-0.10727642,-0.06246064,-0.0049302876,-0.033728898,-0.10830533,-0.06394996,-0.15648238,0.020268604,-0.012934849,-0.12783177,-0.011093736,-0.11592295,0.06467329,0.15799138,-0.020691097,0.0128582865,0.10100639,0.045915008,-0.13321409,0.05707994,-0.14222588,0.06959519,-0.15650657,0.091637194,0.11314654,0.008639023,-0.06386266,-0.15451941,-5.7682395e-05,-0.06265093,-0.0038777888,0.026277483,-0.13910708,0.040942848,-0.123832904,0.04430677,-0.070989236,0.035813898,0.039188758,0.031549245,-0.037214547,0.12475103,-0.047301263,0.020353913,0.11782029,0.12892395,-0.05489307,0.1634368,-0.14631522,0.16212505,0.051774412,-0.110935554,-0.0842957,-0.00218679,-0.081750296,-0.064087756,-0.03866987,-0.14087936,-0.08256989,-0.16005227,-0.0155184865,0.1526129,0.10012588,0.092144996,-0.06677918,-0.07826171,-0.16441017,0.057790726,-0.04199472,-0.030157134,-0.08825691,0.051659435,0.14005932,-0.09547566,0.052536264,-0.05229316,0.04784879,0.15900299,-0.12879367,-0.0053616166,0.11634627,0.004221782,0.15823397,-0.07954728,0.12945864,-0.01781863,-0.02463311,0.111410916,-0.09345277,0.08245674,0.14139485,0.031140417,-0.100562006,-0.12170182,-0.049854755,0.069868445,-0.04741329,0.0128867775,0.16736364,-0.17001845,-0.102064945,0.11115235,0.09379175,0.10345888,-0.11675926,-0.019388974,-0.14801866,-0.004559785,-0.16536278,0.05021365,-0.10449993,0.11843136,-0.00027304888,-0.07249412,0.0442912,0.07724854,0.15545684,0.15038604,0.05609554,-0.15735556,-0.017169148,-0.11796054,-0.13525717
0.16710699,0.09158078,0.023831025,0.10362765,0.15073118,-0.07304492,-0.009031951,-0.07600757,-0.051848613,0.15752026,-0.14243594,0.069066614,-0.03005357,-0.08466389,-0.061873503,-0.11154759,-0.07148028,-0.07907738,-0.05784428,0.13655591,-0.12416855,-0.12686369,-0.059041806,-0.04783413,-0.1518507,-0.14160901,0.0809274,0.039359212,-0.13626799,0.15347913,0.060372993,-0.11195967,0.06187536,-0.0024822205,-0.09184531,0.16320929,0.04500982,0.16781026,-0.14328472,-0.09757925,0.0929569,-0.029652923,0.077655256,-0.10302411,0.11386013,0.06248422,0.06577389,0.08906725,0.14397687,-0.053768188,0.14676312,0.03355062,0.1357167,-0.022748917,-0.15488108,-0.09552047,0.16364709,0.13177547,0.10083076,0.0014394671,0.12655568,0.0022214055,-0.110881165,-0.015354916,-0.033552274,0.110607594,-0.16402018,-0.026696384,0.13499972,-0.06306987,0.07361479,-0.1665738,-0.0609394,0.10024926,-0.01231885,-0.16166969,-0.12632094,-0.06875549,0.012681499,-0.087158665,-0.17072745,-0.052197434,0.07277137,-0.06484156,0.10033685,-0.15771438,0.034849897,0.11687118,-0.005550787,0.0631074,-0.08876811,0.09317297,-0.04066935,0.036366463,-0.075098865,-0.10495653,-0.07442224,-0.15298156,0.07491353,0.15826142,0.0026867986,0.16860828,0.15217593,0.10840568,-0.12014122,-0.04379925,-0.081056535,-0.09364847,-0.09907917,0.0660741,-0.14811029,-0.042582363,0.056955352,-0.10149945,0.0932844,-0.11058037,0.13389635,0.099374115,-0.12698977,-0.06361868,0.13881344,0.05557646,-0.119810164,0.04829231,0.15042526,0.029795304,-0.056089103,0.060948193,-0.042314187,-0.13115658,0.04377286,0.086028546,0.10121867,0.048219383,0.008044824,-0.06913363,-0.028675705,-0.029795349,0.09117186,-0.13202912,-0.100264184,0.007485479,-0.0068731904,0.0341558,0.004987031,0.111635,0.037608013,-0.067309126,-0.07147437,-0.15335843,0.029106662,-0.17186207,-0.09305538,0.11327878,0.0660945,-0.10591058,0.07947761,-0.09434995,-0.17089638,-0.0761794
0.03404823,-0.016545087,-0.0144242495,-0.1594715,0.096137375,-0.02719614,-0.1726821,0.11784339,0.08180168,0.10602555,0.15073323,0.17313528,-0.10137503,0.020736605,-0.16829416,-0.0014638007,0.017481089,0.055923924,0.1720444,0.0405778,-0.06554833,0.083196014,-0.05453921,-0.06399592,0.12521791,-0.07822901,0.08669439,0.04543136,-0.068401754,0.12731126,-0.056133993,-0.0911373,-0.048986025,-0.019104779,-0.15971039,-0.06341621,0.13089055,-0.16149406,-0.12353504,-0.061475873,-0.04114908,0.028307766,-0.062783696,-0.15393384,-0.073806405,0.024107456,-0.059953436,-0.09599243,0.14467162,0.06123297,0.054054067,0.14606524,0.08795652,-0.16622266,-0.09272622,0.10524592,-0.14232168,0.055851743,-0.03956458,-0.036452234,0.0043811053,-0.004644528,0.08508113,-0.025844663,-0.12193753,0.10891968,-0.030020162,-0.03962384,-0.13439558,0.058890954,-0.015012294,-0.029683143,-0.028550014,-0.05061025,0.17239144,0.137885,0.08226952,-0.11189909,-0.12913406,-0.048878364,0.014355943,-0.16122745,0.04292655,0.084037036,-0.09738289,0.12379071,0.124877185,-0.15386334,-0.049964637,-0.0068612546,0.074010074,0.17306128,0.08764917,0.10850656,-0.068301655,-0.06179186,-0.15665379,-0.1617431,-0.071928784,0.02020827,-0.117447905,-0.12593752,-0.16396864,0.11729559,-0.007690057,0.09554517,0.1190429,0.09693512,0.15707439,-0.048527233,0.004363999,0.15506154,6.8709254e-05,-0.012333497,-0.08629551,-0.10698322,-0.02273658,0.009653807,-0.06289721,-0.07313581,-0.11109524,0.04114367,-0.105684154,0.029423773,0.10298595,0.09567627,0.15838325,0.065503076,0.1676811,-0.13930349,0.001139,0.015851825,-0.11756415,0.11594236,0.1113663,-0.1196093,-0.069315165,-0.003045112,-0.0091744065,0.10086262,0.10761577,-0.10048842,-0.15155098,-0.07286735,0.1680283,0.07110235,0.043369323,0.05136116,0.095998496,0.021322504,-0.053571574,-0.06369925,-0.10211929,-0.10179364,0.142324,0.033337414,-0.03380455,-0.12612166,-0.026029915,0.15878484
0.05053729,0.08874506,0.11292049,-0.15236437,0.038647622,-0.13395591,0.038975,0.16437948,0.1664398,-0.09065332,0.081819296,0.0711827,-0.14923058,0.13777941,0.05373259,0.1016036,-0.100953855,-0.15914229,-0.0020265281,0.13263968,-0.13112321,-0.08260556,-0.088277064,0.011748761,0.025447443,0.030395612,0.010670006,0.08377597,0.16800341,0.047170013,-0.14063609,-0.10131755,-0.08081884,-0.118974596,-0.09947507,-0.16981246,0.069110915,-0.0072741657,-0.090833694,-0.15533969,-0.115351506,0.11576158,-0.12799233,0.11307725,0.03766322,-0.1575831,0.07169294,-0.020811096,-0.1347874,0.12192762,-0.06979696,-0.10180173,-0.11065032,-0.1528135,0.1414971,0.040042073,-0.0609781,0.1408217,-0.06613663,-0.009495065,-0.12058325,-0.036186993,-0.058953926,-0.014499202,0.14639452,-0.0009444207,0.010271013,0.010231331,0.07081328,-0.0892053,0.00013239682,-0.095340215,0.008745402,0.16877323,-0.13329811,0.031039745,0.1130341,-0.07506058,0.16190442,0.11995903,-0.075540684,0.09947479,0.0889819,0.13901076,0.14582238,-0.053219497,0.123309165,0.09415728,0.120051324,0.09398994,-0.00938502,0.091031134,0.13899037,-0.042399377,0.041495383,-0.12664069,0.16202575,0.056660593,-0.09033179,0.025665939,0.12288469,-0.07032492,0.050207168,0.15986475,-0.0918833,-0.082227215,0.011069164,0.13420704,-0.15745178,0.0520619,-0.13880956,-0.009781778,0.11594778,0.04386033,0.16298929,-0.0765736,0.13145503,-0.08490464,0.10419798,-0.146752,-0.15922567,0.11988515,-0.13315251,0.11742574,-0.079622395,-0.054477304,0.06172377,-0.10241158,0.04320559,-0.07456508,0.14886472,0.062947795,0.12080923,0.12568265,0.16620883,-0.062426075,-0.08169447,-0.082233414,-0.07839617,0.12656602,-0.023644,0.028798983,0.12260997,-0.07383027,-0.117429405,0.008836538,0.16493332,-0.04718311,0.04193312,-0.12012157,0.13648245,0.043440685,0.050314456,0.15641797,-0.16341491,0.15706336,-0.118449606,-0.082963474,0.15287676,-0.06874703
-0.16202602,-0.02523379,0.036556378,-0.15734941,-0.017737404,0.13592273,0.13211146,-0.001112327,-0.0073516816,-0.08007929,-0.0461006,-0.13771869,0.16500568,0.032420248,-0.13169783,-0.055744536,-0.14355588,0.0015104115,0.07262044,-0.16410723,-0.02316527,-0.07117168,-0.14410907,0.039984018,0.0493609,-0.15508106,0.08928615,-0.04247883,0.14784864,0.06483112,0.0875994,0.107545316,-0.07931652,-0.09708102,-0.043781117,0.16970238,0.054894924,0.0056943,-0.034690365,-0.091608316,-0.09822453,0.07320841,0.10836619,0.08485192,0.021814167,-0.1618665,0.13886133,0.12984928,-0.13937005,0.15321815,0.14979583,-0.120017424,-0.09044961,-0.15864654,-0.06616041,-0.020828038,0.1262989,0.078440815,-0.0025022924,-0.028289437,0.095382124,0.00021721423,0.095271856,0.14573619,0.14931723,0.08850795,0.14486381,0.04381837,-0.08275857,-0.1577221,-0.020016208,0.15390399,0.07732022,-0.10913412,-0.102228604,-0.05964686,0.08106047,0.064081356,0.008388847,-0.15513152,-0.022634417,0.14188948,0.09269801,0.11064863,0.100108,-0.13762958,0.006874725,0.09907642,-0.148523,-0.052332267,0.11009458,-0.05169896,-0.09778283,0.16420713,-0.03274119,0.042263478,-0.14206523,0.08217907,0.15153486,0.15953872,0.12934074,-0.09679806,0.030103415,0.124786735,-0.006437734,-0.07774081,0.13773778,0.0647133,0.0034146607,0.010083824,-0.09132453,-0.10886393,-0.14806627,0.08600113,0.03772363,0.06225586,0.1669521,0.07126711,0.11374545,-0.056647994,0.08619124,0.06552017,0.03041792,-0.14873959,0.0934636,0.14148065,0.04057598,0.011833504,-0.07467253,-0.020408511,-0.03547032,-0.0124130845,0.13935259,-0.08443264,-0.13958347,0.022124082,-0.012649,0.01096122,-0.06825784,-0.12523963,0.0851607,0.096508265,0.021926075,0.17019469,0.06347056,-0.020654887,0.1434136,0.009281084,0.03445503,0.130113,-0.060656942,-0.08626012,0.09588197,0.056675658,-0.03439185,0.06445773,0.04113479,0.03293012,0.07554729,-0.12103626
-0.06195481,-0.013209537,0.08071101,-0.08803144,-0.023075,-0.056335807,0.098808855,0.13353953,0.07694271,-0.06637684,0.09672716,-0.011746407,-0.15205944,-0.1431343,-0.15237701,-0.024876297,0.018720523,-0.023790345,0.10800415,-0.09676131,-0.05206289,-0.021518946,-0.12263484,-0.05286576,-0.02608785,-0.010294348,-0.026544869,0.03034912,-0.14620382,-0.044844717,0.011396304,0.01556465,-0.12075991,0.12287295,0.0032500625,-0.058481917,-0.009108543,0.11017969,0.063755125,-0.13782437,0.14221093,-0.029880956,-0.121761814,-0.11160301,0.09117335,0.13515532,-0.06481377,-0.008704096,0.03771852,-0.082214296,-0.06761165,0.15202633,-0.044907406,-0.15271889,-0.16219781,0.08121708,-0.025155246,-0.15070777,0.17114577,0.17069358,-0.12880254,-0.1332769,-0.08776199,-0.1397818,-0.11495264,-0.057901353,0.15645197,-0.13351071,0.15954831,-0.14431293,-0.10954894,0.07212193,0.019671395,0.09412977,-0.12095846,0.005400017,-0.06302692,0.011938766,0.115697116,0.13873994,0.108481616,0.014195755,0.16712761,-0.17041719,-0.035866797,-0.15661138,0.1322133,-0.11070067,0.1383867,0.06586565,-0.060989827,-0.15672453,0.13443932,0.0050239414,-0.14493398,0.102679044,0.09346384,0.055329815,0.08364099,0.10297716,0.12972036,0.08681348,0.15806973,0.03044273,0.110292464,-0.06400624,-0.16589333,-0.15161288,0.11740351,0.07284881,0.11222881,0.0031864643,-0.1304127,0.167579,-0.09152428,0.051916137,0.15079004,0.13017872,0.1109471,0.13866717,0.030604735,0.14978635,0.13669366,-0.10415168,-0.13023826,0.07590029,-0.13013378,-0.0007059872,-0.059951127,0.077556044,0.0077956915,-0.1666205,0.11455619,-0.07410402,-0.16305998,-0.17291011,-0.05959115,0.043301523,-0.12084994,-0.068210065,0.16846114,0.14577806,0.119461596,-0.109104685,-0.16240495,0.028157204,-0.073548555,0.015924633,-0.014048174,0.027969763,0.021863267,-0.101173796,-0.115738235,-0.12219112,0.060263693,-0.11301179,-0.07324896,0.09884933,-0.091839485,-0.12249605
0.14979944,0.11067656,0.017618641,0.14744794,0.097691536,-0.10954027,0.17023128,-0.017946571,0.043705553,0.15532213,0.03648287,-0.13397601,-0.0009688735,0.0624357,0.08969167,0.15048334,0.03785549,-0.001145035,0.10575494,-0.048727475,-0.16717464,-0.088236265,0.11805913,0.06636284,-0.05574268,-0.03438486,0.13300917,0.097715735,-0.071218014,0.02600345,-0.049307093,0.11806893,0.045062974,0.01461792,-0.042760506,0.06947146,-0.082369894,0.022867188,0.08144641,0.084763825,0.14798933,0.14473948,-0.1221184,0.13369301,-0.14333226,0.16336808,-0.15103503,-0.10228026,-0.008615196,-0.11778103,0.07173437,-0.12886193,0.12657282,0.029538706,-0.085873224,0.041261315,0.16099262,-0.056366943,0.01812996,-0.052170098,0.01615791,0.15451458,0.005945161,0.11491394,0.16182092,0.046857327,0.122912854,-0.08337135,0.14994872,0.1323851,0.05077903,0.1668208,0.0955179,-0.022815615,0.015516624,0.07254818,0.120851755,-0.10098933,0.010462001,0.08477798,0.0593919,-0.1250865,0.13095137,0.09818667,0.061608717,0.124824405,-0.06842773,0.07457879,0.03687048,-0.06260765,0.08567074,0.11531162,-0.011512637,-0.05360552,-0.15673247,0.13873848,0.1357159,-0.06430518,0.04206212,-0.046464697,-0.048165813,-0.020253822,-0.140627,0.10107294,-0.024845153,-0.11164385,-0.020238549,0.16710371,-0.062335722,0.013215125,-0.08834652,-0.07900817,-0.17122298,-0.10797497,-0.026055232,0.0400185,-0.033787042,0.11480066,0.07860848,-0.024874762,0.15715942,0.15022701,0.12596378,-0.10730809,0.10068753,0.07615177,0.12314865,-0.16766387,0.044599965,0.022730336,0.073738754,-0.13614316,0.12442854,0.1484747,0.06835438,0.068594515,0.08079353,0.0064241886,-0.08952249,0.061146542,-0.071033835,0.1594904,0.0425881,0.14451018,0.035279527,0.11945367,0.008354083,-0.16727428,-0.039056897,0.12855166,0.048848554,-0.03767681,-0.042909577,0.03689128,-0.15881316,-0.009674877,-0.03649816,-0.009537563,0.06230946,0.13155937
-0.068402,0.14107123,0.1575248,-0.09291085,0.13125628,-0.041129053,0.09124294,0.12911254,-0.12813096,0.034373432,0.14806446,-0.0183509,0.04944229,0.07243395,0.05111566,-0.14241554,0.14081857,-0.16753693,0.16866112,-0.09149628,0.062226996,0.12317866,-0.050664097,-0.1383603,-0.060912855,0.08619887,0.002752453,-0.08659432,-0.1177494,-0.14227498,-0.07202674,0.07961342,-0.14732307,0.15551761,-0.00987801,-0.12222974,-0.08883302,0.09201473,-0.11926325,0.13037613,-0.07728611,0.03213568,-0.11989139,-0.07604655,0.009400383,-0.004189953,0.113046974,-0.07480839,-0.035364807,0.13295075,0.09546426,0.116261035,0.15577313,0.040016264,-0.1669151,0.15345052,0.05799389,0.16728184,0.032737643,-0.072684,-0.1431447,-0.10779302,-0.0054335147,-0.008092895,0.041136533,-0.029737204,-0.04857076,0.16040784,0.10102591,0.17223644,0.17279926,0.11650485,0.051252767,-0.09597038,0.040815532,0.024508595,0.074894905,-0.073497474,0.019597426,-0.081747904,-0.15338452,-0.14914201,-0.06661292,-0.0018791854,-0.057718948,0.010968164,0.062445402,-0.01783751,-0.03744237,0.11227754,0.031576082,0.07851967,-0.11076653,-0.009710878,-0.043716863,-0.08490695,0.11332685,-0.044963866,-0.14954469,0.15528873,0.15818349,5.7443976e-05,-0.07996456,0.098256975,-0.08771879,0.15755588,0.11384314,-0.0012323409,0.16216841,0.10140675,-0.0011535436,0.13030574,0.006548524,-0.010143697,-0.12047584,-0.15119699,0.028380528,0.0061392933,-0.09260097,0.07533759,-0.14935964,0.1521866,-0.047544822,0.026302844,-0.14594679,0.09329522,-0.054601155,0.079827875,0.009524316,0.1702115,-0.04481189,0.10840303,-0.06584863,0.11478296,-0.0967158,0.11215454,0.119178504,-0.069541916,0.14399654,0.027171358,0.1411295,-0.07510179,0.050711542,-0.12394002,0.049875528,0.08802745,0.14559454,0.0013304502,0.13844404,0.10820937,0.13902017,-0.00095684826,-0.116576366,0.04697725,-0.12471835,-0.07733831,0.1716207,-0.08409323,0.00036120415,0.06191683
0.07453531,-0.07575542,0.12136808,0.08888081,-0.10242434,0.00075767934,0.10035288,0.0537809,0.076727465,-0.05271458,0.15305656,0.10759649,0.114916086,-0.17115113,0.038253084,0.08289084,0.07957631,-0.165726,0.115290105,0.15524274,0.07766944,0.071715295,0.1303828,0.0076979846,-0.003719464,0.013349324,-0.036096886,-0.028906554,0.14550018,-0.08422455,-0.15350787,-0.004898444,-0.13183871,-0.1041018,0.002599299,0.15261057,-0.044344306,0.1172837,0.17055714,-0.044050276,-0.104806215,0.040806785,0.034002557,-0.03484498,-0.08121994,0.009395346,-0.070544116,0.076711565,0.1382865,0.15925759,0.02766116,-0.010119006,-0.13400207,-0.13898419,-0.009090126,0.09309003,-0.14469393,-0.083606854,0.021294013,-0.0024416745,-0.05986201,0.013065338,-0.1582693,-0.101615,-0.110691,-0.039379865,-0.16140936,-0.1423695,-0.063218325,0.1047771,0.03879401,0.0225652,-0.036065876,0.0341091,-0.16421753,0.15167299,-0.17002939,-0.11812861,0.15065405,-0.13601208,0.13471547,0.15080968,-0.12525994,0.09317356,-0.029345438,-0.13521574,0.14122567,-0.11014392,-0.0065298975,0.15448496,-0.05578538,0.09731731,0.15352246,0.16318995,-0.10474687,-0.06434548,-0.16671672,-0.017408282,-0.14634195,0.05768001,-0.14737809,-0.113447875,-0.16402732,-0.06268896,-0.11715025,0.018088713,0.098973125,-0.0123901665,-0.022690073,0.14070705,-0.11482726,0.075776815,0.1685586,0.15869272,0.015507087,0.122170895,-0.01611261,-0.1178322,0.102840304,-0.073940985,0.13731721,0.009502828,0.012677997,-0.14021373,0.054733664,0.0007701963,0.005437389,0.12995696,-0.040302947,0.04956788,-0.018915728,0.09679294,0.038043424,-0.061925948,-0.060847312,-0.047738,0.06315531,-0.014655381,-0.0972194,-0.04336685,0.058767438,0.056501642,0.12608969,0.1482768,-0.11532177,-0.044903487,-0.16804035,0.10081217,0.07180783,-0.16170934,-0.056758627,0.04341285,0.0987277,0.06862298,0.12500003,-0.099232174,0.08848196,-0.00137344,0.13867971,-0.054176763
0.03641866,0.062147707,0.11349115,0.11842796,-0.10164291,0.022817805,-0.08454963,0.022475049,-0.069311574,-0.16222721,-0.014932588,0.105279416,0.019447193,0.06895436,-0.04011236,-0.1563148,0.06802563,-0.15510328,-0.07630328,0.005357772,0.13722175,0.009532809,0.10237023,-0.106411606,0.0874708,-0.1284363,-0.14432384,-0.020320266,-0.049745195,0.07880384,-0.11031608,0.08703801,0.09692943,-0.1456379,0.16586214,-0.021965876,-0.1479001,0.08594045,-0.116652966,0.1391649,0.09674546,-0.07410108,0.1459876,0.042136043,0.14012387,-0.020873085,-0.100171186,0.03900619,-0.03217168,-0.08311358,-0.11572589,0.0021840632,-0.041681662,-0.16515984,0.14999902,-0.10217896,0.13857675,-0.021311194,-0.1239807,-0.1452577,0.084219456,-0.047529206,0.10092056,-0.15535064,0.14790943,0.035365433,-0.10989033,0.08026305,0.13567787,-0.038658723,0.1555261,-0.023973167,-0.06833857,0.16897231,-0.16343305,0.14583454,0.02286245,0.1428788,-0.010961592,0.09304643,0.16343147,0.06468092,0.11865091,-0.06583376,0.07232122,-0.09538568,0.15311706,0.09625518,-0.06458264,-0.054146037,-0.17086598,-0.029579327,-0.08159486,-0.0675099,0.04886371,0.13789862,-0.041083172,0.15054905,0.024249673,-0.02660206,-0.107237846,0.12285808,-0.02072364,-0.082626835,0.04785523,-0.030168205,-0.1188277,-0.117277026,-0.15449768,-0.17004004,0.11439809,0.009579316,-0.0021943897,-0.14551385,0.04466121,-0.029641896,0.1641849,0.044288725,-0.0968892,0.11293262,0.09703672,0.03025715,0.08744389,-0.06831074,0.02871123,-0.090788975,0.17184713,-0.020205334,0.09488654,0.080134034,0.010666117,0.018500462,0.09075999,-0.11583086,0.06541735,-0.09112628,0.030702159,0.1451388,0.07823202,-0.13216203,-0.12724856,-0.05220797,0.10628286,0.12949225,-0.091534436,0.124604344,-0.029949337,-0.061113626,0.106577575,0.018279985,0.08901754,0.09045228,-0.105528176,-0.08036373,-0.11912466,-0.13241725,0.054434523,0.098666966,-0.15824659,-0.11135325
0.053726017,0.04464911,0.08024418,-0.12162311,0.1519537,0.021505728,0.069663614,0.098550886,0.02602315,0.11107072,0.096167,-0.0063055903,0.03831829,0.011948347,0.12727785,0.14023033,0.11029491,0.009976417,0.061180532,0.032759607,-0.057968616,-0.14256507,0.13547194,-0.13912323,-0.060579225,-0.086273536,0.13233846,-0.112316966,0.089869946,-0.14952713,-0.15613946,0.08811605,-0.066013195,-0.07957061,0.00026528537,0.16176358,0.0127797425,0.0916909,-0.13561991,-0.042085454,0.16153881,-0.13758454,0.08229369,0.16635674,-0.0057237744,-0.07314419,-0.00492917,-0.034962296,0.160534,0.15016302,-0.1264442,0.1319944,-0.07316298,0.085158825,0.07043992,-0.12455247,0.13687173,-0.061491437,-0.16318028,0.028257266,0.01931803,0.015208438,0.15490758,-0.04997257,0.09248251,-0.03732547,-0.061671615,-0.08509332,0.12953958,-0.10965226,0.0841392,-0.053087473,0.15747637,0.013129681,0.008423328,0.11428249,0.06811856,-0.009727314,-0.06280884,0.057573095,-0.057636686,0.14627469,0.16000116,-0.1465518,0.013004094,-0.08388337,0.12288442,-0.0014101565,-0.095470704,0.0293926,-0.13095076,-0.07246034,-0.02708444,0.10235289,-0.04702404,-0.11483668,-0.09054256,0.13700256,-0.103692725,-0.015322,0.14130756,0.10839853,-0.09290255,0.09743726,0.17084497,-0.13134828,-0.030823722,0.039570108,-0.021412984,-0.024742007,-0.109451935,0.149079,0.03496155,0.08698565,0.08377388,-0.01962179,0.011524856,0.03736949,0.14903307,0.022653982,0.11403552,0.16472027,0.0828805,-0.060070224,-0.037627503,-0.15181394,-0.14281334,0.17123002,-0.024843797,0.09357059,0.098522514,0.0703188,0.12688595,-0.13843186,0.04464592,0.009555817,0.065048665,-0.07230767,0.10517576,-0.085766725,0.02153328,0.078912705,-0.025963396,-0.13971008,-0.031020954,0.07871005,0.031012774,-0.005702883,0.10122877,0.030499563,0.1132679,-0.13735385,0.11367625,0.17152569,-0.031633154,-0.081980765,0.036131784,0.15790838,0.08324805,0.16210267
