-0.07360538,-0.115790814,-0.035793982,0.16217108,0.08261396,-0.040567823,-0.049009424,-0.12299354,-0.061651144,-0.12200503,-0.09905511,-0.4048065,0.06781456,-0.032938965,0.20639932,-0.053814206,0.016032802,-0.05653378,-0.051974334,-0.10207921,-0.06421502,-0.121763706,0.15709434,0.072002985,0.24434236,0.17380509,0.07484529,0.12924032,0.14627025,0.14803971,0.019526063,-0.18058497,-0.102767415,0.11964973,0.032173038,0.005347393,-0.044250794,0.11133028,0.01047117,0.065104514,-0.20109147,-0.02092836,0.06371572,0.0056302333,0.17338519,0.103387885,0.11600217,-0.13283814,0.010145091,-0.10418263,-0.25524512,-0.046883978,0.073889494,-0.15477479,0.26634276,-0.08875633,0.074644774,-0.023536053,0.11634479,-0.039129183,0.23980448,-0.20125155,-0.18347667,-0.022749323,0.21594916,-0.10502496,-0.11416081,0.19973612,0.06373522,-0.07051099,-0.0016790985,-0.16660273,-0.1096407,0.0016659755,-0.0062507256,0.14103496,0.11610852,-0.16264272,0.112925366,-0.025025971,0.18329243,0.053687297,-0.042384837,0.024829732,0.084245585,0.08565992,-0.004530482,0.28746206,0.08039304,-0.32209224,-0.10423072,-0.27953002,-0.20235427,-0.18420923,0.08483981,0.08492712,0.12039881,-0.05198181,0.07460285,-0.14711146,-0.28423098,-0.17312245,0.21102382,-0.009108136,0.14500387,0.03640371,0.15837938,0.039504446,-0.03782765,0.1388323,-0.0009979701,-0.28443626,0.03434102,0.18135004,0.23449124,-0.3786005,0.11960275,0.08191993,-0.019568544,-0.028116707,0.041154124,-0.06366912,-0.24410513,-0.028630933,-0.08992087,-0.18469104,-0.0012238843,0.09214474,0.1337553,-0.2859489,-0.55012935,-0.32227004,0.083319314,0.013004425,0.113000885,-0.14231701,0.050942387,0.1730906,-0.059339497,0.14414875,-0.13025129,-0.049390636,-0.2225194,-0.09618633,-0.026925938,-0.022293698,0.035623826,0.34541053,0.04365321,0.16679078,0.0050018015,-0.32921898,-0.08934172,0.29533502,0.24805275,-0.09713765,-0.21174999,0.0069607724,-0.10574893,0.15580268
0.4205526,0.010901154,-0.030377815,0.23732662,0.039807796,-0.043188408,-0.14642738,-0.019057378,-0.014386575,-0.17819545,0.28737652,-0.20705685,0.6555038,-0.054626524,0.045278814,0.1648232,0.37336552,-0.15264966,-0.103667945,0.00021625592,0.12658527,0.26583716,0.14833368,-0.1650693,0.24444091,-0.03770229,-0.01632453,-0.24170314,-0.24755771,-0.16046087,0.05704739,0.1666487,0.14425616,-0.040354457,0.3386055,0.30730203,-0.14049414,0.13658462,0.21939106,0.2953722,0.2163014,0.21167614,0.060621753,-0.095133156,0.20045704,-0.071754955,-0.11545936,0.026052583,0.2505846,0.25893652,-0.0063642175,-0.021681314,0.38524088,0.1278982,-0.02816072,-0.18183811,0.2578064,-0.16599694,-0.079404846,0.07158642,-0.1600883,-0.06447633,0.18088968,0.07758787,0.34688708,-0.0056046643,-0.109352835,0.006352321,-0.18803224,-0.15424152,0.18429944,0.45691234,0.08051127,0.18737362,0.17057942,0.17153348,-0.2514882,0.08684975,0.23051389,0.34172344,-0.2713467,-0.25194627,0.052594617,-0.18888125,0.043182492,-0.032019913,-0.20883203,-0.12040066,-0.40972662,0.20449907,0.23411848,0.28396407,0.008640785,-0.2773677,0.119588904,0.059725527,0.13611862,-0.13946205,-0.04234545,-0.16080357,0.06415256,0.0191019,0.75234246,-0.13787349,0.23231076,0.09097698,-0.009503685,0.15094681,-0.07738439,-0.1433289,-0.057727505,0.2280547,-0.28064147,0.5817888,-0.40533414,0.18068527,-0.100397654,-0.22467503,-0.0987706,0.03863473,0.21693297,0.08864153,-0.084682345,0.21764757,-0.021561136,-0.204403,-0.2658949,-0.16266146,-0.22720674,0.16221146,0.024964482,0.36063075,-0.1700166,0.07638037,0.12521216,0.022996426,0.1046306,0.116181046,0.11508431,0.13199794,0.1081147,0.18828979,0.2811922,-0.110809445,0.18472469,0.08078893,0.016395006,0.3671775,0.03259413,0.027360694,-0.12014698,0.2466491,-0.25808772,0.04665621,0.20733699,0.11027807,-0.38034192,-0.037176207,0.0064505613,0.18164602
0.21638514,-0.007812905,-0.063351445,0.07022703,0.11461991,-0.0060880994,0.1423078,0.0978746,0.11678303,-0.2263233,0.13661109,-0.16795504,-0.026238833,0.035969045,-0.06056431,-0.027040841,-0.058580127,0.168998,-0.018299712,-0.03089628,0.0074482732,0.2836991,0.055891626,0.0001883699,0.18619423,0.06515485,-0.056343272,-0.14507008,-0.0919564,0.17169829,0.15090942,-0.09422693,0.04647737,-0.113771334,0.2253154,-0.10806576,0.054296404,0.012805221,0.08975201,0.17263353,0.015212261,0.05855692,0.1326632,-0.118703194,0.13915072,-0.30839825,-0.06562876,-0.22447585,0.031047685,0.04232524,-0.16844767,0.11527684,0.30141363,0.036443867,-0.1885987,-0.044741783,0.27339926,-0.07667139,-0.01933449,0.059522185,-0.19870277,-0.12531087,-0.25623524,0.14691837,0.3677537,-0.03366871,-0.08664125,0.08778139,0.012165409,-0.07229155,0.17455263,-0.08841386,0.29506156,0.07879662,0.058884602,0.36023045,-0.20755453,0.0009147672,0.23092361,0.3839157,-0.11746912,-0.013863619,-0.043132383,0.16043027,0.004322559,-0.23840146,-0.0665936,0.12878786,-0.21736678,-0.2604879,-0.20413667,-0.11109996,0.0074179815,0.032742567,0.34834805,0.07600703,-0.36893713,0.04253977,0.1471084,-0.08309288,0.20705672,-0.033693623,0.19665876,-0.14779654,0.00048254844,0.047706164,-0.012310607,-0.09589564,0.18833315,0.013246462,0.15177736,-0.18869947,0.009731227,0.10725458,-0.19042937,-0.17958562,0.08037241,-0.17928752,-0.10421156,-0.08525154,0.16155772,0.033500846,-0.18662633,-0.09690387,0.08712814,0.071012795,0.1217838,0.093169,0.081708126,-0.021953512,-0.44253075,-0.1743432,-0.30065614,0.03609661,0.022385692,0.12706669,-0.015444041,-0.11368044,-0.014126137,-0.13507622,-0.22691973,-0.33152115,0.19929828,0.20043114,-0.10378564,-0.15273444,0.18396547,-0.05721126,-0.020506095,0.12827013,-0.031339508,-0.10933112,0.07004116,-0.016018357,0.07294127,0.19093396,0.01203154,0.027932236,-0.07500901,-0.16863506
0.1607161,-0.036611646,0.19486798,0.23824655,0.08590881,0.008856479,-0.012565129,0.1280426,-0.056232892,-0.2398619,-0.060239457,-0.09996505,-0.115492195,0.12121932,-0.046339843,0.09914959,0.10575082,0.07927708,-0.22888954,0.075904205,-0.013637815,0.17399506,-0.036139976,-0.010428368,-0.35721287,0.014730202,-0.24721123,-0.01541728,-0.031022295,-0.134989,-0.14780898,0.23837122,-0.08340317,-0.09786213,-0.024665909,-0.029926041,0.08659024,0.009900328,0.11753096,0.107690506,-9.999567e-05,-0.10504859,-0.12511764,0.029247278,-0.021031642,-0.19323803,-0.06576122,-0.25183332,-0.19324638,0.07639158,0.51779866,-0.09358174,0.29425275,-0.19269277,0.20550714,0.005811082,-0.109228395,-0.02412392,-0.14833006,0.1599888,0.10529801,0.14573923,0.09223728,-0.06346637,-0.0059223264,-0.022290995,0.1726311,-0.20255369,0.1653655,-0.14361417,0.20912705,-0.2272899,0.003994224,-0.041065764,-0.099162,0.097037405,0.031093633,-0.20646805,0.12337501,-0.07862347,0.08236016,-0.09839425,0.0065002125,-0.116973326,-0.18078016,0.23035373,-0.08778883,-0.008850218,-0.03557307,0.12809011,0.068081014,-0.042613786,-0.26022416,0.07793145,-0.05452424,0.14170508,0.11301672,-0.1133028,0.10453928,0.08029724,-0.031201573,0.27718383,0.12625287,-0.085010804,0.009925311,-0.0077611,-0.014196069,-0.058467828,-0.09191285,0.03726542,0.09093045,-0.07946453,-0.18033873,-0.06816452,0.17625284,-0.11506503,0.07588031,0.15449168,-0.030488923,0.12224337,-0.22903146,-0.025985004,-0.03536752,-0.089017175,0.048833348,0.089750044,-0.016213415,-0.16524084,-0.045892373,0.27441806,0.011905851,0.09351063,0.04982376,-0.17343184,-0.0014802023,-0.19002411,0.17241998,0.080512695,0.10642823,0.07133139,0.15432419,-0.006078916,-0.18652324,-0.12086838,0.30944127,0.050466545,-0.053905275,0.24592358,0.16026098,-0.15609582,0.14617866,-0.014716715,0.10716204,-0.054930102,-0.19287264,0.047381703,-0.048613973,-0.19532388,0.049053025,-0.0013702001
0.3447594,0.049217142,-0.06918393,0.27895638,-0.05941362,-0.07692199,0.10152601,0.029212601,-0.033790153,0.19579771,-0.12130904,-0.0030171892,0.0033800055,-0.07947963,-0.029592434,-0.0040438664,-0.09458991,-0.0013467496,0.04128498,-0.066982724,0.003590007,-0.043917462,-0.21101288,-0.12582625,0.24568269,0.0460712,0.14854479,-0.011442851,-0.04845364,-0.12274447,0.22461218,-0.13730547,0.21655694,-0.13386352,0.04874967,0.0357312,0.12175618,0.062406756,-0.07973758,0.06043755,-0.05374326,0.16485636,-0.010682419,0.18003382,0.21587555,0.07659948,-0.03117598,-0.24245395,0.12239308,0.37968755,0.090613894,-0.007725958,-0.18694536,-0.104949795,0.032477763,0.16035008,0.27195543,0.01243418,-0.13981521,-0.09736078,0.01098249,0.24003698,-0.039424986,-0.017885463,0.06397211,0.10428153,0.16422275,0.07027942,0.11228536,0.08071603,-0.043607876,0.08454785,0.05831065,-0.134216,0.21820751,0.20788741,-0.058724992,-0.11304437,0.15000932,0.16927597,-0.15382503,0.1607251,-0.06783474,-0.23460323,-0.14238131,0.019992987,0.07359766,-0.04890495,0.09615976,-0.04797536,-0.07951179,0.2307258,0.17048864,0.028931525,0.1575513,-0.15579805,0.027644062,-0.10547524,0.15879855,0.15088159,0.26515245,0.0038179932,-0.21345672,-0.010454002,-0.124337725,0.07800912,0.16387387,0.13287859,0.032061297,0.15171047,0.13932006,0.09183717,-0.15400521,-0.33394504,-0.09133967,0.015420286,0.18994154,0.07632155,-0.119808294,0.012463234,0.094128974,-0.15931047,0.019611835,0.12033082,0.026531454,0.121647134,-0.07782581,0.042187978,-0.04214849,0.31101853,-0.3751564,0.2573068,-0.010175923,-0.0076001287,0.085488416,0.16390586,0.08607324,-0.10283207,-0.0036474967,0.04947306,-0.1030881,0.2174017,0.12427211,-0.019066148,0.23908679,-0.07775307,0.07716854,0.060073897,-0.048692938,0.16645183,-0.17389774,0.2730605,0.064644635,-0.14899816,-0.074616045,-0.1344105,-0.14792725,0.08203854,0.10900534,0.003071186
0.2189114,-0.08557711,-0.015870193,0.14794217,0.06996865,0.04580959,0.020802226,0.23347719,0.20407663,0.0055068606,-0.0692995,0.08000232,0.3233557,0.17688783,-0.056851376,-0.1252001,-0.05731083,-0.010539602,0.013359938,-0.09289377,0.031212041,0.0035288963,-0.16941205,-0.055259712,0.09522938,-0.05887949,0.16584975,0.08635265,-0.12888956,-0.023682972,0.031137062,-0.05250552,-0.03280246,-0.2985758,-0.02006778,-0.045439515,-0.08846556,0.050737947,-0.041378055,0.1159286,0.03933748,-0.0039016414,0.04683654,0.12558657,0.1815674,0.052440353,0.1058595,0.03471066,0.18451875,0.34692475,0.100480035,0.09550394,0.019608775,-0.14101173,0.01444468,0.0077696084,0.035733238,-0.05420711,-0.14686441,-0.12780362,-0.10221458,0.29829395,-0.011514092,0.0248587,0.33834764,-0.17340352,0.19358793,-0.013601644,-0.08157349,0.060294483,-0.06337319,0.23659596,0.27211413,-0.0407007,0.06193405,0.15929873,0.032453917,0.13687359,-0.15382099,0.16248839,0.045069836,0.0651817,0.23103246,0.046961956,0.15478328,-0.15884565,-0.12352158,0.07101207,0.031895626,0.4328677,0.14763805,0.3549255,0.1557874,0.0786431,0.22327836,0.08118274,-0.04393994,-0.10153011,-0.052523524,0.07621587,0.22424996,0.30208722,-0.4815612,0.15277019,-0.033273514,-0.13256311,-0.12738806,0.055845194,0.036017507,-0.12168825,0.0017511015,0.28313217,-0.1232024,-0.4778409,-0.056828372,0.3724363,0.19766639,0.017313113,0.06294171,-0.028895326,0.119637065,-0.011213627,0.159615,-0.016430805,-0.16606441,0.18299542,0.10131535,0.084573,-0.26950878,0.2127717,0.30374116,0.39696082,-0.20334248,-0.07816965,0.17983359,0.03838403,-0.067031056,-0.12928315,-0.046809904,-0.08829539,0.16815944,0.68914956,0.45289832,0.022425098,-0.07562851,-0.00083557126,0.2190451,-0.18430822,0.016485104,-0.008689077,-0.13974346,0.28721574,-0.17822644,-0.25013736,0.035341777,0.14340568,-0.064422354,-0.16407591,-0.11214815,-0.020613384
0.026270084,0.2061084,0.26433,0.15920584,0.13838449,-0.18394972,-0.0907355,0.1817562,0.09298821,0.13208234,0.069376215,0.23113474,0.028839875,0.16133223,-0.13789026,-0.0445004,-0.09504414,0.11836528,-0.049035694,-0.06726713,0.19365396,-0.16500387,-0.19357722,0.19505961,0.24867721,-0.06866344,0.20402494,0.36273065,0.05995544,0.06392823,-0.023642411,-0.3075894,-0.046968624,-0.061742973,0.035568673,-0.10776745,0.06992036,0.15354258,0.046173207,0.09481653,-0.11313771,0.20600046,0.06465818,0.011193318,0.067678116,0.27217036,-0.14840543,0.03598265,0.11310232,0.059372783,0.5024924,-0.21510929,0.13900056,0.13676667,-0.043319497,-0.0023832857,-0.04260603,-0.021273177,0.093377635,0.05714441,0.18435152,0.29027745,-0.12570857,0.04814755,-0.103779934,0.0185829,0.054459296,0.25970384,0.02479003,-0.028242337,-0.017014308,-0.058727477,-0.19678007,-0.065536946,-0.20272242,0.07996233,-0.01920176,0.09061031,0.056800984,-0.16906016,-0.0468404,-0.05396183,0.18475153,0.057280347,0.18106169,0.1139788,0.031594194,0.0264286,-0.135395,-0.09297536,-0.25159442,-0.18583938,0.047627408,0.082754135,0.27789193,-0.012838005,0.018617002,-0.023200165,0.106431045,0.09632989,0.19190232,-0.1405852,-0.25259003,-0.16395342,0.21380389,0.28553584,0.04364204,-0.33798584,-0.0033793782,-0.16814533,-0.040824518,-0.27275977,0.22021143,-0.39245632,-0.0008212093,0.059478406,0.14271598,0.08437956,0.09071544,0.0330799,-0.02027289,-0.23402545,0.163076,-0.028178537,0.09199323,-0.047558498,-0.16430704,-0.09040799,0.0726816,-0.10301995,-0.10190457,-0.24059473,0.05340972,0.056873128,0.1931057,0.09617183,0.11043262,0.008200544,-0.016494537,-0.044660855,-0.13455334,-0.076239556,-0.20389293,0.16122852,0.07543694,-0.008910687,0.14080349,-0.23129599,-0.100821175,0.119633004,0.120440885,-0.38616478,-0.059282493,-0.17497104,0.019287132,-0.36464798,0.029310478,0.21035933,-0.003079829,-0.1528985
0.18281041,-0.15226132,-0.03607887,0.13189709,0.15074874,0.16445349,0.13905802,0.089931324,-0.004611856,0.068586245,-0.09426223,0.12252268,0.017902745,-0.08762837,0.0021229705,0.17939575,0.18531594,0.06879196,0.091472894,0.08933623,0.1831313,0.17880307,0.09420363,-0.028683288,-0.0010299676,-0.13113149,0.12149912,0.16715406,0.06348621,-0.085443586,-0.0062555056,0.24324182,0.15831815,0.06359245,-0.025868839,-0.14884715,-0.0019490586,-0.13879171,-0.069445245,-0.13030122,-0.030596122,-0.16947046,0.08990149,0.17734033,0.04378748,0.16062772,0.14008598,0.09635392,0.13441408,0.22839397,0.07840252,0.13405722,-0.14604068,0.102976136,0.054530527,-0.031219088,0.16101946,-0.11044856,-0.18881468,-0.10967511,0.021020832,0.11373385,0.0231352,0.15035313,0.074531466,0.026340742,0.16109782,-0.107513525,0.14359014,-0.04160438,-0.07922804,0.005006363,0.15786682,0.025468124,0.24583565,0.07544509,-0.024344198,0.10634568,0.06480898,0.04208598,0.13042764,-0.13711287,0.1825864,-0.080019236,0.016473835,-0.12525271,-0.05166543,-0.15822588,-0.023597674,0.25875604,0.26611045,0.30988392,0.23362297,-0.09151266,0.1479345,-0.09492345,0.058202796,-0.119654275,0.17570582,0.04084887,0.28694773,0.3339603,0.08424103,-0.12674515,0.09718889,0.06058159,0.04266669,0.3400447,0.04812084,-0.077696495,0.118435845,0.089857474,-0.05038422,-0.26770857,0.1657497,-0.05808676,-0.086261906,0.11236517,0.20461321,0.09109643,0.122768395,-0.10218404,0.05112907,0.14929804,-0.13060422,-0.07676544,-0.11360792,0.04768553,-0.010232302,0.07622674,0.095823705,0.004993917,0.38237792,0.06961189,0.09196283,-0.10933193,0.25234532,-0.051608566,0.005185364,0.08517543,0.33070466,0.05899313,-0.0779574,0.09359173,0.3744192,0.14854622,0.018458484,-0.04468462,0.18059136,-0.17071268,-0.10107156,-0.08083051,-0.04346341,-0.12999141,-0.0018462789,-0.13140948,-0.070287295,-0.15891373,-0.017516283,0.07255978
0.14153121,0.14772646,0.007350147,-0.096494354,0.13398437,-0.08351677,0.13911897,0.10241967,-0.07845319,-0.08811136,0.16109732,-0.06107378,-0.11644612,-0.056189667,0.11106697,-0.04192622,-0.005769397,0.11595861,0.102408715,-0.12645668,0.02286087,0.16170564,-0.090900056,-0.15514952,0.048501298,0.052195556,-0.07574104,0.051695704,-0.106668875,0.03391117,0.14786191,0.077351905,-0.07878033,0.075272515,-0.12448049,-0.10008379,0.00643475,0.14860742,-0.0070151407,-0.1747158,-0.09199423,-0.046316862,-0.059158172,0.0030469485,-0.06112412,0.035008203,0.054712266,0.11111005,0.032050904,0.04421079,-0.010493233,0.08087474,0.009875655,-0.086054474,-0.08020586,0.111379355,-0.13508038,0.048600025,-0.17100804,0.032520056,-0.08545085,0.11945051,0.009378973,-0.032708995,0.057589322,-0.13616031,0.10714458,0.059571162,-0.13353147,0.022787005,-0.15485005,0.15526623,-0.066810444,0.1290638,0.15441509,-0.14107645,-0.010883849,0.14951783,-0.000977479,0.08493299,0.02885901,-0.11423628,-0.08501213,-0.11325058,0.001558628,0.11631833,-0.018257648,0.15686098,0.12872967,0.0112724155,0.09277317,0.115591556,0.15403312,0.084626004,0.11233848,0.026456077,0.15096685,-0.12401414,-0.11025802,-0.15415943,0.16402555,0.039731458,-0.16051123,-0.17607771,0.023472786,-0.017338544,-0.12663533,-0.13161942,0.024837477,-0.12701702,-0.08488647,0.053776987,-0.07622265,-0.0075332075,0.16208671,-0.10970596,0.044901643,0.0733676,0.007031724,0.10576714,-0.024796715,0.013622632,-0.137487,-0.112274356,-0.040788468,-0.16795617,-0.072151504,0.07656168,0.09534275,-0.16337782,-0.1477442,-0.086055584,-0.09656875,-0.16857572,0.16609192,-0.13704476,-0.112809755,-0.0595114,0.07152994,0.09084496,0.1327619,-0.155739,-0.09246271,-0.058942944,0.109612375,-0.088261515,0.011272221,0.010099388,-0.16896331,-0.0057588816,-0.12636715,-0.11863162,0.0043461095,-0.13197403,-0.050211355,-0.005621658,-0.11009558,-0.04015747,-0.16804017,0.05366266
-0.061776765,-0.016947927,-0.002189651,0.001489405,0.085573606,-0.17873144,0.00790248,0.07108024,0.06856501,-0.0024643785,-0.09716088,-0.05097293,0.10818613,-0.006893286,0.06471318,-0.020803366,0.23586616,-0.09087955,-0.08845475,0.10411712,0.10869066,0.13175395,0.114353485,-0.07061874,0.19994625,-0.03726427,-0.13556544,0.06465706,0.18563144,0.14829022,0.015233266,0.2043944,-0.0067703375,-0.002229779,-0.09609718,-0.007931662,-0.09799461,-0.093922496,-0.025936902,0.006698935,-0.20307507,-0.086382054,-0.08581278,-0.1019012,-0.16924234,-0.20691411,-0.050490502,0.12284531,0.08521461,-0.05972816,0.08981388,-0.051044114,-0.08918846,-0.1678923,0.043965954,-0.12108629,-0.049826097,-0.06814466,0.052798208,0.12673488,0.08082762,0.03245954,0.29127735,-0.08648613,0.10691133,0.044306953,0.038007937,0.004231057,-0.017793503,0.060017318,-0.029792685,0.15807043,-0.16936658,0.17539252,-0.011382652,0.014474604,0.06446372,-0.018797306,-0.18505827,-0.060379483,0.16891918,0.09932871,-0.0034137678,0.009113011,-0.009446763,-0.11399369,-0.025262583,-0.07162606,0.06536599,-0.1495451,-0.08550015,0.02858977,0.004414643,0.14224757,0.027264718,-0.13618833,0.04350206,0.1138651,0.011713732,0.072980195,0.04943253,0.10500843,-0.043908216,0.12060451,-0.008393564,0.08084269,-0.045065146,0.18816584,0.120597936,-0.0416189,-0.046363756,-0.027791249,0.017713616,0.0050529162,-0.10416818,-0.019071687,0.07998896,-0.10809189,-0.028561763,0.22583947,-0.15447451,0.15302156,0.19737692,-0.13751315,0.17840047,0.058082063,-0.13441314,0.10883359,-0.03631912,0.15975267,0.051428054,0.0944997,0.14259277,-0.12364496,0.15644205,0.09982821,-0.011846253,-0.04415344,-0.12995684,-0.16642365,0.0477461,-0.022614185,-0.058152784,0.040532377,-0.11396263,-0.14572711,-0.021363452,0.19453336,-0.0749444,0.008643106,0.0020775215,-0.020178312,-0.042181056,0.0075066914,-0.07091085,0.18144524,0.05953267,-0.14540648,0.020762242,0.06952193
-0.15638638,0.010743651,0.039095607,-0.018684926,0.06281235,-0.11432789,0.19804297,0.03445743,0.11114379,0.44945163,0.2203988,0.23006375,0.039826334,0.07774838,-0.15956256,-0.10417892,-0.08854842,-0.087778,0.028997228,-0.04473984,0.0302083,-0.1558133,-0.28045532,0.092101485,0.25444221,0.106344774,-0.07790171,-0.06915294,-0.089469254,0.010148078,-0.12925287,-0.16355044,0.19385165,0.16753171,0.061664622,0.029914783,0.15972875,-0.03162012,0.056123752,0.11703364,-0.094641335,-0.20212476,-0.024589015,0.1873904,0.033550195,0.12350481,-0.16727927,0.051250115,0.12632689,0.12303994,0.3058041,0.0524527,-0.015021402,0.19821478,-0.116710566,-0.0031020474,-0.2426946,-0.019946119,-0.106163934,0.12145805,0.010836413,0.42116457,0.09431368,-0.10474637,0.021056881,-0.041177504,-0.2825437,0.28538394,-0.23259309,-0.08993422,-0.060316127,0.22895984,-0.13266815,0.057223376,0.0024733301,0.035644937,0.07045895,0.07596633,-0.07313345,0.06821836,-0.08431909,0.061845582,-0.045554694,-0.083869234,-0.041065462,0.04217192,-0.094054505,-0.25061014,-0.1487563,0.102330536,0.31594613,-0.050065976,0.26357302,0.06551906,-0.096104704,0.13515624,0.016378248,0.08709272,0.105857305,0.0021376656,0.315868,-0.21112017,-0.1107551,-0.06312015,-0.039523065,-0.011590449,0.067415535,-0.15790243,-0.089938834,0.030444384,0.034196336,0.18818393,-0.0064698034,-0.035521187,-0.18674177,0.24303189,0.17939924,-0.19997998,0.18446974,-0.049101427,0.19581561,-0.061215147,0.054635786,0.29608303,0.0028590162,-0.034523338,-0.0810013,-0.024612844,0.05417422,-0.06947872,-0.02889811,-0.0018316235,0.013393129,0.20573671,0.083690956,0.17508987,-0.25076294,-0.15557833,-0.18260944,0.15751399,-0.13782325,0.15114737,0.12300337,0.04900864,0.008620351,-0.13697308,-0.16421266,-0.07237711,-0.123207845,0.07671769,0.02809628,-0.16685914,0.12086924,-0.042402774,0.05198904,0.14182462,-0.16761881,0.07975846,0.12068547,-0.012120881
-0.0924866,-0.13876283,-0.046271306,-0.01744627,0.005410483,-0.0040628356,-0.025789237,0.021635462,0.052999493,-0.17565687,-0.08792653,0.0053682,-0.2675115,-0.07957015,0.008088749,-0.1267641,-0.14085707,-0.014575823,0.17515779,-0.04151619,0.11926428,0.116076134,0.028286662,0.17254056,-0.033089638,0.19562165,-0.08200356,-0.03681175,0.14823666,-0.09610921,-0.15032473,0.05037604,-0.23006302,0.15042238,-0.055591863,0.014576028,-0.18253416,-0.053548694,0.13324545,0.12610178,0.09198361,-0.03461798,-0.017780548,-0.036068905,0.110420085,0.17453948,0.087679155,0.017789226,-0.16657522,0.10521561,0.029713128,-0.10123871,-0.09708901,-0.0029394543,0.23271848,0.06624888,0.13296351,0.03423878,-0.050099384,0.02122867,0.10630547,0.15952928,-0.16306904,0.13892639,0.033402972,0.105906606,-0.07013929,-0.22777297,-0.063271254,-0.15440246,-0.12052911,-0.10822126,-0.0031695499,-0.013375635,-0.047349762,0.2917038,-0.05146934,0.068557575,-0.11664296,0.01668074,0.18136717,0.016525142,-0.08188316,0.17209588,0.1257361,-0.15375993,-0.06595528,-0.025330957,-0.117379665,-0.34327617,-0.11422647,-0.12566121,-0.05007374,0.08776544,0.023005554,0.065964796,0.24302109,-0.019834166,0.06121073,0.055408563,0.12604202,0.19379139,0.30248702,-0.0775077,-0.1610215,0.12136375,-0.114886515,0.22308213,0.11072934,0.049266756,0.14789097,0.2695302,0.09654771,0.3359263,-0.057155203,-0.029441483,0.14545725,-0.052219626,-0.1111067,-0.082717426,0.040161204,-0.017761257,0.026916279,0.17030527,0.1401925,-0.053195175,-0.12304773,-0.07771819,-0.003337039,0.06845613,-0.14501816,0.009864018,0.026622944,0.15544331,0.062627554,-0.008614296,0.08721528,0.0072524804,-0.08687101,-0.1623626,-0.0057413834,0.061635256,-0.05007411,-0.037146904,0.46516347,-0.11432482,-0.1374501,-0.10547564,-0.0019572573,0.02343579,-0.1253659,0.021450128,0.12605862,0.026417587,-0.032534804,-0.13262372,-0.10689559,0.14648099,0.17194085,0.0102098575
0.052843403,-0.08184863,0.10301337,-0.04425635,-0.0016195667,0.090688996,-0.10191504,0.13135022,-0.043797392,-0.13082117,0.012206879,0.031405658,-0.030988459,-0.10925448,-0.11776064,-0.06571792,-0.09195529,-0.11869608,0.110629424,0.13889883,0.1015764,-0.113736294,0.06328538,-0.17487057,0.07929112,-0.02162189,-0.019952752,0.11448289,-0.028165285,-0.06685157,-0.02291171,-0.036770914,0.064496584,-0.10391814,-0.05188279,0.0809063,0.016304677,-0.02378483,0.027878342,0.055941135,-0.15883218,-0.031721227,0.13426556,-0.08227287,0.07802718,0.014434978,0.15098755,-0.1497822,0.15722594,-0.043903656,0.051082395,0.06327317,-0.04611964,-0.15107918,-0.1366402,0.14338788,0.15000884,-0.11231898,0.12141916,-0.11758286,0.13456453,0.06303778,0.105314136,-0.16215724,-0.06344507,0.014038733,0.03208364,0.030993044,-0.12697947,0.15938205,-0.11713201,0.06630393,-0.06632236,-0.004545817,0.039716315,-0.04500325,0.059134454,-0.12568295,0.040769517,0.049585596,-0.066313125,-0.12431638,0.14001246,-0.067331135,-0.10145718,-0.021138271,-0.13197693,0.08439669,-0.07329691,-0.14793816,-0.016066967,-0.11551471,-0.15824734,-0.14338584,0.08605968,0.16330461,-0.13032006,-0.09840699,0.08854052,-0.021135746,-0.011096257,0.014017894,-0.12089444,-0.15926327,0.061984725,0.032675926,-0.009414004,-0.14999449,0.07590205,-0.07468831,0.018177828,0.024291558,-0.09596502,-0.03189867,-0.09085061,-0.13759391,-0.09908242,-0.08809475,-0.08796574,-0.12835474,-0.04594475,-0.034300182,-0.1775982,-0.07782783,0.09904945,-0.0011225987,-0.13806811,-0.037002716,0.06324189,0.0037907213,-0.1770398,0.004853374,-0.16112302,-0.10354818,-0.079496644,0.014807546,0.07011938,0.13495202,-0.04351809,0.06787272,0.10322066,0.054470375,-0.13755572,0.033064775,-0.12819174,0.09468602,0.016449492,-0.13128836,0.13074417,0.15188551,-0.12507473,0.0048150755,0.16419044,-0.02889215,0.10039767,-0.08010431,0.13133992,0.10114358,0.16206057,-0.06485513
-0.039807886,0.082933545,0.031227065,-0.1609777,0.026075693,0.11268839,0.11192712,0.04080162,-0.012723121,-0.035550628,-0.39591172,-0.17972489,-0.054068815,-0.024047863,-0.04942488,0.046221614,0.09790755,0.06262325,0.10141845,0.015941031,-0.19448698,-0.09527344,-0.21607019,0.028610403,0.06829581,-0.030957961,0.008701156,-0.12465997,0.08721337,0.14131917,0.059363764,0.1584254,-0.27300367,-0.006093944,-0.039051805,-0.24767584,0.027436538,0.09733585,0.043896344,0.03307873,-0.11966147,0.006751063,-0.062032335,-0.02104982,0.07525753,0.007398676,0.052831113,0.23847891,0.1273764,0.010786923,-0.69996244,0.061792072,0.10518486,0.065862395,0.19292027,0.1523337,0.06205681,-0.10816018,0.03600981,0.00927553,-0.11267092,-0.5392447,-0.042994726,0.12270258,-0.24669777,0.23236947,0.2210759,-0.037460048,0.1479772,0.13301921,0.13794057,-0.15751511,0.03227879,0.13042082,-0.052988835,0.041866064,-0.10524174,0.083657034,0.0007013591,0.17985167,-0.24906546,-0.021366084,0.090393856,0.11368104,-0.1262927,-0.16893265,-0.022541868,-0.09012881,0.076610446,0.06264079,-0.4471553,-0.2005617,0.006635135,-0.06513287,-0.45085707,0.14484172,-0.04255921,0.14143814,0.16832255,0.05421613,-0.55180407,-0.16848554,-0.41276446,-0.052098196,0.03538977,0.07372519,-0.062462434,0.10822441,0.0822692,-0.07254305,-0.022477312,0.06570604,0.129327,-0.4111347,-0.08326673,0.12283399,-0.13105518,0.20060576,0.07991836,0.038450878,-0.16188234,0.24267745,0.06387976,-0.19867639,0.08875922,-0.025470385,0.05979857,-0.014987526,0.1317082,0.23592702,-0.2370621,0.015890708,0.08042144,0.060803518,-0.27521634,-0.058264825,0.10633029,-0.082343765,-0.10897443,-0.046898983,-0.38799012,0.014013619,-0.38347396,0.08402826,-0.13645765,0.13010283,-0.09750724,-0.43306634,0.028733265,-0.044168994,-0.035125703,0.16987768,0.049860675,-0.20366101,0.051703036,0.17852402,0.18055673,0.06606916,-0.17883004,-0.112835675
-0.026115289,-0.12489342,-0.028900452,0.015454061,0.15604718,0.014079361,0.10956064,-0.08288652,0.16825737,0.29083207,-0.4431469,0.41984862,0.019802237,0.056535166,0.15615271,0.058998242,-0.22438005,0.16097504,0.16901603,-0.07103397,-0.08680784,-0.16288929,-0.23297845,-0.037101466,0.17312802,-0.025180778,0.09170888,-0.064134546,0.0060345083,0.13414218,-0.06720502,-0.11313324,0.10990618,-0.2073046,-0.054435443,0.1356995,0.033653323,0.097209565,0.12712836,0.0045231916,0.0789848,0.15564346,-0.18431412,0.14241245,0.08338818,-0.028315932,0.01238535,0.1459938,-0.13258888,-0.02227099,-0.22569402,-0.016325956,-0.34314966,-0.10723003,0.09210052,0.10095258,0.31468293,0.14711055,0.08941906,-0.03678189,-0.08645039,-0.08841989,-0.058214847,-0.079150446,0.059686527,0.04426514,0.13834,-0.021652536,-0.015082008,-0.12416145,0.053544518,0.12377264,0.16267218,0.028548867,0.16248213,0.08759815,-0.11483404,0.011659864,0.017014548,0.10057666,-0.074589044,0.14498223,-0.059114426,0.10987187,-0.088877,-0.24931027,-0.018893009,-0.05358003,0.08662757,-0.033701938,-0.24345621,-0.10819921,0.28806746,-0.051414132,-0.27373043,0.18535922,-0.06274819,0.040496446,0.14740612,0.098439924,-0.08895771,0.014891907,-0.50570434,0.1671865,-0.14575608,0.112894244,0.1280342,-0.10453845,0.16819808,-0.14368744,0.13514492,-0.07545715,-0.03514957,-0.6605019,0.11358269,0.16436785,-0.1573972,-0.15378821,-0.065465264,-0.07841084,-0.11853749,0.09598209,0.026814958,-0.047119394,0.060227267,-0.039847694,0.107501104,-0.0026161608,0.035704855,0.16542326,-0.21739383,0.077713065,0.19975969,0.025346164,-0.12536511,0.095242225,0.012984061,0.07460533,0.12950087,0.0355622,-0.21277587,-0.16721526,-0.059446283,0.029504675,0.19439209,0.086523615,-0.14941923,-0.2806024,-0.13716015,-0.07767036,0.13393767,-0.100194536,-0.025850624,-0.21140094,-0.12104397,-0.09316183,0.13810253,0.15854357,0.19577534,-0.10757978
-0.14441869,0.18830435,0.21785527,0.11026652,0.16773766,0.110471085,0.14221677,-0.16141157,0.116701216,-0.013775154,-0.08998703,-0.16149032,0.29947907,0.045260534,-0.14204046,0.11807446,0.07156076,0.062657855,-0.071444936,-0.105163544,0.22948305,0.025127985,0.10273416,0.13718192,0.33394608,0.113682866,0.14372848,-0.026625665,-0.059832342,0.122315176,0.12747128,0.096491426,0.14736956,-0.08098934,-0.1912755,0.030876234,0.10500676,-0.1103765,-0.11357155,0.06852616,0.057569988,0.040267795,0.18595791,0.16498853,-0.03976432,-0.056648232,0.16669646,0.164254,0.1308755,0.33029124,-0.39499712,0.15471934,0.3329904,-0.015694324,0.06017475,0.08404756,0.07244069,0.036524624,0.017207226,0.081973806,-0.041555878,-0.44761002,-0.15904292,0.124731965,-0.09284429,0.044660967,-0.084075116,0.03403087,-0.042600404,0.06785057,0.005224555,0.09597282,0.04856943,0.0063369456,0.22815414,0.19770442,-0.07139767,-0.077745475,0.08677814,-0.117345184,0.02986739,0.14749181,0.11184299,-0.1650618,-0.00032768783,-0.15495747,-0.012540976,-0.12973201,-0.11389118,-0.07485626,-0.38035884,-0.08084211,0.011996169,0.03089645,-0.07426458,0.09092006,-0.09284632,0.12319063,0.12181546,0.17048122,0.060169563,-0.22954613,-0.6134378,0.10222711,-0.12955426,0.2460319,0.12072449,-0.2494199,-0.16021025,-0.07868356,0.13102475,-0.01741044,-0.049497377,-0.52847266,-0.08800675,-0.047036577,-0.004322766,0.072162226,-0.13607046,0.008518239,-0.054619145,0.15712723,0.13263625,0.025194922,-0.049998194,0.042891633,0.18295132,0.18288353,0.045544807,0.1681337,-0.1846685,0.3158552,0.24722444,0.013053592,-0.2133935,0.115069464,0.15442789,0.1358973,0.08381457,0.1468493,0.0039849193,-0.23549317,-0.34306398,0.12583436,0.042634286,-0.025923582,0.11777393,0.08063952,0.048317317,0.031983096,-0.080623716,0.0115193445,-0.17459562,-0.15420012,0.028585928,0.3373291,0.0015608384,-0.08241757,-0.15958998,-0.1788126
-0.12450934,-0.1372069,0.01723916,-0.16636781,-0.08413375,0.10235833,0.1746175,-0.110192336,-0.12401479,-0.211855,0.022161707,-0.019140668,0.4376915,-0.078876354,0.10083094,-0.052728623,0.25965092,0.051461067,0.030417489,0.12820578,0.15536943,-0.10766051,0.14099284,0.10917903,0.24387893,-0.13657765,0.09841619,0.2601861,-0.13452937,-0.13565125,-0.033556957,0.11714774,-0.12730475,0.052908313,-0.060554262,0.13035226,-0.041400872,-0.026878044,0.14127633,0.103921264,0.12309276,0.04827913,0.16024975,-0.14262302,-0.10171836,-0.10370604,0.07984933,-0.14432566,-0.11309732,0.15008448,0.10661885,0.09498077,0.41455093,0.13335568,-0.114611775,0.12831722,0.10826499,0.15903871,0.008039658,-0.08955468,0.025412602,0.38146195,0.017109958,0.13379219,-0.049731072,0.09517002,0.17373616,0.2821776,0.07649636,0.13484594,-0.09399858,-0.10153771,-0.12357551,0.08916635,0.17445642,0.00498445,-0.06827177,0.026741749,0.018120568,-0.13440357,-0.050287798,0.20107758,-0.26351616,0.03473347,0.012096017,-0.0781767,0.04286478,-0.110297374,0.1838406,-0.048570544,-0.06259209,0.2896644,0.31537548,-0.021992613,-0.071568675,0.09311493,0.04700906,-0.040273245,0.13050474,-0.022111727,0.20275183,-0.06752856,-0.15886812,-0.064467736,0.36419323,0.10873189,-0.0066877715,0.14239594,0.06408219,0.07902301,0.13455646,-0.03267973,-0.1655617,-0.12767796,0.08494825,-0.035160434,-0.07563771,0.119325764,-0.046266384,0.1670393,0.0154250525,0.31969765,-0.14515841,-0.11481843,0.12032726,0.19557773,0.05250057,0.20420909,-0.005221047,0.08261249,-0.0041431156,0.25539508,0.3795571,0.10325497,-0.1593808,-0.12427612,0.20860715,0.018781606,0.09549843,-0.011644039,-0.13791446,0.35675934,0.13936463,-0.042854276,0.09003054,0.14033073,0.15806639,0.25316542,0.12833624,-0.07616565,-0.07247723,0.349679,0.12504253,0.0058764317,-0.13748147,-0.025935322,0.14182039,0.051449835,-0.18312117,0.37044007
0.03666645,-0.18786761,0.0209566,0.074488156,-0.15134478,0.034629025,-0.0038665677,-0.041441377,-0.037530307,0.21287735,-0.005005303,0.15025353,-0.27357024,0.016419992,-0.028204203,-0.10628416,-0.18814795,-0.12416569,-0.09764005,-0.0019447749,-0.040701523,0.042096373,-0.016648892,0.06279116,0.095417805,0.10357075,0.03962551,-0.19801682,0.0027774323,0.0799416,-0.05395708,-0.09565026,-0.20952585,-0.103686966,0.16065867,-0.18566255,0.07847759,0.15575275,0.15631856,0.054577585,-0.052910123,0.06801197,0.11892815,0.09966928,0.16244242,0.028082471,0.05746273,-0.20163044,-0.04494559,-0.08180716,0.023747966,-0.285013,-0.4589509,-0.1597811,0.23078647,-0.12546805,0.071988605,0.07947778,-0.0966551,0.14955433,0.022318034,-0.07148249,-0.05817431,0.100020856,0.071644545,0.059957735,0.047683105,0.076821454,0.15104029,-0.10000352,0.084255315,-0.0906435,0.006834697,0.01689263,0.13185966,0.1503232,-0.036204126,-0.038560268,-0.15846056,-0.12476839,-0.007981759,-0.10989904,-0.03198861,0.16641596,0.1807688,-0.10392743,0.13040876,-0.06403953,-0.04222031,-0.1697287,-0.099845596,-0.041189983,0.09748712,-0.07750784,-0.03433,0.1086063,-0.008268988,0.023913983,-0.18395473,0.10873901,0.25933838,-0.006832242,0.3569094,-0.103093475,-0.08670555,0.12259395,0.034227815,0.015872257,0.21616246,-0.0024658465,0.00767166,-0.0031961089,0.20698497,-0.058683746,-0.049799893,-0.11050475,-0.035775125,-0.14103013,0.01678479,-0.2410732,0.14235781,-0.12543675,-0.15340617,-0.074656785,-0.16252367,-0.0635031,0.056605943,0.079717256,-0.10802609,-0.24169517,-0.3579176,-0.35766724,0.040761974,0.1491667,0.12868202,0.1353243,-0.06695002,0.1316289,0.10875996,0.16548897,0.0026848812,-0.437692,-0.21019071,0.090145096,0.34156623,-0.09640559,0.068806864,0.015794514,-0.077417225,-0.0732082,0.02563809,-0.28634346,0.013164562,-0.015721535,-0.0069688107,-0.26537812,-0.15922809,0.04084876,0.19516738,-0.05660997
0.02233714,0.123544864,-0.0502824,-0.08364061,-0.018213702,0.086025685,0.20879115,0.3040127,-0.011595487,-0.2001398,-0.055239856,0.05338159,-0.06784727,0.0946019,-0.18911496,-0.0092224,-0.15938205,-0.084332444,0.21681644,-0.047157142,-0.44955668,0.0383612,-0.119725585,0.17603356,-0.02152661,0.08524297,0.2028211,0.13181429,-0.1586103,-0.15455715,-0.06602638,-0.2594407,-0.2298923,0.32976,0.114315964,-0.29305595,0.057089996,-0.031807717,-0.09554714,-0.0064298576,-0.16509646,0.29144633,0.1761898,-0.15337852,-0.009019178,0.07225762,-0.02542826,0.0006210622,0.0322548,-0.015549201,-0.10219223,-0.16014092,-0.1892822,0.096021205,0.29529873,-0.014832739,-0.053038944,0.13930432,0.004899526,0.009306935,-0.051895518,0.57563394,0.17770824,0.18145269,-0.075856015,0.1024513,0.18086682,0.109135486,0.09925681,0.1427083,0.22225462,-0.0024389054,-0.020010725,-0.15894687,0.010637505,0.11567386,-0.017048657,-0.2594131,0.045265466,-0.008075551,0.067862466,0.23185581,-0.11069994,0.102507405,0.1517103,-0.009824062,0.013624115,-0.19707097,0.03739692,0.061468046,-0.01657714,0.20812567,0.0691598,0.033432055,-0.16189899,-0.09695057,0.2476751,0.0072609987,0.14185517,0.034217168,-0.0089200325,0.11911511,0.15989219,0.035229187,0.11117952,0.0074655334,0.041146148,0.2550352,0.006067987,0.07510712,0.05459006,0.04499083,0.08273166,0.060820762,-0.094916575,-0.09169698,-0.12103278,-0.028368935,-0.022928854,0.16460925,0.03730935,0.12831832,-0.10423562,0.09965286,0.056883786,0.0053231004,0.11419773,0.1665757,-0.024018029,0.055321883,0.21786754,0.08152169,0.1410198,0.11968163,-0.02703656,-0.11431733,0.10700992,-0.020985845,-0.11904128,-0.011419051,-0.117643036,0.5005554,0.39109462,-0.026805446,0.35784253,0.14679442,0.19130217,0.07577702,0.060761042,-0.09983599,0.104324274,0.07432588,-0.029423216,0.19722693,-0.12524273,-0.020661011,0.21200831,-0.08914592,-0.07591433,0.21693799
0.009984836,-0.07367232,-0.037081912,-0.030508026,0.09721848,0.038411364,-0.16821532,0.061720595,0.077296555,0.10049799,0.0020931363,0.14441943,0.17218444,0.12854174,-0.03694266,-0.15409265,-0.14126633,-0.008677676,0.08617011,0.0053654164,-0.009897038,-0.0921115,-0.08702094,-0.14237247,-0.010127053,0.03590916,-0.039266676,0.0919064,-0.06404023,-0.070892274,0.11870152,0.05904098,-0.103588164,-0.07991803,-0.018430218,-0.07173235,0.09099695,-0.1574304,-0.09925129,-0.121862166,0.0734428,0.012906194,-0.08346265,0.08334574,-0.08178201,0.14472482,-0.1081202,-0.038351864,0.10389987,-0.14837804,-0.07354443,-0.04306081,-0.07849383,-0.16785295,0.095890224,-0.07885888,-0.11772033,-0.028954491,-0.15597019,0.14083463,-0.14640488,0.16877356,-0.044760272,-0.041452065,0.04608953,-0.14397985,0.013808653,-0.11684099,0.061708942,-0.101045325,-0.14161487,-0.088238165,-0.049163923,0.116760015,0.06586817,-0.08442417,0.06348468,-0.12925448,-0.09601729,-0.13467115,-0.03685838,0.042524964,0.1427758,0.15076,-0.08731088,-0.14988038,0.01967144,-0.015679866,0.057271183,0.058888346,-0.13743983,-0.16394635,-0.07317235,-0.06571872,0.051522046,-0.09664341,-0.15054473,0.14481768,-0.11117284,-0.1322237,0.037007004,0.16452518,-0.020284459,-0.07490952,0.032958776,-0.040120333,0.020981118,0.00296925,0.0155020505,0.11484444,0.019289702,0.018616214,-0.1480713,-0.16883707,-0.009089634,0.010993883,0.08512366,-0.06884068,0.009575263,0.14504635,0.015998796,-0.08769509,-0.11050348,0.16946405,-0.04666035,0.037880108,-0.026679292,0.17211944,-0.07386835,-0.012970448,0.013283789,0.007198304,-0.14029337,-0.13056375,-0.13225326,-0.043434978,0.09936935,0.0768882,-0.04651533,0.09836736,0.11785969,0.09463203,-0.11589049,-0.14348976,0.06967254,0.05891387,-0.0030807555,0.08359331,-0.044662282,0.15985918,0.09373751,0.07343665,0.0793733,-0.0125362575,0.017074496,0.13934061,0.044072002,0.044982478,-0.06496045,-0.16960838
0.05538488,-0.06129176,-0.18744053,0.013585025,-0.14429587,-0.10815079,-0.014452555,-0.004282356,-0.08651699,-0.097350016,-0.08264369,-0.2023033,0.13097863,-0.19301544,0.008245639,0.104873136,0.18092129,0.07993481,0.040459078,-0.0523996,0.06290763,0.16361466,0.33376166,-0.05726212,0.11523356,0.15618108,0.009577788,0.21875452,0.04554153,-0.06307908,0.015520642,-0.20386672,0.0015479382,0.096527256,0.2588662,-0.25052598,0.14278029,0.11253573,0.11772859,0.031839356,-0.1134601,0.2466139,-0.12502263,-0.09982067,0.18956,-0.014155547,-0.15394965,-0.06630605,0.10205017,0.10141877,0.014918773,0.06507319,-0.10288946,-0.15613037,0.094337754,-0.069088526,0.11786921,0.030983062,0.14152318,-0.112298936,-0.072676994,0.34471172,0.19801925,-0.12743673,0.5317549,0.19278105,0.14676055,0.26375234,-0.07139357,-0.07194494,-0.04338301,0.492256,0.23207362,0.47076216,-0.011359328,0.18740124,-0.14010544,-0.18581012,-0.122536734,-0.03989011,-0.117285125,-0.059586495,0.16067189,0.008567423,0.056298852,0.063515626,0.07253424,-0.28734133,-0.42336258,0.11188293,0.053340662,-0.060543332,-0.24395399,-0.17360614,0.14064816,0.0048905644,0.35667026,0.05233141,-0.16567387,-0.1655151,0.2619334,0.24645261,0.67215174,-0.01201475,-0.026990063,-0.25041357,-0.07676184,0.16662212,0.18158664,0.09846917,-0.05497056,0.27271828,-0.044976488,0.47327617,-0.4569249,-0.18988661,-0.10964252,-0.3286815,-0.17966045,-0.35858312,0.2685751,0.08492981,-0.08072296,0.2001213,-0.11748828,-0.13333057,-0.18442091,0.054174397,-0.46256903,0.13127433,0.09590014,0.2430941,-0.28454697,-0.015460518,0.16135904,-0.06912552,-0.091256276,-0.022383315,-0.15925871,-0.004748089,0.19074328,0.30121058,0.2661718,-0.0228079,0.15571643,-0.009870251,0.041173726,0.18937884,-0.086178295,-0.17030011,-0.16356456,0.17126952,-0.42664644,0.3809077,-0.21173367,-0.054477848,-0.0017808697,0.060620453,0.14981669,0.20556326
-0.108359404,0.15622412,0.07816549,-0.093501434,0.10275712,0.14933854,0.06989813,-0.13074861,0.030422268,0.09418455,-0.21138157,0.34465107,-0.081180625,-0.052733462,-0.107464366,0.12207694,-0.20588347,0.103737995,0.1587976,0.16242997,-0.14693144,-0.13151827,-0.23363097,-0.08693044,0.21131457,-0.0985392,0.16092749,0.14995354,0.03487225,-0.005045391,-0.13083045,-0.10908429,-0.031338245,0.08882534,-0.17881352,-0.21349467,0.108728975,0.19337192,0.115524955,0.17765778,-0.08663823,-0.08470059,-0.006601938,0.17082924,0.047617525,0.20671684,-0.19014788,-0.14632235,-0.13307191,-0.22809002,-0.05634705,-0.21295974,-0.052424327,0.024641063,0.1876001,0.13400361,0.054488532,-0.1312215,-0.05886948,-0.047901988,0.2974555,0.017099049,0.11396882,-0.1228053,-0.23554948,0.10916979,0.16561747,0.07862495,-0.13620208,0.06846858,0.09903175,0.13599752,-0.19840796,-0.036216542,0.098996274,-0.17405541,0.05158031,-0.16128962,0.019620633,-0.14672314,0.03903257,-0.057050735,0.14928533,-0.058950488,-0.015531114,0.047856048,0.1406517,0.078377575,0.031593494,-0.06909538,-0.01695072,0.016767686,0.21115273,-0.03144653,-0.2025138,0.13594806,0.3313322,-0.14087713,0.13187501,-0.050484996,-0.17538355,-0.049960848,-0.49230465,0.12997596,0.0141937565,0.09036102,-0.004839446,0.118153274,0.047550417,-0.06715903,-0.12562682,0.18375118,-0.12800519,-0.17524546,0.018941196,-0.0593912,0.13754994,0.14837763,0.050943904,-6.497989e-05,-0.10304886,-0.04867704,0.14153226,0.07026835,-0.179463,-0.07489615,-0.073494755,-0.04458544,-0.07956192,0.22093467,0.052565347,0.07267808,0.010116665,0.056735042,0.014759353,-0.11666633,-0.20593375,0.145726,0.21394528,0.1260198,-0.075075455,0.030000592,-0.18143946,0.011014645,0.33993512,0.19283094,0.074267425,-0.39970064,-0.001834547,0.17121732,-0.13380244,0.004887817,0.1074379,-0.18149848,-0.12324952,0.18119213,0.0459373,-0.045137193,0.1565724,-0.2504529
-0.072488174,0.0426218,0.010156141,-0.19664079,0.072415836,0.14742522,0.11858638,-0.24356002,-0.13807997,0.2996225,0.23845929,0.22348697,0.26239276,-0.19614382,0.053602748,0.12858851,0.09084025,0.014535897,-0.094971694,0.0024704828,-0.09475325,-0.13719954,0.10500646,-0.14426948,0.10927925,-0.12733947,-0.09704237,0.08507234,0.13239513,0.11331913,-0.17967054,-0.09697817,0.12601808,-0.13213155,-0.14498213,0.3388702,-0.1934505,-0.0011639678,0.15468413,-0.09667142,-0.13455895,0.071269825,-0.1583227,0.15044038,0.07796132,0.13199046,0.061009623,0.034714554,-0.08639711,-0.12020083,0.44054675,-0.10991846,-0.1975295,0.087328024,-0.08345551,-0.007878427,-0.23991098,0.0045326427,-0.19534835,-0.09999266,-0.08959707,0.32942772,-0.08533645,0.020977356,-0.047278173,0.087542064,-0.13415615,-0.025640447,0.0199663,-0.15779626,-0.07884235,0.08921279,-0.19226994,0.07720726,-0.21708627,0.080499955,-0.18711457,-0.055197872,0.03887942,-0.20568262,0.061982725,0.2568341,-0.017790856,0.01507583,0.22562371,0.11113666,0.03196079,-0.22361901,-0.16362132,0.020555923,0.23978151,0.038802996,0.031187631,-0.10110131,-0.06571165,-0.07164985,-0.1879113,0.0485317,0.093278006,0.0034002087,-0.13694963,0.19014923,0.00978003,0.017890768,-0.07992557,-0.15178992,0.12525307,-0.094952166,-0.023304299,0.020989284,0.048648458,-0.03459356,0.2157796,-0.12595803,-0.035881363,0.14686672,-0.080571905,0.111015715,-0.091013364,0.06613569,0.08630243,0.05941375,0.08190913,0.22810166,0.038727675,0.23551345,0.004139225,0.20150247,0.0924743,-0.058317427,0.043986574,0.10459568,0.2814687,0.15547241,0.0431582,0.18306674,-0.41913036,-0.030447785,0.10724963,-0.1545275,0.007119704,-0.15270445,0.161425,-0.032695986,0.043479107,0.03391957,-0.12684828,0.00854215,0.07628397,0.05278945,0.16337058,-0.05130599,-0.1374623,0.0074870884,-0.05281366,0.14913635,0.16019455,0.21249866,0.19046198,0.21622856
-0.30229202,0.16348043,0.100726604,-0.04201013,0.14919302,-0.20173128,0.032599654,0.0473402,-0.07972338,0.3669208,0.26410452,0.37568173,0.22786903,-0.1497603,-0.039888855,-0.11890405,-0.0659942,0.14210656,-0.10369349,-0.12801051,0.20185424,-0.16887832,-0.01782206,-0.13043399,0.32849896,-0.119538955,-0.064292856,0.24619643,-0.0343335,0.1716342,-0.16039027,0.07476631,0.011465425,0.19258024,-0.12670496,0.2942669,-0.053705905,-0.01759516,-0.074710146,-0.058387555,0.13330379,-0.19265021,-0.2557332,0.10079842,-0.15154867,0.24002418,-0.16141504,0.009465679,0.17563316,0.124772124,0.07674345,-0.19570947,-0.08099168,0.08792919,-0.150092,-0.014996655,0.13867614,-0.06561873,0.105969384,-0.03952618,-0.25263414,0.3978975,-0.044162568,-0.07841403,0.014121267,0.049350552,-0.048018344,0.11253383,-0.1369894,0.15823764,-0.21886066,0.13608865,-0.035381965,0.027573936,0.070348,-0.12131657,0.119410865,-0.07931345,0.0552634,-0.13137564,0.015232887,0.0956884,0.1304749,-0.068622924,-0.06723245,0.14831193,0.13916975,-0.015711999,-0.050384756,0.028502092,0.13116325,-0.08986416,0.0973497,-0.14009237,0.15109482,0.15071726,-0.0013115725,-0.12914607,0.14113377,-0.0044421726,0.027133128,-0.2825668,-0.100107804,-0.08457666,0.057449147,0.05395472,0.1850074,0.12796922,0.14686027,-0.13092166,0.05994653,-0.18819566,0.051765382,-0.0752462,0.15299161,0.21917155,0.05182232,-0.02002254,-0.0314624,0.098227635,-0.05069603,0.17488733,0.018850548,0.13047527,-0.0047769663,0.33225965,0.044009466,0.061903734,0.11333822,0.074402995,-0.08648568,-0.021134915,0.09785267,0.038122036,0.05596889,-0.035952553,-0.27377844,0.071396425,-0.01774389,0.15356836,-0.020863893,0.24032639,-0.22602248,0.15439183,-0.054147605,-0.10978607,-0.06041687,-0.14355174,0.036791034,-0.024459466,-0.065258734,0.16522922,0.13003911,0.013163478,0.21600737,0.030583734,-0.09875796,0.22533251,0.03076403,0.20378527
-0.07821273,0.12082846,0.0766021,0.20631576,0.021527769,0.035413146,-0.0148733435,-0.06728831,-0.01101508,0.09363031,0.14174318,0.13861123,0.3061611,-0.13783228,-0.108714275,0.116765276,-0.04132738,-0.08909917,0.13389252,0.11409741,0.026603702,0.115431815,-0.0857041,0.028841345,-0.15208799,0.10467268,0.060221363,0.108681634,-0.027623435,0.04010898,-0.10025997,-0.1365231,0.06882727,0.18685834,-0.2612388,0.017799018,-0.13243857,-0.13392635,0.22242483,0.050134193,0.0051294994,-0.012507341,-0.09196972,0.2604787,-0.042589217,0.19089068,-0.22431783,-0.16818257,-0.12618811,-0.20820168,-0.10858001,-0.17061794,0.060667973,-0.08501337,-0.023572898,0.16191436,-0.16189721,-0.11067003,-0.18823448,0.09310931,0.17566581,0.05061802,0.040107742,-0.16441503,0.023021054,-0.16130988,-0.11684943,0.13166575,-0.050875388,-0.029459491,-0.11840694,-0.10712032,0.068139546,0.062602185,0.17361842,0.15103632,-0.27646777,0.062381733,0.22002272,-0.028609036,-0.06404038,0.17681216,-0.05614995,0.017037835,-0.020839708,-0.18075581,-0.075162075,-0.04522829,-0.01013818,-0.07921199,0.22252709,0.19391792,0.10306337,0.053226553,0.11961761,0.064596154,-0.08681186,-0.030283123,0.062410466,-0.026763285,0.31236446,0.120571345,-0.08394332,0.06656506,-0.118767835,0.11049045,-0.015133702,0.041037448,0.0054980754,-0.00017686188,0.1215392,-0.128855,-0.060377616,-0.028454822,-0.073777504,0.13309813,0.10951412,-0.07280368,-0.009947852,-0.13863856,-0.08650989,-0.061402243,0.003068334,0.0062137907,0.16725338,-0.08479968,-0.14613192,0.042428493,-0.045902226,0.05404749,-0.01693889,-0.08585664,-0.03642996,-0.08892365,0.0927029,0.13759881,0.06349927,-0.10306015,0.12387065,0.02535731,-0.08809949,0.019929934,0.04388242,0.07307024,-0.13183309,0.055425223,0.053718243,0.1517416,-0.023435628,-0.07258117,-0.1677972,0.25695118,0.060034424,0.074381046,-0.09327775,0.061851196,-0.19161123,-0.08026004,-0.122859165,0.12853333
-0.026867026,0.102764726,0.0030387316,0.0064335344,0.12134955,0.10946617,-0.09133,0.16861528,-0.09200129,0.33834884,0.03403381,0.2163375,0.13130865,0.100549854,0.14200486,0.20134544,-0.05443092,0.09139772,-0.18131725,0.01741589,0.28983107,0.054912563,-0.15039854,0.12335211,0.4507451,-0.09582082,0.10531193,0.08894489,0.17097436,0.13649474,-0.031061929,0.016775038,-0.088605575,0.09124146,-0.12479177,-0.15698537,0.030948818,0.028511794,-0.06672548,0.16135386,-0.09275145,-0.17519964,-0.038344845,0.21144876,-0.036080796,0.18445122,-0.10574687,0.031224148,-0.040776912,0.2242811,0.34723547,-0.05471616,0.13133918,0.06945389,0.010493242,0.11598004,0.09639559,0.14544547,-0.17475423,0.14955194,0.032629017,0.09694991,-0.0044949306,-0.015711084,0.115275614,0.011661061,-0.16194081,-0.024128523,-0.13155527,-0.0051720114,0.09629212,0.1378783,-0.009851493,-0.22238553,0.16202722,-0.018345902,-0.14752008,-0.11788688,-0.1288581,-0.15388326,-0.14671247,0.07696448,-0.047655325,0.11421237,0.12356561,0.106472604,-0.11572006,-0.091061786,-0.05474868,0.14858547,-0.10432925,-0.008183938,0.44571656,0.14751066,0.21909136,0.14990515,0.2384353,0.14483202,0.027811995,0.13679202,0.21780623,0.061207652,-0.32896855,-0.07561153,0.14928912,-0.06882387,0.18870997,0.40221405,-0.094304554,-0.14740427,0.09391534,-0.03340682,-0.18685903,-0.4021715,-0.017206013,0.1805972,0.08346957,0.1498263,0.01592431,0.071236216,-0.20082319,-0.21080618,-0.08598661,0.07659819,0.06511204,0.04892545,-0.122754596,0.064954884,-0.08841612,0.1566859,-0.0108573735,0.3164519,0.4972536,0.05915127,-0.1734169,-0.11075691,0.18696384,-0.039979894,0.06779302,0.093928695,0.14533053,-0.3215964,-0.29723904,0.13400207,0.26397493,-0.12446164,0.009717186,0.03547221,-0.04498956,-0.08850014,-0.0836678,0.26755133,0.050359,-0.22406325,0.0769161,0.096406214,0.014328785,0.10613645,0.1611473,0.27357852
0.16736253,-0.20950104,-0.019052958,0.05534119,0.11286363,0.06938385,0.007088354,0.24138896,0.20110685,-0.32214266,0.023309927,-0.060186077,0.21409422,-0.027375165,-0.019197179,0.050036617,-0.16122347,-0.042936638,0.0094618695,-0.063887455,-0.08673123,0.18965869,-0.0145304855,-0.14470094,0.082265116,0.15990141,-0.04879065,0.32021976,-0.0029263615,0.058566615,-0.09663374,-0.07333166,0.012460604,-0.03658828,0.11737342,0.3318738,-0.15576993,0.33032623,0.22097602,0.055641707,-0.21337162,-0.1875392,-0.2029972,-0.25229263,0.00016070186,-0.1565968,0.22232182,-0.07894669,-0.30202055,-0.0959965,0.76107925,-0.3572009,0.008546327,-0.06323302,-0.04041013,-0.08883117,0.1638714,-0.10490607,0.024439922,-0.107126795,0.09440153,0.7235129,0.3324367,-0.17420466,0.2724966,0.10710777,0.15039791,-0.12811013,-0.18978012,-0.031146362,0.20407254,-0.19152841,-0.062621646,-0.025966413,-0.41154855,-0.36815873,0.11006986,-0.32720196,-0.04352438,-0.14821817,0.05999475,-0.032692898,0.05878418,0.15096731,0.20520206,0.1444428,-0.0011502639,-0.21839732,-0.07666747,-0.07802133,0.23751833,0.02075386,-0.19366728,0.15257034,0.2910032,-0.12595373,0.1498331,0.16988191,-0.19538069,-0.008378197,0.38597375,0.3082394,0.45496544,-0.118347555,-0.11143014,-0.21785472,0.06984014,0.3317491,0.22463293,-0.08010377,-0.01070664,0.32204014,-0.0061550112,0.4890719,-0.070731334,-0.24895865,-0.14687863,-0.08884612,-0.0023618517,-0.06675212,-0.06446125,-0.046499982,0.080734715,0.06145284,-0.1920243,-0.15112272,-0.052701637,0.070952386,-0.44087094,-0.17715646,0.5281062,-0.11814101,-0.041985363,-0.22770153,0.314755,-0.065864675,-0.383082,-0.032424964,-0.25350088,0.06164725,0.15446267,0.3213408,0.67290074,-0.23033573,0.1586441,0.11852115,0.10004438,-0.01567261,-0.09814554,0.005023703,0.22968814,-0.2575676,0.011066378,0.13097149,-0.33014238,-0.38541958,-0.008501156,-0.32048663,0.021068845,-0.1587879
0.09773544,0.047020514,-0.026649194,0.14626554,0.101681225,-0.021487653,-0.13021633,0.036257062,0.18259935,-0.10112953,-0.029341005,-0.05036809,-0.011120025,0.2400352,0.010141024,-0.014932492,0.28156957,-0.055204924,0.09106141,0.087159,-0.0117152,0.069694355,0.07599958,0.18877488,-0.172542,0.21465898,-0.11324136,-0.34384987,-0.106003486,-0.14205766,0.10391008,0.08962701,0.22001879,-0.3697362,0.09907106,0.052252337,0.26124647,-0.11045026,0.031226652,0.15053853,0.36904892,0.14509976,-0.15759303,0.30951855,0.1838935,-0.022474036,0.06628976,0.06504672,0.19536252,0.2373433,-0.42518932,0.19050294,-0.17454468,0.030832816,-0.030403143,0.2477596,0.39688694,-0.028281003,-0.032831598,0.036053192,-0.18383321,-0.14438063,0.040021446,0.016258754,0.11998715,-0.15632382,0.04826377,0.0257669,-0.06876942,-0.05447653,0.04518922,0.16640867,0.24409981,0.077199414,0.14032964,0.052950002,-0.026728889,0.08419723,0.089063056,0.16789943,0.084580615,-0.1259982,0.049886066,0.061016206,0.075914994,-0.2449036,0.026986687,-0.09205001,0.23954818,0.046524785,-0.27714264,0.062909536,0.27727333,-0.11720463,-0.12464313,0.057859603,-0.13677602,0.01555291,-0.10222442,0.020184971,-0.049054824,-0.1681,-0.13147357,0.15777077,-0.3070921,-0.22679098,-0.1771852,0.062831335,0.21602315,0.11757333,0.013840075,0.15381572,-0.1238783,-0.0053051976,-0.17625083,0.066243954,0.012812322,0.076523915,0.083897434,-0.044900607,0.17825603,0.0075037163,-0.055331267,0.23049851,-0.04692999,0.005808429,0.11286388,0.17416672,-0.093247116,0.051818617,0.028846674,0.12902072,-0.31140488,-0.03409347,-0.2961997,0.0012183473,-0.0756167,-0.08503789,0.103430875,-0.052531343,-0.051642917,0.24922022,0.20560044,-0.05685089,-0.18343934,0.1250394,0.06837206,-0.208361,0.18092577,0.120126665,0.093245484,0.21930991,0.033983257,-0.03279795,-0.043366533,0.13997328,0.07525882,-0.0866564,0.000525654,-0.0066822194
0.050694518,0.13463062,-0.04931314,0.07808829,-0.06360561,0.21573208,0.014241109,0.115033455,-0.049214967,0.013879426,-0.3480347,0.32733905,0.017466642,0.028720971,-0.31311327,-0.08281086,0.1692594,-0.15537214,0.09761627,-0.048597887,-0.14569952,0.08654173,-0.5062107,0.14572185,-0.22631261,0.18170312,-0.027940145,-0.07685809,0.11514414,-0.06279056,-0.081352435,0.008086047,0.060150363,-0.09700006,0.03786588,-0.037857458,-0.089132294,-0.037037052,0.06307516,0.26925787,0.017496087,-0.108259864,0.09639842,0.08574218,0.17401609,0.22228947,0.053469345,-0.09848405,-0.09553831,0.02616954,-0.24788643,0.107419886,-0.12537716,-0.026668245,0.14477766,0.22745533,0.23344962,0.07197979,-0.017996788,0.095255464,-0.056868058,0.13960831,0.15694512,-0.095901154,-0.17113316,-0.039944574,0.14563203,-0.46558005,0.011392359,0.0033884011,-0.058988746,0.3931121,0.18706582,-0.2268852,0.08485759,-0.2616028,-0.014918786,-0.19195296,-0.11671637,0.10629069,-0.009046452,0.02809062,0.20908393,-0.1915821,0.11397107,-0.01135494,0.14610882,-0.025729205,0.23209424,0.43079475,0.045031674,0.10112419,-0.15353574,0.15949641,-0.4819365,-0.14089788,0.39942652,-0.1465733,0.08014593,-0.02339049,-0.21161,-0.037162594,-0.5658255,-0.056224365,-0.23115303,0.03387065,-0.06501053,-0.017498255,0.05614863,0.16583274,0.0074984636,0.18462326,0.023095123,-0.20736209,-0.13974544,0.15540947,0.08181939,0.11371151,0.08047283,0.14982373,-0.01519192,0.032884136,0.17682727,0.09981993,0.12679143,0.07196799,0.039886985,0.21851288,0.0027738705,0.112955354,0.10460297,0.3024729,-0.036506582,-0.054682776,-0.10350202,-0.060255576,-0.16159719,0.0030493373,-0.18896145,-0.16276576,-0.018156165,0.67302495,0.023340484,0.08699237,-0.100892946,0.23256245,-0.08650065,-0.2619298,-0.009720611,-0.09815216,0.19388096,0.018626528,-0.1819872,-0.06417955,-0.16870672,-0.021823501,0.20504741,-0.18375586,0.013320718,-0.07917125
-0.013704292,0.008398798,-0.16377859,0.09660506,0.16675383,-0.120099664,-0.12346855,-0.05249343,0.10332796,-0.096689254,0.018907487,-0.1091783,0.08473004,-0.05505947,-0.04658649,-0.05233724,0.1704936,0.09863264,-0.053284466,0.16270664,-0.10221588,0.09295619,0.30133298,-0.06848218,-0.000496819,0.019211398,0.14711362,0.17530748,-0.16656493,-0.054516666,0.13170792,-0.016597249,-0.11298131,0.18859935,0.17713349,0.036453452,-0.116554424,0.0335272,0.027746553,0.08663749,-0.014578718,0.11074787,0.0724674,0.08567909,0.072324656,-0.0475015,0.011636838,-0.23096208,0.13718209,0.14098415,0.09343575,0.15098712,-0.09500803,-0.033775933,0.16688165,0.031927172,0.05180251,0.02605719,-0.11790874,-0.018395439,0.12615974,0.29047662,0.16729546,0.041640885,-0.016164321,-0.018063912,-0.08913625,0.052580725,0.0032706254,-0.05923044,0.16298419,0.21495092,-0.06276012,0.14232635,-0.013526453,-0.05538012,-0.19733647,-0.11990909,0.13485873,0.13548577,0.0818849,0.0062351273,-0.018732741,0.17204075,-0.0558201,0.041155055,-0.13126229,0.058906857,-0.21613921,0.18515936,0.11450153,0.26074472,-0.08165183,-0.08701144,0.045715313,-0.15368448,0.29973862,0.06682307,-0.033059556,0.07450176,0.1422647,0.10464986,0.61090726,0.06840793,0.24278718,0.074261345,-0.10886976,0.17725573,0.15048464,-0.15811601,-0.10403495,0.42543393,-0.16612084,0.5009944,-0.2080913,-0.006752821,-0.0211171,-0.27181086,-0.21091941,0.04603652,0.14825767,-0.029284853,-0.0020184384,-0.064139135,-0.1730136,0.06418359,-0.1996,-0.1576783,-0.15028991,0.25711936,0.1305575,0.071987726,0.13891195,-0.09143996,0.028105233,-0.1258423,-0.0078016324,-0.1321836,-0.1283539,0.14880201,0.14982021,0.007872358,0.025799831,0.077823885,0.3309725,0.01080425,0.18137264,0.16979964,-0.103201464,-0.09118504,-0.055509124,-0.05511041,-0.25633892,0.29834422,-0.05231729,-0.11707258,0.03427964,-0.08994398,-0.1283842,0.19883788
0.07946448,0.11779363,0.1786319,0.0629181,0.14646514,0.06749821,-0.10741348,0.12966074,-0.101582006,-0.18427984,-0.0657456,-0.17380549,-0.019155169,0.046474278,-0.19256651,-0.06754707,-0.17879035,0.0058278404,-0.105391406,-0.16383708,-0.037693877,0.009225029,0.08920108,0.115673475,-0.0469078,-0.23627527,-0.23269477,-0.21672232,-0.09056299,0.097629085,-0.1223963,0.16887249,-0.010694289,0.107252195,-0.019177018,-0.17376806,0.13120262,0.11027132,0.17967203,0.08709577,-0.049811542,0.0594644,-0.078528196,0.23504177,-0.015764648,-0.04260364,-0.19628568,-0.062088158,-0.23783706,-0.06669139,-0.27306673,0.031802535,0.0054950383,0.004286299,-0.008796573,0.081180625,-0.050739106,-0.07120013,-0.16366948,0.019971594,-0.082291126,-0.11764253,0.18736976,-0.1698207,-0.073291555,-0.20749791,-0.041236904,-0.01736955,0.115711085,-0.05391897,-0.046996932,0.05329013,0.017070033,0.02883207,-0.29503608,0.17941055,-0.070354305,-0.19730717,0.03638179,0.08741969,0.21937324,0.38918233,0.02913234,0.01781491,0.12165065,-0.074056596,-0.023827406,-0.084728025,0.023901088,-0.10721651,-0.009972505,0.059464462,0.5344895,0.16982588,0.08846312,-0.051408563,-0.0636983,-0.06198967,-0.09382411,-0.09420527,0.24969581,0.27418536,-0.13722055,0.020265242,0.16645445,0.09055883,0.10299684,0.13186724,0.1395853,-0.1581351,0.15689732,0.071733125,0.0053059235,-0.37628362,-0.10207141,0.1884811,-0.0031138542,0.2495735,0.15384501,0.34653974,-0.043521553,0.14127152,0.16426285,0.0654969,-0.075316355,-0.14746258,-0.13279039,0.08627404,-0.094134904,-0.044580344,-0.0720483,-0.04939049,0.18756172,0.0051748306,0.036706936,0.10957033,0.14020923,-0.025048802,-0.22120282,-0.13665116,-0.07003897,0.16961673,0.04454399,0.17792335,0.12477986,0.112978116,-0.21791331,0.0120153045,0.10660038,-0.14869429,-0.14607179,0.22346461,0.13298975,-0.12535958,-0.04405857,0.24325271,0.12241476,0.11281695,-0.0869906,0.15442173
-0.08673885,0.018257232,0.07782421,0.02892916,0.040890567,0.12138457,0.09874207,0.04056481,0.09162726,-0.0631481,-0.014461007,-0.13466439,-0.063976206,0.12728454,-0.14698328,-0.1634008,0.15857114,0.11957564,-0.12649049,-0.07509188,-0.031218093,-0.031669427,-0.09181019,-0.17191485,0.032287538,-0.14454654,0.1088873,0.14048769,0.076611534,0.016872214,0.09675187,0.058945805,-0.07229065,-0.019063793,0.09039498,-0.055281498,-0.012018199,-0.05637717,-0.07258344,0.06158637,0.13613541,0.1193982,0.10483301,-0.17868772,-0.015408119,-0.10861991,0.13519448,-0.16198054,0.05735192,0.062647365,0.15542208,-0.07059779,-0.012954734,-0.029074963,-0.13007817,-0.12890267,-0.027578792,-0.1215652,0.08043706,0.14629509,-0.07770182,-0.1234512,0.034165833,-0.106568776,-0.15624958,0.04828658,-0.042562116,0.10049809,-0.1535567,0.118651316,-0.08404618,0.009370214,0.08353676,0.011599959,-0.098737314,-0.13754696,0.13570532,-0.050361652,0.1403087,0.056225743,-0.08321733,0.12859075,-0.07724642,-0.029913126,0.066949144,-0.06543871,0.1353142,0.0125949895,-0.08728376,0.1033357,-0.12740162,0.04277699,-0.10596264,-0.03564461,-0.16664565,0.10367451,-0.16297464,-0.0730942,0.08974005,0.044340737,0.05593249,0.09602484,0.03486454,0.05720381,0.031206239,-0.067242905,-0.12121341,0.10346028,0.15154006,0.10000869,0.0964971,-0.07521906,0.068847515,0.036938276,0.141362,0.057178587,0.14964524,-0.06804457,-0.16291068,0.034508917,0.029704973,-0.075964704,-0.13578431,0.0833275,0.09563108,-0.00039176064,-0.07557971,0.07161045,-0.03824016,-0.0900448,0.07134307,0.08836069,-0.049303055,0.122716054,-0.08337532,-0.16833559,-0.17243172,0.08025961,0.0037075512,-0.058743563,-0.13214678,-0.14765008,-0.05202165,-0.06821713,0.12962261,-0.1746976,-0.09863454,-0.10153603,0.04322791,-0.12877408,-0.033729635,-0.107721984,0.12121651,-0.102825925,-0.00025026573,-0.07899282,0.07462343,0.16008405,-0.13318397,0.16661341
0.06380801,0.10514847,0.022186166,0.23592915,-0.038246803,0.10607759,-0.120865986,0.16483608,-0.0037742034,-0.025918612,-0.014315557,0.16057822,-0.029147655,0.01980333,0.034662496,0.11364239,0.0044455943,-0.021269187,-0.14888448,-0.117025256,0.052206375,0.5135807,-0.052368604,0.085261725,-0.03789677,0.13535997,-0.11634233,0.13889183,0.008222604,-0.16366787,-0.14550075,0.067052,-0.17633009,0.07272252,0.10308202,-0.15349343,-0.030848466,0.14766037,0.03998853,-0.0767608,-0.12523243,0.0033449465,-0.13441022,0.088837676,0.18277457,-0.08148046,0.0835515,-0.049209516,0.11386867,0.21951257,0.3091711,-0.07392661,-0.16137223,0.15284203,0.26999962,0.09328773,0.2577932,-0.1556293,0.033625558,0.06476136,0.32934603,0.34970677,-0.11447737,0.061841153,-0.051970463,-0.14254624,-0.15398403,0.0032567494,-0.017092103,-0.03336198,-0.1285197,0.06813044,0.021560522,-0.20346275,0.048438113,-0.023542468,-0.18707833,0.0033291637,0.051851496,-0.03574259,0.07211572,-0.030161917,0.14913072,-0.089808606,0.014990366,0.046359684,0.15976399,0.20071475,-0.1173787,-0.11691386,0.18029124,0.15270023,0.29623976,-0.08177376,0.25607526,-0.025986271,0.033680994,0.1080923,-0.11515416,0.1377156,0.26873803,0.49118763,0.11788137,0.03845355,-0.16398434,-0.013564061,0.16314344,0.31343424,0.14417677,0.11635615,0.048420385,0.22365177,-0.20869705,-0.086185105,-0.055720884,0.07547975,-0.06350561,-0.20311487,-0.28255102,0.18124872,-0.04467,-0.14991929,0.14590447,-0.027101442,-0.053568803,-0.08664948,0.03613884,-0.14012232,0.032941803,0.34294596,-0.2182283,0.08834436,0.20632891,0.014084449,0.028282963,-0.17462747,-0.053895254,-0.072535805,-0.19041094,-0.080721855,0.12974852,0.11264581,-0.0012199326,0.013451111,0.50472784,0.109756105,-0.18777223,-0.09411919,0.115303785,-0.13482223,-0.12865272,0.2882354,0.032537304,-0.09873887,-0.09542762,-0.07982529,-0.16057992,0.07678671,0.12890877,-0.011874641
0.19986315,0.10117905,-0.0832678,0.060146596,-0.04182285,0.015475185,-0.039262965,-0.12998162,0.06396139,0.23007378,-0.11220369,-0.13584475,0.21085514,-0.05434463,0.061672855,-0.11714477,-0.013509368,-0.15545653,-0.028003782,0.12300193,0.23705736,0.19257508,-0.15792859,-0.12484149,0.032774653,-0.19942786,-0.1260536,0.20980784,0.035252135,0.046099573,0.009125681,0.35509652,0.056647975,-0.12343677,0.12320559,-0.14325832,0.110236034,-0.20250677,0.006171978,-0.053530578,0.16046534,-0.029768948,0.06855082,0.26858726,-0.093280986,-0.00399926,-0.07499978,0.2356939,0.06711416,0.08744678,-0.105177626,0.28304845,0.1378227,-0.035858188,0.008822285,0.07686197,-0.032264803,-0.15299551,0.07387154,0.14789571,0.018965298,0.07491957,-0.070466734,-0.094100885,0.20238958,-0.071706265,-0.032890297,0.10216189,0.04995728,-0.050244335,0.05901638,-0.06552597,-0.19203205,-0.084502205,0.05917435,-0.09965602,0.06256099,0.22729057,-0.000506072,0.062865555,-0.031386144,0.10631618,-0.049499545,-0.0813601,-0.04222639,-0.111475736,0.07124655,0.14803882,0.094123855,0.2600929,0.12394755,0.24261266,0.37494496,0.14931639,0.3688681,-0.033294488,0.13630179,-0.038963825,-0.039139844,0.027331745,0.26899344,-0.032105256,0.05041352,-0.1120309,0.13921568,0.14526525,-0.036470395,0.24084261,0.075623795,0.05235258,-0.053507365,0.21862537,-0.114774674,-0.16316652,0.011872236,-0.040784836,-0.046914995,0.0377662,0.07606371,-0.02085238,-0.093399175,-0.08463102,0.10793839,0.023068877,-0.090044536,0.120368555,-0.02353681,0.049494006,-0.11796787,0.20617744,-0.071287625,0.3526882,0.1572613,0.024232049,0.025348948,0.15367255,-0.03956092,-0.02584986,0.20618035,0.027910765,0.07548054,-0.00077776995,0.046283647,0.15206127,0.16330098,0.10527799,-0.0850649,0.041383788,0.015941665,0.054075345,-0.16169316,0.42229638,0.009440835,-0.08902212,0.071969464,0.0734982,-0.07736543,0.07041879,0.15161487,0.11404553
-0.009298548,0.13454878,-0.104959995,-0.099346474,-0.14605874,0.08469939,0.046679467,-0.04794328,0.102606535,-0.08290029,-0.13068876,0.17185539,0.10336241,-0.079787984,0.11534113,-0.08090172,0.10281354,0.09514287,-0.020474166,-0.031424373,0.07921752,0.12609035,-0.17185444,-0.047111884,0.07943863,-0.045842588,0.13590884,0.08463237,0.010879904,-0.054699726,-0.087610684,0.03455563,0.011229888,-0.006431207,-0.06787148,0.08131826,0.0024745762,0.02613172,-0.09603175,0.09464249,-0.047836438,-0.100939736,-0.024915159,0.09595129,0.15555543,-0.054290116,-0.08864851,0.14795294,0.012849331,-0.0037437975,0.17308131,0.0048742443,0.13652614,0.07332787,-0.054705672,0.056224927,-0.023562938,-0.13633403,-0.16885053,-0.11819559,0.06441672,-0.048429318,-0.010088727,-0.043554083,-0.14489442,-0.09676201,0.09472686,-0.066058785,-0.018654943,0.015241072,-0.07516791,-0.01571402,0.066549584,0.042671144,-0.15551934,-0.17190167,-0.14316353,-0.07548035,0.049947217,-0.089748375,0.08437458,-0.026298374,-0.0055615753,-0.1705775,-0.0077043027,-0.07404204,-0.14221811,-0.07592209,0.053807616,-0.16173625,0.0626435,-0.09101197,-0.1265168,0.017316699,-0.0029466748,0.0973489,-0.07532293,0.13302958,-0.16015774,-0.10119766,0.037943825,-0.06787078,-0.04546015,0.005593404,0.06202221,0.043524176,-0.029290274,0.11063522,-0.0023448318,-0.02546975,-0.16915232,0.079683304,-0.10238511,-0.028903827,-0.041135117,0.08336404,-0.11508772,-0.032588273,-0.0926784,-0.035199836,-0.110220894,-0.0054892153,-0.159086,-0.16608733,-0.07029733,0.11075699,0.03922452,-0.057994843,-0.105591446,0.13946256,-0.030999064,0.08870265,-0.032426074,0.025875598,-0.14499043,-0.0083027035,0.16723076,0.03619021,-0.14288342,-0.04889509,0.16690618,0.03662981,0.08231315,0.14011887,0.14562985,0.08872607,0.07069525,-0.08534712,-0.12759887,-0.05014427,-0.09892382,-0.08936953,0.059622988,-0.10055903,-0.03625509,0.061189577,-0.15414205,-0.08403079,0.14082208,-0.13341258
-0.12194242,0.19356969,-0.09486369,-0.13012157,0.07251452,0.08270043,-0.053484194,0.031444922,-0.07668447,0.28964725,-0.07658403,-0.030747842,0.10633181,0.1406837,-0.1523158,-0.038966525,0.041487943,0.07467514,-0.1099017,-0.023638522,-0.0057217707,-0.2639241,-0.009674224,-0.01626123,0.2477668,0.026992697,-0.051133737,0.019570686,0.015666913,0.09660706,-0.13282414,-0.23277201,0.10926054,0.084954806,0.031480335,-0.057918087,0.053361747,-0.0790809,-0.15487891,-0.06547687,-0.14771296,-0.023106506,0.06335666,-0.012950447,-0.027540559,-0.024781581,0.1196455,-0.11577055,0.1902192,-0.22537087,-0.13412714,-0.17845549,-0.08547784,-0.05258953,-0.05478346,-0.07641394,0.09259455,0.09390704,-0.04767162,0.02223539,-0.08782642,-0.01812707,-0.11648236,0.061481643,-0.029283866,-0.19399786,0.053921685,0.1887788,-0.024671648,-0.14098936,-0.10650317,-0.0027806815,-0.11737871,0.013437569,0.05336669,0.18868509,-0.05129473,-0.09702867,-0.058809925,0.030806396,0.19992702,0.28302422,0.19782981,0.2274751,-0.13320385,0.054054845,-0.041741434,0.20950158,-0.0167809,-0.22815862,-0.022084977,0.07635817,0.15108098,-0.040251732,0.023711238,-0.06721315,-0.19402353,-0.13576867,-0.07279986,-0.006104406,0.072393365,-0.123025976,0.071211375,0.113849305,0.02960161,-0.0054873563,0.058027085,-0.22802635,0.17372306,-0.15092778,0.013425391,-0.11586418,0.037124056,-0.19013758,-0.13775563,0.18548295,0.22188166,-0.17803141,0.18239693,0.112611584,0.2649529,0.006198928,0.09166611,0.24005763,0.1502441,-0.09589153,-0.15677111,-0.082245305,-0.046475302,-0.19666149,-0.12074227,-0.2642182,0.31607866,0.12127389,0.11874848,0.18462926,0.048525367,0.015649678,0.06837396,0.13984394,-0.040410385,-0.28728065,-0.22914031,0.05497297,0.035566572,-0.07911462,-0.1279795,-0.17028639,-0.07577585,0.014224082,0.02318041,-0.021690166,0.03592596,-0.22409499,0.21819377,-0.19617146,-0.0030523886,0.104800306,0.23301652,0.25177914
-0.0022057109,-0.008570808,-0.04828513,-0.022032756,-0.10379011,0.020662606,0.06375031,0.1309471,-0.050930135,0.09558641,-0.3933454,-0.29614016,0.2519141,0.1027711,-0.14312331,-0.031612623,-0.021875132,-0.071345456,-0.1188033,0.16551912,-0.09204125,0.56143767,-0.09500332,0.05501042,0.3317953,0.18722554,0.11848775,0.15390259,-0.07468197,0.070336826,0.20509641,0.28037342,-0.06884016,0.043490563,-0.14435723,-0.12767832,-0.015301707,-0.04222698,0.20130518,0.19990553,0.23234612,0.097431,-0.048558045,0.14336263,0.04492666,-0.1151281,0.055689894,0.087626666,-0.123187445,0.37539625,-0.76585513,0.49810478,-0.018159889,0.10841098,0.1958869,-0.058458447,0.45998523,0.099441715,0.18034448,-0.01125504,0.30747205,-0.37011832,-0.28063372,0.10474599,0.44297555,-0.11434242,0.24203846,0.093595676,-0.03787195,-0.1275091,-0.04867778,0.15095079,0.00894614,-0.06696248,-0.083526716,0.103446834,0.15447207,-0.05284783,-0.07261783,0.53460985,-0.11404224,0.100950085,0.11321846,0.17380908,-0.12135749,-0.25061026,0.077246554,0.002050858,-0.0623166,-0.011906015,-0.2899424,0.18616353,0.49409515,-0.17426465,-0.08845708,0.17746225,0.25755215,0.1394537,0.11391583,0.14857009,0.014032434,0.18763687,-0.24748453,0.035276413,0.25764152,0.13426754,-0.02999135,0.17542613,0.08144887,0.15786923,0.11992313,0.1988759,0.0098048905,-0.39517167,0.13119416,0.053119723,0.05361337,0.0012490846,0.070947595,0.15353563,0.019408444,0.010104328,-0.06631491,-0.0281607,0.042013537,-0.20047572,0.08496536,0.006751314,-0.060934514,0.57014036,-0.5279221,0.21666464,0.22079006,-0.15513188,-0.09581215,-0.054463055,0.15580517,-0.024830848,-0.08109135,0.133175,0.15586022,0.15844147,-0.20505525,-0.041077085,0.31503278,0.15691285,-0.119412154,-0.25871775,-0.036840312,0.11735634,0.11759901,0.2182112,-0.28388125,-0.2997765,-0.22483172,0.19341378,0.028331641,0.12374694,0.005622874,0.2219954
0.3055611,0.08981715,0.1847447,0.07061442,0.1726608,0.14595449,0.08764077,0.33219805,-0.039475344,0.06853478,-0.12442331,0.11588122,0.003723059,0.1383253,0.004652611,-0.094025776,-0.13474286,0.12295408,-0.044982832,-0.150221,-0.22377205,0.6002558,-0.046828337,-0.11182046,0.25469163,0.15038402,0.13505523,0.14035973,-0.09910928,0.06908845,0.11096455,0.21346274,0.058212083,-0.029865714,-0.02567915,0.048002586,-0.044764064,0.26953697,0.07615255,-0.06997645,0.050370496,0.020365968,0.17499663,0.17446059,0.03917202,-0.08864856,-0.025295287,-0.06745571,-0.14702208,0.3388719,-0.30942988,0.038714975,0.096418194,-0.065788895,0.2272879,-0.027833827,0.16439793,-0.020448176,0.0001883906,0.13647334,0.18803824,0.04291016,-0.29097494,-0.116499156,0.1895012,-0.18997283,0.1780843,-0.18594465,0.026952177,-0.13807331,0.09965802,0.278572,0.11305723,0.044585165,0.035533614,0.27264494,-0.11438458,0.13898401,0.15997224,0.34502935,0.15772808,-0.14320762,-0.0010091133,0.27211633,0.046168733,-0.23048887,-0.007140727,0.18317126,-0.026397608,0.09626707,-0.115104,0.056612268,-0.023274718,0.07275329,0.08654337,0.21978211,0.08767014,-0.11106276,0.069250874,-0.05663971,0.1259164,0.3547691,0.12993447,0.13022612,0.039533548,-0.0035352232,-0.0046904613,0.038039334,0.1245566,0.025318958,-0.08802586,0.3496427,0.16386372,-0.37030715,-0.14640558,0.19127093,-0.10469377,-0.14255953,-0.032651372,0.040759195,0.1689262,-0.16329607,-0.04675654,-0.010359363,0.041926697,0.029589811,-0.04828893,-0.14696889,0.0023899502,0.13977554,-0.29121727,-0.2300001,0.2667342,0.1818665,0.23341295,-0.10457644,0.1231582,0.009303782,0.13067862,-0.06203276,0.04028807,-0.13117535,-0.2444789,-0.08184448,0.020520449,0.19940254,0.14556535,-0.24811816,-0.02523425,-0.0498194,0.02931522,0.058320668,-0.046921797,-0.272739,-0.070400655,0.14070196,-0.24608976,0.10840915,0.30296215,-0.027576603
-0.037930455,-0.08593557,-0.20115682,-0.031526566,-0.14381896,-0.14226785,0.08943546,-0.15462628,0.010399301,-0.11201727,0.1087837,0.040500198,-0.16076547,-0.06553742,-0.17201316,0.031563845,0.072448194,-0.123021014,-0.13939814,-0.09744299,0.022130672,0.4248271,0.34177637,-0.06539409,-0.081300676,-0.034952223,0.035475027,0.25678018,0.049507827,0.14506657,-0.13321997,0.2634941,-0.042975638,0.09908832,0.13551784,0.07549838,0.06743306,-0.056208316,-0.06929249,-0.167823,0.071791165,-0.17165396,-0.017160928,0.007899524,-0.1526252,-0.05677896,0.1463459,0.23517102,0.1145698,0.16045709,0.12242188,-0.017958025,-0.29964805,-0.085927576,0.06254773,-0.03732576,-0.12797704,0.15246682,-0.04560669,0.0019526811,0.052835915,0.29765978,0.13162054,-0.030016238,0.050076805,0.21992339,0.25273803,0.08203997,-0.09601526,0.14898224,0.013278019,-0.057530746,0.056488235,0.18589385,-0.103767045,-0.20522323,0.01435134,-0.1826864,-0.21151459,-0.059793733,0.012968107,0.28594255,0.22628976,0.068300925,-0.16815488,0.30556786,-0.037846573,0.12002035,0.15821631,-0.13723291,-0.028702475,-0.0971762,0.42230523,0.23158689,-0.06883355,-0.10813594,0.068254545,0.07647652,-0.09382212,-0.024048183,0.13887812,0.15756483,0.17929022,-0.13040459,0.09045898,0.0042478903,-0.2362883,0.13038115,0.11423959,-0.15245423,-0.1129816,0.21711083,0.031879216,0.063910834,-0.06801093,0.31976,-0.23619078,-0.0571892,-0.11463519,0.27733767,-0.17175733,0.18501177,0.023901401,0.3138107,-0.18698514,0.10634574,0.09047989,0.26810837,0.06442537,4.973079e-05,0.411778,0.3098953,0.059832927,0.2542754,0.059249397,-0.063471146,0.021316955,0.0008866446,0.04709272,0.15273254,0.113005474,0.1739886,0.2915452,0.014601551,0.2266837,-0.10033382,0.12065358,0.1106161,0.16539988,0.0434531,-0.02146383,0.11986118,-0.08422174,0.34434402,-0.33041307,0.36874008,0.20102878,0.015588191,0.050725996,0.25865987
0.012757026,-0.055278495,-0.13383153,-0.061051823,0.031780124,0.05488373,-0.15100949,-0.06956915,-0.004859697,-0.09291162,0.30971864,-0.2684169,0.12851104,-0.08892238,-0.026187813,0.15078065,0.12701702,0.097533576,-0.22159702,0.12419587,0.0650333,0.45652437,0.107475445,-0.13621582,0.2650482,0.124560535,0.005518578,0.08054802,-0.091932215,0.09221633,0.15587595,0.08964887,0.15188849,-0.09080434,0.14741091,-0.18109077,0.2294705,-0.13067228,0.16362956,0.230089,-0.022468328,0.08205211,0.022972392,0.06134254,0.1500469,-0.22741604,-0.0765705,-0.014052171,0.01990406,0.10294818,-0.3808466,0.16753754,0.18074141,0.12907764,0.11249379,-0.07744971,0.3075233,-0.08870117,0.17001264,-0.07713973,0.19989686,0.12337416,0.07102244,-0.02573006,0.4126939,0.13316992,0.037122115,0.23183277,0.03464129,-0.052215204,0.10820567,0.26534203,0.24936084,0.24422812,0.19239107,0.23522145,-0.12255538,-0.022399426,0.13535914,0.3454468,-0.018935788,0.15071097,0.035066172,-0.16174595,0.061482012,-0.19207387,0.12641382,0.24754015,-0.083456635,0.029521568,-0.12963338,0.2792062,0.21091236,0.11388451,0.08269362,0.026733814,0.08471161,-0.114741564,0.069965266,-0.13441382,0.026204133,0.21332619,0.07956043,-0.118665576,-0.039435074,-0.09130775,0.10289694,0.3041743,0.09161118,0.045192413,-0.16832735,-0.07685422,-0.073007524,0.043248147,-0.037668318,0.14677082,-0.04078096,0.014025994,-0.10688102,0.08840901,0.014673117,0.22410174,0.020362508,-0.032134242,-0.22456652,-0.15230279,0.14222005,0.2120279,-0.18878123,0.14814097,-0.08798877,0.33665442,0.094649665,0.008418783,0.22294359,0.06831999,0.206832,-0.1507253,0.10006774,0.10223685,0.18858206,0.5081851,-0.19273199,-0.16803221,0.15000279,0.110287,0.13498347,0.40218547,-0.1559571,0.08636187,-0.1051345,0.5069905,-0.09747136,-0.1124945,-0.07885754,0.30817497,-0.0067195804,0.05055534,-0.1256671,0.30854142
