-0.12894376,0.12834918,0.22357494,0.36249608,-0.021529133,-0.10135869,-0.41422197,0.2631658,0.21739092,0.039423186,-0.20423692,0.20342068,-0.44876942,0.12497112,-0.37468278,-0.28718454,0.021089267,-0.3926819,0.22154252,0.16839592,0.3593428,0.18463491,-0.011909212,0.09352672,-0.106431074,0.62675655,-0.0022507343,-0.16979067,-0.3038831,-0.0075336588,-0.052694753,-0.6713142,0.35548162,-0.15149158,0.30012068,0.24994428,0.11692103,-0.13525335,-0.12361667,-0.43759197,0.32148522,-0.10667766,-0.010262812,-0.038744472,-0.09559005,0.07765324,-0.34769288,0.05087158,-0.031643584,0.19299872,-0.21915229,-0.14198588,-0.08666109,-0.053073492,0.041568197,-0.036172494,0.282456,-0.113611504,-0.017272534,0.38512805,-0.0061775045,-0.43278998,0.046219673,-0.17882243,-0.29639077,0.05682168,0.09869265,0.083275944,0.2673253,-0.04919608,-0.114867,-0.007007238,0.22722216,-0.2457646,0.107652806,0.06564571,-0.08741284,-0.15819806,0.17095245,-0.031757385,-0.57362604,-0.009711186,0.18814287,-0.020506857,0.114765435,0.125885,0.3792656,0.12970021,0.083811864,0.021181203,0.1309102,0.07189145,-0.091914125,-0.19974223,-0.018533943,-0.15655637,-0.19611205,0.077478856,0.0583136,-0.18405999,-0.14218606,0.014081958,0.12708747,0.2966646,-0.32338947,-0.20452666,0.06477652,0.21965654,0.1439989,0.08162759,0.2647899,0.14104629,-0.28098997,0.20962694,0.16870463,0.29695252,-0.3023726,0.15885739,0.15846407,0.052835315,-0.2334676,-0.050451674,0.13172048,0.24167624,0.0729079,-0.028272629,0.090469055,-0.15483351,-0.20438607,-0.2400102,0.039685957,-0.120546795,-0.0065120426,0.043531578,0.3386062,0.27097583,-0.1485392,0.13449444,-0.052786984,0.24926704,0.13614023,0.12532534,0.010139809,0.13695017,0.19322886,-0.21822318,0.13717604,0.28901607,-0.009531269,0.14548878,-0.18525809,0.3938333,-0.23539932,-0.054704428,-0.20602757,0.45659274,0.6048109,-0.08135501,0.10562299,0.10189413
0.11030406,-0.11769109,-0.23251732,0.20237605,0.1628039,0.1569668,-0.03136073,-0.14291686,0.027555823,-0.22779177,-0.11874595,0.06320082,-0.40097076,0.00471612,0.007849493,-0.2329182,-0.14061232,0.1869845,0.07563982,-0.23059046,-0.25545335,0.1459747,-0.041928113,0.18055436,0.021565393,0.046917886,-0.35806522,-0.4075881,-0.028659845,-0.1236962,0.007285188,-0.3302881,0.0025823282,-0.33018625,-0.1704004,-0.49043056,0.16853125,0.080804564,0.031576205,-0.069133826,0.5100694,0.051094215,0.11067273,0.22412696,-0.14530173,-0.16146678,0.17460033,0.0901593,0.2098043,-0.24758285,0.24220236,0.19546337,-0.04005224,0.27382287,-0.01718713,-0.40474415,0.123745754,0.0835522,-0.5254785,0.245144,-0.3111056,-0.26601064,-0.03854538,0.33289215,0.16024412,0.11417998,0.1970635,-0.14784391,-0.07319688,0.017751418,-0.007085842,0.13882735,0.14344232,-0.47094062,-0.062481064,-0.28132144,0.32128155,-0.14302373,-0.20605668,-0.07778729,-0.091705866,0.013302866,-0.06519819,-0.024775779,0.0846132,0.06938195,-0.8012014,0.1760105,-0.14636806,-0.08094152,-0.010231611,-0.0042140866,-0.084167995,0.29819173,0.17674075,-0.7058708,0.28144884,-0.053089976,0.26580447,-0.2381594,-0.33647528,0.14837083,-0.18815143,-0.4453351,0.11723799,-0.040887017,0.2358162,-0.4034438,0.25524876,0.11245094,-0.6083821,0.3769749,0.086273625,-0.5378358,-0.12591729,0.18462016,-0.035972726,0.022949208,-0.04738386,-0.21015202,0.10791656,-0.010875854,0.3657953,0.33751225,-0.09670562,-0.12699074,-0.24506517,0.27952754,-0.0069149123,-0.26324368,0.427633,0.25774464,0.2546131,0.35481933,0.18052448,-0.40094012,-0.05499463,-0.34442088,-0.31334186,0.6046572,0.2523739,-0.21620306,-0.046352424,-0.19542798,0.2064115,-0.0117828995,-0.059935395,0.4095548,0.22679102,-0.09134047,0.01773316,0.106930986,0.05763449,0.16909164,-0.115439415,0.22522125,-0.35428807,-0.018318126,0.054774296,-0.040839273
-0.43971425,-0.14286053,-0.081702,0.077641495,0.015002652,-0.11652181,-0.40898767,0.12223181,0.47436252,0.21887743,0.036483657,0.091724284,-0.0078085456,-0.115822725,-0.113308676,-0.44142458,0.09616081,0.22772762,0.01905354,0.26737365,0.42925334,-0.2037977,0.27227682,-0.08807197,-0.18526046,-0.062397074,-0.03645684,0.24407332,0.059887234,0.00990599,0.003462686,0.06445279,-0.2168811,-0.25703177,-0.11277033,0.0033951965,-0.12612629,0.06574938,-0.052460562,0.003591897,-0.09248637,-0.09016377,0.4823944,0.27595416,-0.14538836,0.13407718,0.55016655,0.07559054,0.007435362,0.27277714,0.04302584,0.17988534,0.10256557,0.07983394,-0.36867046,0.20727994,-0.22189134,0.04295037,-0.0044229827,0.18810372,0.39173695,0.2550823,-0.1554267,0.08678421,-0.22559687,0.13501196,0.21867356,0.1381674,-0.09303777,0.056155667,0.6343399,-0.053333916,-0.1305681,0.014864333,-0.18747185,0.3000204,0.12408826,-0.04321201,-0.09180706,0.3065961,0.16175465,-0.08390334,0.20003583,0.46607912,0.015056065,0.12806684,-0.1397186,0.06859756,-0.30627084,0.38450232,-0.041969094,-0.24866319,0.24700771,-0.23271623,0.07282165,-0.19719744,-0.20482191,0.29689828,-0.10893031,0.010055516,-0.11338848,0.10117889,-0.13943672,0.08632897,-0.43102866,0.122872,-0.3985859,-0.12524848,0.15018716,0.08581679,0.23331392,-0.16245303,-0.34352422,-0.16992754,0.40905818,-0.017939473,0.12911604,0.04239638,0.093483165,-0.13645853,-0.069094196,0.16359024,0.124099165,0.18016012,0.05052056,0.014140534,0.40648338,-0.25440964,0.29417256,0.44747964,0.2210276,-0.07785895,-0.12763445,-0.26215175,-0.062931694,-0.050630406,-0.05046981,0.053801067,0.16104454,-0.014572866,-0.123722695,0.061536133,0.13512133,-0.16277492,-0.03361875,0.19098952,-0.24361375,-0.15543182,0.27600414,-0.09919189,0.14519615,-0.030975627,0.205894,0.003132981,-0.16681851,0.28220302,0.33660638,0.082715854,0.045728285,-0.10344604
-0.27495736,0.1582137,0.21305181,-0.14772272,-0.029360736,0.023708446,0.024695443,-0.15886939,-0.28411758,0.27169588,0.22964218,-0.014280848,-0.07764056,-0.2763828,0.456522,0.3468398,0.19329375,0.23316512,0.3294233,0.2392693,0.019388137,0.24234618,0.08593352,-0.18618,0.075423904,-0.31041884,-0.024524927,0.074846014,0.16852447,0.16370237,0.0051469966,0.4025563,-0.02520335,0.19548334,0.03726422,-0.15552087,0.13865006,-0.16628061,0.09085731,0.05968552,-0.9712629,-0.041166607,0.13475928,0.51708144,0.12048886,0.09409528,0.2982895,0.1782944,0.02632822,-0.31412902,-0.18918101,0.19893539,0.36599734,0.03208168,0.082433194,-0.3432575,-0.31359428,-0.4642906,-0.026004149,-0.4949605,0.35221705,0.40092298,0.3647424,0.0064990334,-0.1096441,0.29567057,0.096511684,0.08832383,-0.33951584,-0.0631421,0.039256714,-0.2596616,-0.40367213,0.4291519,0.1498238,0.0751086,-0.14640304,0.009539593,0.20518607,0.09848465,0.19444834,0.16723098,-0.34078595,0.35352945,-0.11096304,0.07664718,-0.2736465,-0.0068763318,0.0040615154,0.29833835,-0.06028209,-0.066911615,0.18528128,-0.0842014,-0.23637575,0.20650384,0.110701926,-0.16795555,-0.35571668,0.37198493,-0.0068744323,-0.27663475,0.16357106,0.079993874,-0.17274705,0.11943188,0.31218746,0.20825464,0.28090206,0.06315771,0.09016864,-0.20399162,0.09871095,-0.49078476,-0.017513169,0.027710127,0.36896613,-0.07478407,-0.2895311,-0.13618001,0.18606198,-0.11160221,-0.23996975,0.17022966,-0.06643293,0.10876464,-0.18779391,0.16648553,-0.10358029,0.11125728,0.031390786,0.10163099,-0.21955265,0.052140694,-0.024622168,0.21440761,0.26029488,-0.2902636,0.045568038,-0.13316032,-0.14311185,-0.08094059,-0.17162877,0.008779766,-0.0003127813,-0.09402176,-0.35289544,-0.25433165,-0.21792306,-0.051317897,-0.15169899,0.00573208,-0.08417035,0.309698,0.07081082,-0.25482196,-0.07840178,-0.026330458,0.24570413,0.2790282
-0.44722623,-0.080917895,0.032414943,0.02151073,0.015512503,-0.046414774,-0.2734826,0.33728734,0.41329944,0.3860494,-0.040094208,0.06748016,-0.19410871,0.16019043,-0.2522985,-0.09446266,0.23267499,0.00047076863,0.10588715,-0.37458205,0.11070186,0.0370229,-0.22147901,0.010091538,0.2707502,0.40806144,-0.102455795,-0.082149364,0.19762298,0.05754725,0.37038362,-0.026261477,-0.16571444,0.2059949,0.07104262,0.09717802,-0.2768387,0.0033198476,0.16663942,-0.3392927,-0.3132459,-0.008297106,0.34823108,-0.5712391,0.06358481,0.08922947,0.20440093,0.14140376,-0.09793953,0.268789,0.36785766,0.30608347,0.08465881,-0.10265601,0.018868726,0.030864505,-0.35523307,-0.5463216,-0.014824153,0.2407285,0.14310712,-0.3295107,-0.2538361,0.03126467,0.019443398,-0.4190948,0.16181406,0.06657661,-0.082203075,-0.02212831,0.5301966,-0.09857349,0.042929363,0.030726084,0.014299098,-0.033092152,0.0012611571,0.066896416,0.10108167,-0.15804222,0.13704309,-0.022485467,0.08425797,0.22670989,-0.08963885,-0.050197307,0.060136173,-0.23994184,0.3391203,0.3492493,-0.071271434,-0.20169072,-0.22938496,-0.28380954,-0.16999805,-0.7378539,-0.016561426,0.04988109,-0.5096271,-0.17567214,0.035181362,-0.14040081,-0.11394264,0.37832963,0.030672427,0.04433052,0.18138842,0.0665372,0.04068542,0.13927738,0.2837988,-0.17115368,0.27399632,0.10590697,0.13704482,0.15052414,0.20668846,-0.13692512,0.17822808,0.16887891,-0.40489262,-0.11138505,0.3477169,-0.10185859,-0.049952343,-0.07686337,-0.12220165,-0.2719067,0.007819809,0.60762626,0.1641281,-0.28819162,0.18386583,-0.37231115,-0.0101579325,-0.70744324,0.039866615,-0.092665344,-0.16343533,0.19339776,0.34567297,-0.44949952,-0.14034714,-0.30322477,-0.07878236,-0.035522524,0.18124366,-0.18516594,-0.06553936,-0.0178342,0.13806479,-0.6668451,0.19942765,-0.011217008,0.07591828,0.15082969,-0.276886,0.09119962,0.3007912,-0.4104927
0.014763753,-0.068339504,0.048580978,0.12152127,-0.11207233,0.15866265,0.2587905,0.08963996,-0.03396493,-0.12986013,-0.075004324,-0.088250026,-0.0811725,0.0557637,-0.0686611,-0.0026698972,-0.036259104,0.053676266,0.098559596,0.1103025,-0.10402044,0.07510759,-0.03558338,0.14076693,0.17087455,0.15983263,-0.20533957,-0.09971586,-0.03058908,-0.00025590975,0.014938084,-0.037272964,-0.14881337,0.006025989,0.38652202,-0.12097513,-0.18582563,-0.1445307,0.22343391,-0.110369734,0.26734224,0.072563946,0.19123895,-0.18871228,-0.12692654,0.06204166,-0.36589324,-0.15917887,0.071895264,-0.13840623,-0.24395739,-0.29902726,0.2001747,-0.13828355,0.10203916,0.06543835,0.15564255,-0.20887329,0.006437736,0.1859086,0.17793402,-0.012078683,0.004973823,-0.035587274,0.17812942,-0.11193138,-0.29894242,0.14510103,0.21193413,0.15589336,-0.062055543,0.13165344,-0.32292065,-0.18766612,0.1509621,-0.16956192,-0.19089317,-0.14733808,0.2324083,0.27514765,0.027948739,0.07018306,-0.17743824,0.14982714,0.018194841,0.08527715,-0.11847924,0.3353385,-0.15281588,-0.06850444,0.10717961,0.13743176,0.16213986,-0.03726102,-0.33490112,0.015663588,-0.07783401,-0.0684342,0.13326414,-0.24834687,-0.004972438,0.08492917,0.10746039,-0.091535814,0.32878268,0.010315446,-0.028835185,0.16947582,0.14164416,-0.09596776,0.33425987,-0.24389684,-0.124118656,-0.1482867,-0.17968394,-0.15464373,-0.16637859,0.08414039,-0.13562097,0.15091267,-0.21217823,-0.15574671,0.107382126,-0.046294477,0.07446405,0.015548172,-0.3809083,0.260147,0.07704417,-0.4299211,-0.12275171,0.044657096,0.31908342,-0.11594787,0.14296822,0.13464288,-0.11534558,0.19995752,0.16149071,0.025792219,-0.01767945,-0.022375595,-0.19780324,0.32108536,0.140579,-0.1632526,0.2045684,0.15408234,0.0055589466,0.04865132,0.25399092,-0.12057004,-0.06805828,-0.22057752,0.1711415,0.04463172,0.060430817,0.0571618,0.09698457,0.21541698
0.05110273,-0.08830937,0.22854675,0.4378476,-0.033628244,0.15273112,-0.21441545,0.088331565,-0.060832836,-0.3651193,0.14357898,-0.21475975,-0.09715084,-0.048521627,0.45670348,0.601302,0.15368068,0.21769594,0.039009094,0.01386573,-0.4363263,0.20146348,-0.07638892,0.036740698,-0.12810394,-0.24079429,0.014654042,-0.13727097,-0.1293793,-0.11417478,0.18665077,0.047809515,-0.032838758,-0.23465025,0.029973255,0.17979899,0.088113405,0.12869321,0.23857486,-0.21687604,0.3787326,0.10360159,-0.17881526,-0.3724416,0.17552274,0.06339745,0.07150089,0.39085633,-0.30980435,0.070156805,-0.059172217,-0.1206374,-0.38675505,-0.0066048014,-0.0387485,-0.3375037,-0.058216948,0.13198175,0.09941494,-0.2534763,-0.3666611,-0.02806976,0.101006016,0.18362519,0.5075824,0.06381759,0.36939144,0.01925831,0.35621253,0.14324842,-0.29789534,-0.20373341,-0.08134043,-0.28631595,0.28435868,0.06211387,-0.17124797,-0.1701547,0.18538733,-0.22506878,-0.18838158,-0.08310492,0.10982591,0.36668906,-0.057773463,0.1312889,0.10825514,-0.29175866,0.053638615,-0.14111423,0.047456868,-0.24493235,0.3575889,0.084412426,-0.19725238,0.50783014,0.0734673,-0.25901476,-0.18452698,0.30270335,0.1133718,0.24260734,0.04348328,-0.1371374,-0.2133768,0.23639044,-0.37191162,-0.11501183,0.16025317,0.06787683,0.2490361,0.28258097,0.08385976,0.5384498,0.026314698,0.33705673,0.072768405,0.070663966,-0.31270045,-0.04647765,0.20537624,0.16402799,-0.08486969,-0.038083054,0.12899414,0.03907831,-0.26012033,0.077804685,-0.048066597,-0.08009396,-0.07698748,-0.18243766,0.36595374,-0.3731969,-0.26444685,0.015346442,0.017698491,-0.36355987,0.007839298,-0.09383245,0.12215367,0.083381236,-0.066732064,0.20828556,-0.4791132,0.022531211,-0.26726002,0.13823892,0.16058196,-0.16563156,0.42615297,0.004951329,0.095203415,-0.3024336,-0.1340688,0.15559943,-0.40978137,-0.12758246,0.3883877,0.15748677
-0.06317224,0.08260767,0.026100198,-0.0043001794,-0.16200069,-0.14028838,0.5343855,0.3769841,-0.100057065,0.15174735,-0.11906856,-0.1221845,0.107726626,0.29308873,0.039461814,-0.13874346,-0.27899656,-0.25025705,0.14229766,-0.17217223,-0.39241192,0.56425136,-0.29425684,0.038626045,0.33947054,-0.056633506,0.07587467,0.12610441,-0.061452415,-0.1095869,0.12423463,-0.022136811,-0.033948675,0.4770221,0.027368708,-0.16195695,-0.18743686,-0.16791897,-0.21008232,-0.068940766,-0.5058635,-0.09845056,-0.32317942,0.2094838,-0.060314734,-0.1502906,-0.042602886,-0.10951076,-0.27623245,0.04328956,0.35733697,0.051474888,0.161383,-0.0060508354,0.3078415,-0.18481058,0.10504363,-0.3589761,0.13361035,-0.20844975,-0.12473768,-0.30637884,0.08848898,0.17733487,0.042169344,-0.1474995,-0.22490448,-0.095896356,-0.27336705,0.12544559,-0.08655204,0.38558283,0.28975344,-0.26728415,0.39744976,0.059653852,0.3223082,0.074485734,-0.048484664,0.11512172,-0.81756985,0.13575467,0.04553697,-0.1419992,0.110611476,0.17228243,-0.46366897,0.21493897,-0.28288826,-0.013143091,-0.23557614,-0.119493626,-0.17032892,-0.012340454,-0.03088775,-0.04505181,0.29030567,-0.38040456,-0.08092676,-0.49433392,-0.17546515,0.035668343,0.14505202,-0.07927006,0.11576241,0.010160521,0.3813404,0.28885055,0.13835844,0.096642755,-0.07334311,0.006056126,0.36318532,0.033787996,-0.15281509,0.063661404,0.16890487,-0.116987914,-0.52811414,0.27903798,0.09985137,-0.004042489,-0.0067817853,0.1447239,-0.04710508,-0.09955557,-0.06345397,0.5871719,-0.23597297,0.14639224,0.26465636,0.24040322,-0.14095779,0.28239033,0.25965458,-0.34044933,0.26578745,-0.51217026,0.1837868,-0.30271128,0.14109933,-0.018621659,0.13607424,0.15383635,0.17995597,0.009379178,-0.00416647,0.27434805,-0.14517605,-0.055898283,0.25510523,-0.09703145,0.047500074,-0.0636457,-0.23758923,-0.12140535,0.2642824,0.11970305,-0.30857548,-0.12991959
-0.15297472,-0.062776424,0.043391638,-0.07527599,-0.15778348,-0.07586104,-0.11401826,0.33189207,0.3061204,-0.10252557,0.058125127,-0.02655652,-0.41455635,0.15577585,0.02123302,0.20946142,0.22335629,0.40779915,-0.15714687,0.0046930495,0.048655994,0.022050196,0.06748995,0.2898302,0.13482082,-0.060671985,0.14917111,-0.34296384,0.23590858,0.1060371,-0.054637484,0.26649404,-0.23930603,0.1568497,-0.00671113,-0.2671131,0.1339127,0.0043663913,0.122019164,0.13532002,-0.08704436,0.034778148,0.024990533,-0.3507094,0.13653398,0.07576321,0.531979,-0.023162728,-0.0653934,0.09380193,0.09502999,-0.056777153,-0.10199273,-0.111127965,-0.045865286,0.6831468,-0.111953996,-0.30230567,-0.036240984,-0.10217283,0.13685867,-0.13792838,-0.14890343,-0.18791491,0.14353234,0.12178431,0.18017319,0.2183439,0.10509868,0.05156187,0.3092511,-0.08146887,-0.36285943,0.16433716,-0.21845208,0.15546782,0.11667823,-0.1527217,0.112180196,0.011578096,0.4410269,0.12502448,0.44322932,0.17629099,0.06809707,-0.16013561,-0.09860126,0.21175021,0.116355196,-0.0055675516,-0.12534083,0.01413868,-0.26292774,0.17798252,0.26707,-0.04759026,0.077495635,0.022414686,-0.38464314,-0.03722638,0.07347242,-0.13111113,0.22186135,0.1429142,-0.121200375,-0.13318303,-0.33925095,-0.20146205,-0.22661301,0.07223738,0.26018935,-0.23160243,0.013495153,-0.18973474,0.16747724,-0.022434639,0.13038355,0.052935306,0.05160126,-0.30462566,-0.05904879,-0.16832317,0.123566374,-0.070164636,0.15898608,0.13261099,0.2917527,-0.11212906,0.62706363,0.28266752,0.04539377,0.0012919538,0.44739467,-0.025093313,-0.14751057,-0.36005184,0.06588467,-0.13462566,0.18964206,-0.24410774,-0.38484955,-0.05791481,0.11901086,0.2846286,0.04973877,0.16255805,-0.36377752,0.027789814,0.23822269,-0.030873174,0.11838239,-0.17465007,0.13623877,0.015388072,-0.25816578,0.25124,-0.27741632,-0.03082405,0.31037092,-0.72161925
-0.102447666,-0.110079475,-0.19113524,-0.38477498,-0.06408633,0.08927153,0.36218587,-0.20668526,0.29426762,0.16385087,0.02490017,0.021863444,0.11629778,-0.2524423,0.19884276,0.2986756,0.07453188,0.3106608,-0.14926723,0.36955553,0.16333172,-0.25825167,-0.11284198,-0.05297299,0.11319542,-0.53563905,0.07553275,0.107804656,-0.22037205,0.15257598,0.22243345,0.21550721,-0.049010392,0.1532555,0.18184271,0.07221964,0.018482497,-0.069416896,0.104255736,-0.048578504,-0.19346276,-0.08206255,-0.027094271,-0.14584295,-0.07962909,0.052328426,0.23443891,-0.023836398,0.0845088,0.43655476,-0.43231323,0.19887915,0.1827604,-0.17841132,-0.044111207,0.3273457,-0.12355583,0.01538551,-0.18616828,-0.48830822,-0.04546313,0.3623736,-0.097435884,0.20695347,-0.30151665,-0.23676829,0.2307177,0.18786383,-0.13355638,-0.16877975,0.41711944,0.13868503,-0.47252238,0.507991,0.2597594,0.053902384,-0.031163517,0.103715025,0.02650792,0.18859519,0.6727327,-0.006377802,-0.31607223,-0.05997362,0.12806542,0.15753138,0.43477264,-0.18297793,0.19851679,0.16908862,0.07333889,-0.25561458,-0.33977097,-0.07714807,-0.30168444,0.3604565,0.043367058,0.37002653,-0.100491896,0.25683334,-0.22283262,-0.0955975,-0.17243594,0.10987374,0.20184056,0.6011366,0.10299661,-0.1093296,-0.15562876,0.02604167,-0.25462422,-0.5208352,-0.28841555,-0.20752864,0.0073337336,-0.015049246,-0.21322314,-0.16250551,-0.035515133,-0.2831569,-0.27293155,-0.13091238,-0.48292917,0.12697203,0.04006424,-0.009748462,-0.3883316,-0.2760617,0.023200031,0.15894718,0.20861818,0.052649703,-0.35388112,-0.42795238,-0.05348495,0.4932151,-0.247619,0.4941822,0.21990813,-0.25607994,-0.28442004,-0.07413727,0.017517025,-0.13009578,-0.54513866,-0.019496536,-0.04919217,-0.22197598,0.06267756,0.040231835,-0.25133577,-0.8293832,-0.14626834,0.26626417,0.1458657,0.13739766,-0.20476674,-0.062135007,-0.2353506,0.31290972
-0.2112927,0.11230625,-0.74886805,0.48339954,-0.08096572,-0.1438942,0.077806436,-0.10238652,0.15670016,-0.700113,-0.19385551,-0.26608804,0.21878962,-0.15046895,-0.23736723,0.50098544,-0.13918148,0.03753111,-0.06866373,-0.049283322,-0.4013256,-0.35197195,-0.13586581,0.3303835,-0.49776423,0.0682292,0.24426019,0.1457942,0.004273825,0.13675876,0.31261548,0.31156975,0.05164795,-0.07891986,0.036745757,-0.07861272,-0.18727978,-0.1488289,-0.28083646,0.26741257,0.0092377905,0.16236821,-0.011343838,0.42893055,-0.16577555,-0.001332291,-0.2781153,-0.18300524,-0.11653736,-0.27303115,-0.016399529,0.18566056,0.08239717,-0.051288433,-0.29509124,-0.20151415,-0.37800166,0.17023998,0.40946788,0.20267871,-0.13811502,0.20547153,-0.08550699,-0.051125325,-0.043663632,-0.123162456,0.11523132,0.25583082,0.03336266,0.076002516,0.12323118,0.13466631,0.06531463,-0.047120623,-0.22443016,-0.10293441,0.082055956,0.02445185,0.24507333,0.15451078,-0.16205776,0.15876518,0.069350936,0.19648841,0.14593832,-0.011369332,0.43179157,-0.23381257,-0.062750205,0.46979484,-0.34595853,-0.14369652,-0.25968555,0.039495043,0.11979418,0.18550657,0.36454374,-0.2245555,-0.3926883,0.17632005,0.038824238,0.36653334,0.004534457,-0.068632126,0.12207273,0.18191631,-0.3757648,0.26155272,-0.6472812,0.15711457,0.087341554,0.32219225,-0.022339549,0.3154894,0.2011359,0.07367267,0.20470762,-0.120779425,-0.3800207,0.0062358403,-0.12680729,0.1083379,-0.16593178,-0.1634197,0.059054952,-0.11239537,0.03863851,-0.040805604,0.42113438,0.25347966,-0.21255298,-0.32030568,0.105347894,0.1068519,0.09915508,0.6247577,0.35338992,-0.5145913,-0.025584048,-0.15947229,-0.0031750004,-0.14020276,0.037380144,0.19849083,-0.092488475,-0.046992324,0.33032668,0.26600176,0.06887322,0.039472304,0.097097516,-0.1398115,-0.30582064,-0.15871713,0.02872034,0.3291549,-0.081540376,-0.016977675,0.23205309,0.012813039
-0.12575476,0.115202315,-0.06487354,0.19801985,-0.114713244,-0.17709553,-0.015371127,0.058254514,-0.14194056,0.23609568,-0.36833665,0.21165502,0.24469018,0.046336085,-0.15652072,-0.07137928,-0.15098464,-0.07985425,0.306653,0.00292382,-0.06010718,0.13275762,-0.108736716,0.09747347,0.19295195,-0.22856057,-0.11757993,0.045367908,0.47215194,0.0040509263,-0.04723062,0.14071883,0.10862365,-0.023812456,-0.065740965,0.20492968,-0.0103485985,0.039850164,0.21409287,0.4121024,-0.07241993,-0.06732928,0.33776334,0.16434292,-0.0574492,0.17378123,0.27479818,0.3455193,0.19199517,0.358657,0.29837444,0.13037379,0.18587646,-0.023357896,0.26302773,0.011701691,-0.19124356,0.063269556,-0.051901363,0.10046788,0.3441765,-0.16249892,0.30947277,0.6023766,0.03912202,0.030448735,-0.013307844,0.16353045,-0.096146695,-0.01307366,0.13810949,-0.039153926,0.16969608,-0.12884054,0.20080242,0.27560073,0.10715888,-0.025004018,-0.2229005,-0.120529145,-0.1022402,-0.028245876,0.06777507,-0.04888802,0.047434434,-0.150489,-0.09823362,0.051567324,-0.08694771,0.163019,-0.032032505,-0.4338143,-0.11319105,-0.2043954,-0.19524166,0.14617462,0.49122673,0.3094992,0.14357819,-0.34169188,-0.33300874,0.26615617,-0.26464435,-0.10832599,-0.160413,0.51066154,0.41073838,-0.22022103,0.03350671,-0.07162038,-0.3898697,-0.10359282,0.11961565,-0.36181468,-0.043114435,0.1723337,0.06865166,-0.06748275,-0.108995214,0.13787732,0.13031118,-0.053325634,0.16504592,0.47516388,-0.08574097,-0.14836375,0.004313714,0.17491315,0.21793208,0.284651,-0.134334,-0.008288543,-0.47473466,0.19807965,0.04720261,0.13634548,-0.25473848,-0.30732504,-0.078061685,0.17856742,0.36436018,-0.042720575,0.023202164,-0.3937317,0.0020607635,-0.043693002,-0.14730343,0.5743842,-0.11182042,-0.14428824,-0.12158929,-0.16082795,-0.20430331,0.19212076,0.033943594,0.10929766,-0.16298336,0.10960214,-0.30075064,0.21511203
0.09368395,0.1461312,-0.044455286,0.33042696,-0.10083027,-0.14457716,-0.31960294,0.07726305,-0.2784624,0.034444712,0.50138015,-0.21985133,-0.15663391,0.023656914,0.14549151,0.377294,-0.09694224,0.022174811,-0.12735769,-0.21917659,0.09387954,-0.119280115,-0.08530004,0.07828874,-0.0044543264,0.3109996,-0.3460743,0.09946624,-0.08535673,-0.08505005,0.1295493,0.10503921,0.07360131,0.1052791,-0.3222844,-0.08429619,0.043096434,0.08624779,0.2674329,0.0016605095,0.3786318,-0.098982975,-0.19005454,-0.4537042,-0.015002996,-0.15314937,0.25641403,-0.14010842,-0.51580435,0.5030329,0.074777834,0.21190648,-0.57666934,0.078199536,0.40111402,0.1229963,-0.18744889,-0.06801428,0.020749193,-0.08112175,-0.22474481,0.31676635,0.16456208,-0.065481536,-0.010394619,-0.32097384,0.4043127,-0.036914434,0.21089613,0.0088309795,0.09180694,0.17856933,0.25222796,-0.062089786,0.14792988,0.008454932,0.14516805,0.12742347,-0.020583328,0.16627115,-0.30691192,0.0145908585,-0.17227279,-0.075745605,-0.01938891,0.0006626853,0.13925035,-0.29628882,-0.3311393,-0.254362,0.024092892,-0.17235328,0.15329514,0.053144805,-0.211877,0.22854923,-0.02835588,-0.18866134,-0.015151889,0.38526645,0.15852717,0.19689749,0.1346241,0.13566901,-0.04337216,0.26865134,-0.43031412,0.26725018,0.15010315,-0.096018806,0.117840834,-0.09047027,0.14439724,0.48145425,-0.14827658,-0.06025153,-0.08121327,0.14152835,-0.14773838,0.3219829,0.22600113,-0.019369429,-0.0010881661,0.03135469,-0.028966786,0.036136825,0.4025068,0.03604179,0.19602412,0.14389811,-0.44912884,-0.3187357,0.41780177,-0.4711645,-0.23967613,-0.13023973,0.28672138,-0.5559462,0.35939562,0.15286501,0.11498968,-0.21993358,0.20950514,-0.23486966,-0.21370289,0.20502648,-0.073407635,0.62361073,-0.23080344,-0.040418413,0.21539013,-0.18590449,0.10963509,-0.15043642,-0.04162926,0.23414479,-0.14159848,-0.12363957,0.4187656,0.67615414
-0.31850874,0.10375953,-0.20141718,-0.09444617,0.10015754,0.09954858,-0.022657514,-0.22315425,-0.12984355,-0.2521736,0.22326903,0.13670656,0.1512259,0.20548995,-0.15824847,-0.48707378,0.16766423,-0.3322449,0.31948313,-0.2285659,0.17676376,-0.33619785,0.32019925,0.09000572,0.03323929,0.094174914,0.00385199,-0.40986338,0.22997612,0.03450289,0.038821727,0.10216504,0.36144915,-0.24258885,0.0027692448,-0.094513044,0.27014443,0.07319162,0.08964718,0.26456437,0.7079858,0.121850364,0.27367264,-0.0792478,-0.12805623,0.0060163965,-0.36537176,0.27954537,0.19971347,-0.15535392,-0.2050314,-0.15253554,-0.11262937,0.030889412,0.08894521,-0.15312894,0.2303891,-0.065857135,0.110508315,0.2121979,-0.083126254,-0.050748363,0.102651946,0.21307573,-0.10046146,0.22625948,-0.04159244,0.26794627,0.17653234,0.06404838,-0.059352826,-0.34536028,0.04268303,0.0650975,-0.13927713,0.04368796,0.18153773,-0.022905061,-0.23232307,-0.18112373,0.12166674,-0.1470674,0.07895141,-0.34644842,0.09031172,0.04341552,0.44105044,-0.015082013,0.28698778,0.04565635,0.08095668,-0.079729885,-0.034858968,0.005427066,0.2951211,-0.15596233,-0.16870718,0.24186566,0.36075062,0.57238615,0.16685243,-0.083770275,-0.03672368,0.10558287,0.26170346,-0.15272573,-0.012211272,-0.26868135,-0.36569402,-0.13649045,-0.12903404,0.23806413,-0.14611876,0.38332382,0.12645525,-0.10805818,0.055898003,0.13496207,0.5059091,-0.00087552,-0.3584719,0.11807674,-0.0133354375,0.019448768,-0.08626108,-0.030957764,-0.20351802,-0.20481062,-0.36894965,-0.15853411,-0.06844263,0.13621327,-0.23256624,-0.17299955,0.051583733,0.5664029,-0.16431963,0.38788992,-0.24313997,0.28217348,0.20259216,0.014551688,-0.14789164,-0.038505793,-0.058201924,-0.12682354,0.43533316,0.15021263,0.0841166,0.14918996,-0.27269477,0.36047706,-0.0035297067,0.018054066,0.05656208,-0.22627994,0.029051352,0.039251644,-0.12379308,-0.002076145
-0.023937674,-0.13755493,-0.3572881,0.021629715,-0.022944849,-0.107408516,-0.2199631,-0.24260414,0.1353422,0.19580574,-0.15994406,0.35034078,0.49675265,0.21412551,-0.13459931,-0.15510851,-0.089102186,-0.1438323,0.236154,0.3178697,0.028803933,-0.056887083,-0.19703065,-0.21773453,0.35308373,-0.6394164,0.12945631,0.110729165,-0.29133564,0.16768077,0.17056182,0.51840985,0.25853497,-0.057003185,-0.25077555,-0.012478575,-0.056497417,-0.02299532,-0.18160358,0.27433032,-0.22301707,0.10946915,0.15408607,0.31132084,0.10055291,-0.016545484,0.34408635,0.10326058,0.13487735,0.29651675,-0.30625182,0.15077484,0.30120882,-0.07465723,-0.03861386,-0.15242521,0.042105515,0.12513968,-0.20445804,-0.27157208,0.4035726,0.37895748,-0.13616666,0.4369829,-0.28223804,-0.014883592,0.27285212,0.07012867,-0.065807156,0.07258977,0.2676413,0.041702755,-0.17528379,0.24809785,-0.0025165281,0.13800396,-0.14345662,0.16040953,-0.038395025,-0.14184397,0.5179708,-0.031390745,-0.27196842,-0.23893492,0.15059978,0.0012504462,0.5012436,-0.8204348,0.017191654,0.43243533,-0.18096478,-0.811445,0.36844137,-0.2647203,-0.31769416,0.32951427,0.18897912,0.53943,-0.36833602,0.5986649,-0.034750644,-0.09521391,0.14053664,0.2288356,-0.13771057,0.34092426,-0.17445211,-0.024088345,-0.55911255,0.052632745,0.19345446,-0.356326,-0.2104089,-0.073317155,0.19721562,-0.2263107,-0.043359812,0.06775587,0.3752508,-0.3872102,-0.3339417,-0.11835893,-0.23824196,-0.21380633,0.07269125,0.1438854,-0.0025553282,-0.5405547,-0.24259092,0.32779375,0.08724212,-0.39896956,-0.19327202,-0.9746332,-0.4406266,0.8458893,0.17063314,0.41850126,0.41049823,0.36649707,-0.27631962,-0.5243287,0.010408294,0.13729288,-0.6018172,0.19468237,-0.1743188,0.316084,-0.1441913,0.02936269,0.07510917,-1.0803376,0.16441199,0.31341082,0.2814313,-0.3138417,-0.26399484,-0.16017635,0.15231177,0.60543364
0.08906908,0.04710928,0.01960661,0.15587085,0.050482556,0.068155125,0.015334768,0.025710316,-0.26247036,0.21662833,0.29235917,-0.08329344,-0.22283475,0.19570015,0.0064903656,-0.01828088,-0.053871978,0.05202586,-0.01663973,0.37951425,0.25519267,0.347749,-0.08913464,-0.049892597,0.37542316,0.07110108,-0.14400662,-0.11588655,-0.14789078,0.11548711,0.0035736626,0.16119123,0.050063193,0.024685428,0.076086715,-0.27728686,-0.0150609845,0.11825984,0.036187463,-0.027016435,0.052671723,-0.17555112,0.13850144,-0.4727501,-0.10369951,-0.115968056,0.4489399,0.031658,-0.21724671,-0.003100639,0.06083655,-0.028700775,0.1889365,0.14655814,0.07528921,0.1752711,-0.0051811775,-0.3539021,-0.13816743,-0.22601485,0.1193868,0.15489304,0.058828484,-0.16942698,-0.31933594,-0.16999128,0.43629408,0.16508499,-0.16978183,-0.041153997,0.53101736,0.24484633,0.15288994,0.07238595,0.4085602,0.17868613,0.17336601,0.04391511,0.06837202,-0.02298831,-0.3143337,-0.1050937,0.09041769,-0.23771754,-0.11742801,-0.0809235,-0.031010367,0.15821137,-0.46230486,0.03919774,0.0025352426,-0.15038346,-0.018815586,0.10064371,-0.405204,0.11029249,0.19661464,-0.11194291,-0.5461022,0.19061497,-0.35483384,-0.15807167,0.05252463,0.20073251,-0.1557508,-0.0496849,-0.20020957,0.3428181,0.13219234,0.023631698,0.124092974,0.04067982,0.13386537,-0.3089106,-0.068152174,-0.25937605,0.10944599,0.11713518,-0.31754822,-0.12163018,-0.16314737,0.06797657,0.02824543,0.04508318,-0.06215858,-0.007093256,0.14618433,-0.18523729,-0.23557356,0.041122433,-0.14963517,-0.24873304,0.2301666,-0.17785184,-0.05155076,-0.08713606,0.458092,-0.45533577,0.32899454,-0.15892357,-0.12467768,0.05247146,0.00048494333,0.1951233,0.17022827,-0.10716441,-0.1536704,0.221661,-0.02759644,0.044731185,-0.21602468,-0.04582782,0.31372502,0.12333194,0.25480127,0.29664627,-0.008269137,0.11312607,0.14525837,0.48383975
0.27742013,-0.05709312,-0.18206024,-0.018059451,0.007594409,-0.09907493,-0.13879071,0.21835801,0.5021712,0.063346736,-0.4451877,0.23130389,-0.12374565,-0.101355,-0.18488544,0.15207303,-0.22554618,0.41331628,0.056947768,0.16541523,0.18459219,0.069941625,-0.07859284,0.15930785,0.22191913,-0.10338034,0.0866989,-0.016521722,0.3808451,0.07959623,0.18866281,0.30430046,-0.26195213,-0.13095295,-0.08832766,0.066429876,-0.08940247,-0.08696267,-0.10971737,0.27723345,-0.16441393,-0.15876846,0.19051278,0.1513961,0.08220863,-0.034933638,0.8916691,0.1361661,0.21374725,0.058311265,0.4607347,0.122664995,0.0330271,-0.105848975,-0.13632774,0.48774713,-0.109410316,0.058407936,-0.12488783,0.30292574,0.07118732,0.09230399,0.0124383215,0.22442839,0.06320294,0.02166259,0.030472139,0.07388748,-0.0074194334,0.11337296,0.33205694,0.24963087,-0.00228867,-0.1109188,-0.009709842,0.14494945,0.34172854,0.08924031,-0.24849708,0.005979746,0.33383158,0.040854774,0.16204341,0.13863952,0.049822573,-0.008339479,-0.46078232,-0.06307188,-0.322437,0.2515686,-0.28051314,-0.26276052,-0.45158663,0.0050823027,0.20069277,-0.120140925,0.03219886,0.20202747,0.022359794,-0.26515934,-0.007788333,0.12458614,-0.11916296,-0.057384107,-0.17568745,0.372834,0.12686555,-0.13800684,-0.14088894,0.108252615,-0.004504345,0.0963943,-0.0373732,-0.28177306,0.32387215,0.316016,-0.04918565,0.07121112,0.1365377,0.07219622,0.3332338,0.12723505,0.09868374,0.26172358,0.15470618,-0.14905739,0.07888064,-0.21113065,0.6448852,0.4662726,0.2708977,0.13459086,-0.22136465,0.10073421,-0.08876668,-0.41655067,0.09178251,-0.04038661,0.014275263,0.25357223,0.09470332,0.23425938,0.308825,-0.17940648,-0.2859587,0.08016125,0.008492331,-0.13287087,0.3533675,-0.12436433,-0.04635625,-0.34648716,0.0027863653,-0.11150852,-0.22628726,0.41239765,0.09721062,0.01944735,-0.09835061,-0.13123873
-0.04856745,-0.03656146,0.21822768,-0.04881656,-0.09684567,-0.01611169,0.069278345,0.07495849,0.15184441,0.042252492,0.3791014,-0.19118105,-0.08309993,-0.05927218,0.104579374,0.18742336,0.07652622,0.45512062,0.36520568,-0.27321863,0.104915425,0.3751493,0.21971971,0.09861681,0.06330476,0.19547237,-0.25869176,0.04609895,0.2953788,0.111573495,-0.012960703,0.14794786,-0.07320421,0.2088021,0.39124116,-0.11332085,0.3176979,-0.16500954,-0.16090801,-0.13433628,0.06434702,-0.14103945,-0.2102413,-0.19443603,0.12224975,-0.1040612,0.34327373,0.1633436,0.22472908,-0.15694605,-0.5351219,-0.10849266,0.48298326,-0.14951761,0.23075886,-0.07760092,-0.21218827,-0.48214608,-0.13826153,-0.07735259,-0.24897954,-0.231586,0.15104921,-0.25843704,-0.17400654,0.47310767,0.12562537,0.29958048,0.067218155,0.14118896,-0.4257907,0.0097762225,-0.17036256,-0.12544322,0.22460572,-0.19783019,-0.008773305,-0.16200717,-0.24018584,-0.06404327,0.5224511,-0.047065664,0.10426778,-0.15412773,-0.08149037,0.14504091,-0.03469014,-0.09256088,0.24592552,-0.21044625,0.1784985,0.18249276,-0.40464118,0.15613794,-0.14011283,-0.04621518,-0.05807377,-0.07703479,0.13443217,0.16832148,0.15080303,-0.033553887,-0.0015185343,0.32735074,0.11047143,-0.2262589,0.2877775,0.11171544,-0.08966808,0.058583327,0.17910372,0.16540125,0.4237216,-0.10755665,-0.22482125,0.32325187,0.17067221,0.011580583,0.015595606,-0.016555268,-0.014732519,-0.10556172,-0.114118055,-0.05552193,-0.07519743,-0.14194544,-0.25016478,0.21806177,-0.061386637,-0.15330786,-0.29433736,0.18209659,0.115067296,-0.036669422,-0.02218117,-0.22030705,0.20900011,-0.14263986,0.15132138,0.035379987,0.043815207,-0.12594265,0.2598931,0.2087132,0.054318238,-0.12095819,0.28840226,-0.19662872,-0.13490933,0.04270345,-0.29776618,0.47502622,0.28543907,0.095324256,0.07130752,-0.01735076,-0.20186271,0.17334053,0.14799362,-0.3455496
-0.12911406,-0.08456454,0.14719357,0.08345884,-8.897382e-05,-0.13717306,0.11597801,0.24372587,0.6807228,0.02521222,-0.1562029,0.1663011,0.23269317,0.21653177,0.1516389,-0.33205146,-0.07097245,0.2725036,-0.2822412,-0.10378677,-0.16003376,-0.11139215,-0.25273037,0.23671544,0.12963594,-0.19081053,-0.01410128,0.1542883,-0.2365729,0.01608869,0.1626578,0.022247963,-0.18222553,0.40515462,-0.070008,-0.17867418,-0.030469282,0.0731559,-0.14458117,0.32945046,-0.34941387,0.16520764,0.07993554,0.056915794,0.021859866,0.08910521,0.48425615,-0.16866122,-0.18894155,0.12783572,0.14000863,0.0123566035,0.11503552,0.13087642,-0.04871049,0.25496992,-0.26186243,0.09762927,-0.10885459,-0.24331492,-0.09115683,0.15368222,-0.12847297,-0.22495244,0.09050913,-0.12813734,0.051869582,-0.07212121,-0.106198415,-0.123334154,-0.010779555,0.3305392,0.120154075,0.17296591,-0.04464343,0.041116126,-0.13156839,0.14278378,-0.35671946,0.56787056,0.2826525,-0.15821256,0.028942283,0.08436203,-0.15378202,0.078399554,-0.091018476,0.18666919,0.0019719715,-0.067258045,0.07518307,-0.019351276,-0.14043213,-0.09144887,0.29776058,0.21278946,0.05485741,-0.03241043,0.012584311,-0.06742027,0.36131588,0.057606436,0.19713405,-0.12695986,0.28711492,0.30705127,-0.32186595,-0.23167919,-0.23970534,-0.07632981,0.08739892,0.00037617682,-0.01551898,0.056404352,0.022999931,-0.22629495,-0.06774662,0.11199826,0.14653844,-0.1272442,0.14428735,-0.012179214,-0.36418396,-0.39448243,-0.064138405,-0.13366468,0.12091718,0.14082663,0.2214538,-0.17758517,0.052872576,0.2405671,-0.038343083,-0.032965887,-0.36863628,-0.13510707,0.20103721,0.23022065,0.24790491,-0.29186827,-0.27047747,0.34173775,0.31341016,-0.08489363,-0.36615512,0.049951702,0.20331013,-0.17670411,0.33337894,0.16231874,0.17833859,-0.30786845,0.18471393,-0.36833134,-0.28936702,0.033914678,0.042121783,-0.072834656,0.16652888,-0.5873968
-0.44546506,0.0043879827,0.010913387,0.45308116,0.008029812,0.15762378,-0.05259678,0.021544058,-0.07078231,0.27958494,0.17687441,0.05870219,0.24386486,-0.43692765,0.03399227,0.39550844,-0.017893676,0.03344243,0.24412473,-0.18826859,0.02495556,0.021940917,0.31573272,0.08616217,-0.52331465,-0.1783186,-0.026314845,-0.106686786,0.19869892,-0.03172538,-0.077476054,-0.23717892,0.18863219,-0.19472966,0.06830241,0.53358376,0.20041984,0.104170784,0.17206159,0.15306883,0.09054395,0.09788043,0.06129958,0.6929004,-0.09369072,0.1349159,-0.43581086,0.06397139,0.38599488,0.3355874,-0.30250302,-0.08226721,0.031290956,-0.19125758,-0.07576295,-0.4508503,0.008691545,0.1582369,-0.09999025,-0.08699139,0.111043364,-0.075718015,0.075404294,0.11554809,0.12460695,0.1831512,-0.15030523,0.020552112,-0.018678663,0.059727464,-0.22294702,-0.25095758,-0.2588728,0.28502694,-0.084763594,-0.06575364,-0.08418455,0.14812821,0.42287883,-0.101500764,-0.046328098,0.15331969,-0.09339746,0.3598616,0.038448744,-0.0565851,0.14496538,0.034880802,0.60797614,-0.13736044,0.09714511,0.07535265,0.4162373,-0.09928997,0.4456389,0.27483356,-0.19097307,0.013476772,0.36581555,-0.32092965,0.13904671,0.19545588,0.07227348,-0.22337808,0.1265196,-0.01111383,0.1818867,-0.27636755,-0.025927521,-0.10454235,-0.007372429,0.119060956,-0.32141498,0.3682598,0.083307065,0.372131,0.10379172,-0.08943656,0.013780405,0.042112805,-0.093525015,-0.08011718,0.007024582,0.2542146,-0.083649956,-0.16976382,-0.24747398,0.20739639,0.20637678,-0.1738348,-0.14085394,-0.0742574,-0.21505265,0.07973542,-0.016270943,0.13619675,-0.288284,-0.12894489,-0.17806847,0.013575592,0.17656338,0.07140488,0.109345235,-0.07154824,0.09175477,-0.2120712,0.21266843,0.064567044,-0.021659892,-0.1712893,0.19261034,0.2979826,-0.29594553,0.20271562,0.1459838,0.02873869,-0.27229017,-0.09576687,0.14243525,0.087479204
0.012431334,0.026704127,-0.16667882,-0.08646734,-0.046486184,0.004842354,-0.50237525,-0.09227261,0.23298448,0.10176962,-0.044082567,0.30125955,0.056905963,0.01500356,0.046791032,-0.3923384,0.010448354,-0.24711125,0.21917294,0.25989556,0.14678417,-0.084456116,0.30402362,-0.12129053,-0.45407656,0.13396657,0.3128151,-0.01845301,0.34704244,-0.028820904,-0.24379599,-0.16321121,0.08923752,-0.2956479,-0.2797151,0.029938838,0.18200232,-0.112108834,0.26520762,-0.24848856,0.39386365,0.0037075484,0.5744936,0.15581189,0.144822,0.017838717,-0.06763439,0.19105773,0.23674321,0.02548568,-0.131545,-0.052525017,-0.1572105,-0.20721893,-0.72958416,-0.23525167,-0.073188774,0.54107964,-0.036415316,0.4212114,0.23292863,0.106244855,0.12809291,0.394433,0.03870408,0.4693467,-0.34226674,-0.16362308,-0.047131114,-0.15235087,-0.11758866,-0.47409707,-0.25218967,0.124525756,-0.24351636,-0.06733398,-0.10844827,-0.11355231,0.3744642,-0.4148321,0.5587416,0.039475873,-0.23554882,-0.42145023,-0.02658236,0.04832719,0.38375825,-0.41129112,0.043675255,0.47358167,0.22617319,0.025286824,0.42494127,-0.047730092,-0.25820953,-0.12802166,-0.43060464,0.9096147,-0.026567046,0.4715636,0.02212401,-0.1890067,0.055368226,-0.38624927,-0.15065998,-0.02225475,-0.11227323,-0.16981685,0.036512155,-0.16073078,-0.23702118,-0.35767937,-0.5721615,-0.033740673,0.40638053,0.2818658,-0.22356263,-0.040799953,0.4394774,-0.26912484,-0.44269404,-0.050133348,0.082429975,0.07401137,-0.16247763,0.037681844,-0.35225385,-0.436838,-0.2744413,0.117040105,0.10564911,0.109758645,-0.31153303,-0.412643,-0.0101869125,0.35877436,-0.39288396,0.83850646,0.47956166,0.18127099,-0.14252223,0.08411669,-0.1140544,0.046904135,-0.1373228,0.20263906,0.1451995,-0.2108256,0.114327945,0.15003367,-0.04687958,-0.2625613,0.22385557,0.44648868,0.26986414,-0.27425134,0.505736,-0.080716364,0.02254845,0.09290823
0.06182545,-0.02011661,-0.22232631,-0.121803395,0.014311993,0.11370263,0.17172329,0.13664614,-0.09221915,-0.0006102475,0.26176086,0.10085337,0.45918307,0.20989108,0.3101701,-0.3093621,0.094586015,-0.39468268,-0.13053282,-0.07133832,-0.3180318,-0.29515597,-0.23478222,0.011757674,0.22191511,-0.21504983,-0.036981508,-0.027920919,0.034594398,0.0807736,0.18273489,0.32033893,0.34339356,0.046555996,0.13228436,-0.2897318,0.009133171,-0.08378535,-0.111729175,0.41522434,-0.18063016,0.08542366,0.039040454,-0.42024404,-0.11892507,-0.101093546,-0.068094924,-0.03841349,-0.16299413,0.11294399,-0.37388605,-0.2991038,0.012109519,0.27825207,0.36586294,-0.085036784,0.26889688,0.030007195,-0.21750364,0.102324426,-0.11097165,0.2181771,0.03137888,-0.1858073,0.13965836,-0.2927551,0.15374456,-0.044594064,-0.20295803,0.04172295,0.121944435,0.11000484,0.14057915,0.2742018,0.053377118,-0.06981224,-0.08419689,0.048764903,-0.2569244,0.2909004,-0.28143865,0.10614498,-0.3945663,-0.39930502,0.020614356,0.16314285,0.6150095,0.045865245,-0.14009508,-0.06073473,0.09012309,0.16510962,0.32375833,0.063086905,-0.07649416,0.33769244,0.31046122,-0.26289207,-0.1596918,0.345612,-0.23823851,-0.3534944,0.123217694,0.06285701,0.438499,0.17728554,0.25385126,-0.008536935,-0.10028103,0.03387008,0.05664682,-0.17327568,0.21320425,0.19612546,0.05316214,-0.3965744,0.04684748,0.14596255,0.31756118,0.24112253,-0.1817724,0.040022448,-0.22522433,-0.46148464,0.10749905,-0.098107025,-0.229523,0.037635382,-0.3234559,0.18842302,0.02880933,0.05210336,-0.024002405,-0.023746192,-0.020192374,0.8286509,0.13995343,0.32933903,0.119295016,0.00079524773,0.004575917,0.22005674,0.0667209,0.06484653,-0.12815872,0.089877106,-0.12630145,0.12826106,0.010376525,1.2435021e-05,-0.034541603,-0.20723945,0.039787486,-0.11451588,0.26359397,-0.21555072,0.029903436,0.009166647,-0.15204653,0.043362834
0.42741704,-0.05391074,0.14130117,0.22041981,-0.029074011,0.08246651,-0.21599019,0.02699513,0.15309916,0.1545658,0.18384914,0.06805993,0.47108957,0.058307644,-0.024800986,-0.3332947,-0.8136279,0.10425451,0.0996954,-0.018062815,-0.29609996,-0.25147718,-0.23968077,-0.29930925,0.088944286,0.18347757,0.2042699,0.23008154,0.08651604,0.024823751,0.49182352,0.051707003,0.021046575,-0.05662664,-0.24235253,0.10110033,-0.7039893,-0.1251017,0.16024141,0.19036864,-0.09868719,-0.14881803,-0.4357603,0.58417,-0.139678,0.05507285,0.14107661,-0.8713867,0.11615937,0.24685073,0.34083495,0.09131027,-0.3940026,0.22256815,0.06825949,-0.20173557,-0.19441848,0.4166915,0.32642898,0.06343577,0.2603803,0.23577766,-0.09029709,-0.13556494,0.0579821,-0.22455306,-0.3063237,0.16908947,-0.2729464,-0.029277178,0.12827407,0.19968331,0.42256114,0.20757005,-0.21647178,-0.13253608,0.026810361,0.07206026,-0.91481316,0.2941779,-0.4301986,-0.054570697,0.1910831,-0.33943087,-0.17183362,-0.10045107,-0.22731991,0.14661397,-0.1660893,0.46123564,0.13258025,0.16080673,0.09898404,0.03671292,0.13082287,-0.6608884,-0.31521124,0.18216845,0.34368786,-0.038337998,0.07081376,0.14519492,-0.16682626,-0.19901069,0.20908265,0.21718828,0.0660871,0.12732072,0.22583175,0.11250797,0.018362675,-0.45334503,-0.2570188,-0.11488084,-0.0133972075,-0.071983874,-0.30285782,-0.1236302,0.19997694,0.05516607,0.120732985,-0.10261885,-0.05441075,-0.0679031,-0.023989232,0.023951154,0.004561848,-0.47776863,0.52890956,0.41689658,0.13611646,0.21959583,-0.2588799,-0.058339022,0.13485458,-0.9998474,-0.3876525,-0.11702634,-0.069798365,-0.18227503,0.19198485,0.033155125,0.41854808,-0.3514902,-0.18454237,-0.05733754,-0.07885809,0.17711154,-0.11133107,-0.11837824,0.117809504,-0.568165,-0.15399319,-0.0559023,-0.017378448,0.10140472,0.48233724,0.023343198,-0.15197775,-0.304907
-0.10950381,-0.09859278,-0.15353598,0.2828663,0.12780498,-0.02371261,0.13859153,-0.0020097727,-0.25596946,0.5712673,-0.19405238,-0.17631528,-0.16714983,0.07441995,0.31296194,0.35526255,0.316557,0.29775262,-0.20870195,-0.65930384,-0.22805257,-0.31153968,-0.21604791,-0.13757707,0.3025052,0.37097883,0.025799097,-0.12743914,-0.27045116,0.06920177,-0.29235762,0.11919491,-0.36076847,0.3455862,0.018519053,-0.22873202,-0.31179437,0.022823462,0.12143975,-0.053345017,-0.37026113,-0.15259865,-0.14108868,-0.31687003,-0.12681445,-0.016618801,0.25181744,-0.027084028,-0.110325135,0.19212762,0.5183022,0.29167515,0.5855306,0.21863917,0.1505862,0.45596308,-0.29255253,-0.29409415,-0.08717672,-0.37897688,0.04152472,-0.044662558,-0.1907742,0.09009633,-0.515103,-0.7588797,-0.21079317,0.279688,-0.270855,-0.13464496,0.4454454,0.19000798,0.115032114,0.27877071,0.32407117,-0.15854639,-0.28330383,0.06987614,-0.09536151,0.20659152,0.16271514,0.013319179,0.23789558,0.29515016,-0.07365684,-0.14018151,-0.02317781,-0.09105488,0.12295444,-0.0047169235,0.060415193,-0.32361004,0.117448196,-0.29805678,0.07328568,-0.25970933,0.30346727,0.17761752,-0.48658174,-0.3092734,0.06527087,-0.010342623,-0.10713608,0.32921702,-0.05293106,0.17163391,-0.2362028,0.105558924,0.17112635,0.03380041,-0.005461781,-0.22313237,0.107069016,0.2599949,-0.17816353,-0.060316056,-0.097395256,0.15661445,0.19826357,0.556541,0.21605246,0.14818943,0.0931712,0.15604024,0.12534583,0.046800602,0.2219348,-0.02998627,0.44106278,-0.2503365,0.30668256,0.19140568,0.289215,-0.2679418,-0.651207,0.015766583,-0.10906329,-0.13293569,-0.10935743,0.021226516,0.21643823,-0.1518368,-0.008751878,-0.10238931,0.17593572,0.02815844,0.13060458,-0.19092545,-0.121946335,-0.019022178,0.24277948,-0.5449002,0.18320726,0.006226703,0.030720105,0.021298068,-0.17631307,0.108064264,0.009577817,-0.058868576
0.10579253,0.034697637,0.05767614,-0.15513289,-0.13428567,-0.15563881,-0.8096168,-0.35161233,0.21771882,-0.38784856,0.35387617,-0.047023065,-0.23737884,-0.27030614,-0.36125872,0.39374077,0.14040175,0.10558163,0.044792175,0.16020015,0.037699714,-0.07614568,-0.15583318,0.3552115,-0.17631838,0.32265773,-0.23985484,-0.016885139,0.3834402,0.00723284,-0.07599898,-0.3544747,0.18546112,-0.029852739,-0.04056477,0.04826506,0.31325713,0.120663986,0.45176858,0.17424677,0.5997699,-0.17338313,0.3334717,-0.5759201,-0.106707275,0.14002016,-0.06027938,-0.11663999,-0.4666174,0.20840135,-0.20969856,0.05881351,-0.2541468,0.126853,-0.09255527,0.035286337,0.21289828,-0.05763157,0.30322316,0.11832575,0.14219595,-0.08070137,-0.033409525,0.09160108,0.17786442,0.30378422,-0.2413743,0.2747958,0.28535524,0.10899588,-0.3420525,-0.35955903,0.04683737,0.024106178,-0.060810383,0.0738991,0.11185128,-0.16783018,0.22925477,-0.45664266,-0.08407659,0.10250704,0.24191631,-0.0030510174,0.016008288,0.081362374,-0.037050843,-0.7168224,0.107454754,0.019899065,-0.5319634,-0.44035193,0.11893109,-0.2200777,0.054106846,-0.09593307,-0.24950425,0.3071598,-0.1642406,0.32211635,0.1399135,0.32755634,-0.0091540525,0.34004194,-0.5914105,0.11349915,-0.6442072,0.022023411,0.24217546,0.055889934,-0.0044982024,-0.16220784,-0.22747692,0.45573714,0.24846852,0.23930784,0.18672353,-0.042504594,0.27872705,0.07101589,-0.2680579,0.16558805,0.03520614,-0.2407861,-0.082018815,-0.15704513,0.049123682,-0.5333617,0.21147572,0.059027012,-0.583169,-0.2946145,0.21129301,-0.4191677,-0.076904304,-0.14540428,-0.032444738,-0.16337109,-0.121633865,0.47562543,0.2552383,-0.13644788,0.14758061,-0.05853508,0.101009354,0.35123733,-0.15627474,0.014331478,0.21929905,0.069234036,-0.2626009,-0.27114433,0.13534626,0.08374032,0.016316937,0.0038953524,0.34743828,-0.15494758,0.49196008,-0.18765199
0.03141905,0.03890743,-0.111514874,0.48157495,-0.0029821182,-0.0682226,-0.4046927,-0.30910176,0.31091702,-0.022879303,-0.007025007,-0.25924993,-0.01764466,0.28168255,-0.25312215,0.30833533,0.015949637,0.018697152,0.06998589,0.004436537,-0.09407775,0.12792742,-0.09494219,0.014042492,0.15937363,0.1328366,-0.33283743,0.02521619,-0.16614918,0.03646022,0.09329829,-0.5260383,-0.063725784,-0.08571858,0.22270007,-0.116303846,0.1421333,-0.13189854,-0.11860177,-0.288901,0.014419885,0.044384293,-0.046948742,0.09989736,0.026522463,0.09944793,-0.325599,-0.0030804952,-0.20265819,-0.26721516,0.37956417,-0.2513597,0.29538062,-0.22422278,-0.22027677,0.23188683,-0.18700536,-0.23494138,0.06488652,0.13999243,-0.047662474,0.299359,-0.14113458,0.054642204,-0.10740408,0.25360614,-0.1968913,-0.07755102,0.062290367,-0.030939197,-0.13195647,-0.04317011,0.09327561,0.050153445,-0.00041823628,-0.16966417,-0.25040397,-0.09392051,0.06835984,0.05437197,0.029534798,-0.14946392,0.19492173,-0.03904853,-0.0315785,0.13169381,0.03632779,-0.011295604,-0.24121918,-0.107323945,0.48984498,-0.022618148,0.25033918,-0.10403743,-0.46135974,0.17794913,-0.29174402,0.06585456,0.046205293,0.2643461,0.0372299,0.32876387,-0.2850297,-0.2851347,-0.25037724,-0.18959704,-0.34602842,0.2592907,0.16253275,-0.02504787,0.4025058,0.049452398,0.17206833,0.15072669,0.08902071,0.14626825,-0.19211046,0.032495186,-0.36671755,0.1568785,0.122434944,0.15985192,-0.25755185,0.09185636,0.10816068,-0.028433211,-0.28100067,0.3073199,0.16011922,-0.14427982,0.19868565,0.10749819,0.2521513,-0.19131786,-0.29159984,0.18839455,-0.118126385,0.0572635,0.20103303,-0.043499563,0.16730815,0.07827243,0.051884156,-0.26010603,-0.1063237,0.46521303,0.087700464,0.14679049,-0.048196338,-0.04647663,0.018907184,0.23131569,0.19925626,-0.33187637,-0.10490687,0.1082289,-0.27811724,0.1380581,-0.34932932,0.19634046
-0.01312538,-0.041877292,0.17262381,0.050717104,0.14541766,0.0013167544,0.14027874,0.09281976,0.049693067,0.29178336,-0.051035687,0.1326342,-0.23346402,-0.15428668,0.41705337,-0.07435253,0.2716755,0.031612374,-0.023582758,-0.21755499,-0.027031817,-0.038184226,0.16117577,-0.11387158,0.23603934,0.7417447,0.20838697,0.3897593,-0.23619644,-0.16993923,0.07922853,0.0042023375,-0.18032111,0.13125703,0.24685535,0.08558969,-0.19531353,-0.040820517,-0.33476952,-0.40887582,-0.5561777,-0.0741545,-0.04327588,0.09503613,-0.06456085,0.10551853,-0.20859772,-0.49245378,-0.3238612,0.21849209,-0.19575003,-0.14707677,-0.3025894,-0.12703772,-0.14058098,-0.10671985,0.12949863,0.24826886,0.16339996,-0.04578191,-0.0671813,0.22588143,0.099613,-0.4406238,0.29205963,0.12414406,-0.13676001,-0.15613006,0.03149949,0.077277936,0.117215596,-0.13151345,0.15091679,-0.06080184,-0.05833313,-0.27082855,0.13656595,-0.024275862,0.20860535,0.07553524,0.32947177,0.086836,0.12932655,0.09176135,-0.05741612,-0.001349934,0.1645735,0.00912648,-0.35674706,0.13680764,0.0680587,0.20955656,0.013999408,-0.093008496,-0.21783923,-0.2224161,-0.25994018,0.08860616,0.15546066,-0.15354528,0.37032375,-0.15041935,0.06844633,0.14791813,0.04180362,-0.03109117,0.112559855,0.58253956,0.29332513,0.029057682,0.1773968,0.02486085,0.0062913685,0.349081,0.12749149,-0.039237533,0.06388525,-0.038505618,-0.06826395,0.44139564,0.25626796,0.018374486,-0.13128795,-0.22221279,-0.05496723,-0.066365294,0.4987332,-0.11042759,0.07990513,0.30169123,-0.043002695,0.29506958,0.11900311,-0.08580715,-0.2822174,0.092630945,-0.06791875,0.13462868,0.20066547,-0.17050758,0.19485651,0.12187211,0.1315356,0.2807614,-0.21390283,-0.04827525,0.21833767,-0.44156143,0.051939804,0.09861925,0.40835485,0.0855946,0.14468147,0.06480622,-0.017384496,-0.056968797,0.39540994,0.08496069,0.17330676,0.013204775
-0.43861175,-0.16612643,-0.2810819,-0.09919041,0.068501,-0.11670934,0.088292964,0.014478409,-0.22456259,-0.13307987,-0.18714005,0.03774849,0.10024446,0.018951597,0.4486492,-0.06724626,-0.005353819,-0.11066988,-0.17048614,-0.5743497,-0.4992027,-0.2673782,-0.026407218,0.170105,0.24660839,-0.24361804,-0.1502375,0.15012288,0.50725234,-0.12692775,0.03309621,0.46640542,-0.1272182,0.006215715,-0.03700675,-0.09557722,-0.022350805,0.033514168,0.114409,0.2907523,-0.26485494,0.080846146,0.0843771,0.07963415,-0.138883,-0.05755838,0.07909857,0.29065487,-0.1416617,-0.19722928,-0.16477334,0.19548643,0.084200144,-0.18526624,0.4208334,0.033168375,0.15722248,-0.1441865,-0.21888013,-0.477943,-0.043773454,0.49611452,0.0483623,-0.10693349,0.40014738,-0.20325449,-0.36936483,0.056236677,0.20196573,0.15917738,-0.13221093,-0.23361269,-0.14239596,-0.069643565,-0.25431713,-0.034197256,-0.18684666,0.11244236,0.14906919,0.00057225267,0.6292247,-0.17163818,-0.091285646,-0.18633343,-0.09444938,-0.0490385,-0.04107861,0.1400141,-0.2585867,-0.29931903,0.013647931,-0.3855318,-0.49580866,-0.16822858,-0.098399766,0.31646594,0.21771069,-0.15477918,-0.0069639566,0.06879784,0.081244394,0.019369472,-0.2004195,0.016948469,0.3704035,0.07037289,0.38123974,-0.503402,-0.5319903,-0.10594128,-0.8005488,0.36219165,0.35975853,0.15992561,-0.33642203,0.14034183,0.09213042,-0.03030987,0.09188167,0.42059097,0.34718007,-0.16165717,-0.3726082,-0.06880779,0.051173057,0.15433177,-0.12727971,0.43469194,0.29404157,-0.19042188,0.19397312,0.12788747,-0.017032994,-0.36809677,-0.12948622,0.12795399,0.11697103,-0.3221778,-0.11683024,0.06016829,0.36574563,0.04287512,-0.10485582,-0.17659067,-0.21579985,-0.018295499,0.45968992,0.024677293,0.07395426,0.134246,0.12222089,0.25429398,-0.06453205,-0.24458914,-0.27266255,-0.15408249,-0.6745069,0.007594538,-0.21981138,0.021854838
0.24359736,0.14547677,0.29353312,-0.101273894,-0.14514545,0.15934609,-0.104687236,-0.18921483,0.2067517,-0.14249258,0.19809006,0.045215018,-0.64812887,-0.010160875,0.116474286,0.4659261,0.049628336,-0.15582453,0.06316635,0.31418064,0.2591507,0.27152112,0.10555202,0.16689922,-0.12315383,0.54626733,-0.17712027,-0.21833234,-0.019165039,-0.15437008,-0.26703888,-0.3169125,0.16981007,-0.1965706,0.19028041,0.043566626,0.19855049,-0.13762201,0.33435583,-0.22734198,0.24779996,-0.15141714,0.16276774,-0.5396932,-0.09087942,0.15951325,0.1615138,-0.45124927,-0.17963886,-0.17793223,0.3040394,0.17947748,-0.13862273,0.19939817,-0.085955545,-0.19178653,0.08078505,0.08769747,0.16021839,0.032900527,-0.055047825,-0.10210641,0.0115276445,-0.117670394,-0.21980065,0.13082951,-0.05352747,-0.1727023,0.5324761,0.06142334,0.2302469,-0.2661913,-0.090307936,-0.34117854,-0.11016619,-0.23209058,0.076685905,-0.09498301,0.4110653,-0.2361732,0.012885612,-0.045256477,0.43267763,0.40152475,-0.14507638,0.0876687,0.036985673,-0.49069053,0.3306383,-0.31952673,-0.05050209,0.11875556,-0.049539223,0.19698194,-0.03878527,-0.41300556,0.027785257,-0.17055684,-0.11918192,0.26496348,0.3018341,0.09385512,-0.27429518,0.3044256,-0.12229102,-0.16723986,-0.45212325,0.068633676,0.08497591,0.09197928,0.053626336,-0.06945257,0.24813949,-0.1257536,-0.14147192,-0.028007526,0.060950182,-0.0020347969,-0.21581127,0.3083132,0.45500308,-0.07688841,0.43136996,-0.088589735,-0.006842352,0.08149654,0.17334576,-0.29311216,0.41098624,-0.18008016,-0.1551807,-0.5761775,0.4240491,-0.2815467,-0.42945972,-0.2836816,0.2800352,-0.38756657,-0.3843621,0.3079929,0.026865028,-0.11369643,-0.042058244,0.38749263,-0.13137421,-0.092062205,0.05860104,0.1412906,0.069236256,-0.01720543,0.06142663,-0.07199191,-0.024723964,-0.06247557,-0.13957563,0.055981293,0.30159032,0.13885543,0.18363144,-0.05753239
-0.27582678,0.07789389,-0.06941907,-0.36209473,0.13249885,-0.15441978,0.22898652,-0.05722925,-0.047780156,-0.001367121,-0.09107061,-0.09648064,-0.02568904,-0.1856074,0.22847678,0.1486725,0.250878,0.1871723,-0.045070034,-0.27376574,0.06720871,-0.18542376,0.23999043,-0.20045772,-0.027320823,-0.2303633,0.3595019,0.20290013,0.29915968,-0.030769324,0.04765911,0.42022985,-0.22345442,-0.14206208,-0.17820786,0.13316178,0.050112613,0.123495676,0.042817656,0.052194532,-0.38567498,-0.083019,0.44958848,0.34358075,-0.038426023,-0.07505255,0.20891741,0.20562455,0.36126593,-0.45919105,-0.14867122,0.18188663,0.20692855,0.003077748,-0.17718072,-0.081467964,0.03741603,-0.09759206,-0.020611161,0.014714012,0.40502393,0.3255964,0.18876703,0.20279007,0.007115561,0.25687444,-0.0018040731,-0.2177399,0.078294285,-0.051191103,0.23168741,-0.30074242,-0.43831044,0.37070185,-0.20907384,-0.3137551,-0.059776537,0.09288212,0.05820012,-0.27117303,0.8093187,-0.13382013,-0.18444256,0.18202765,0.004053277,0.08016235,-0.25598508,-0.1377416,0.37862805,0.14865856,-0.0022574293,0.16588965,0.01006302,-0.14104457,0.16796303,-0.25265697,-0.00925611,0.029956726,-0.043669835,0.2686744,0.30732998,-0.22795683,-0.15094097,0.065587305,-0.20854095,-0.37160414,0.08819209,-0.04661778,0.20014974,0.07095818,0.21285409,-0.2554869,0.11909535,-0.5712325,0.034353826,0.094111554,0.17674944,-0.027320508,0.15972455,-0.10770403,0.20228274,0.12358368,0.17256068,0.020008292,-0.13958508,-0.15368824,-0.20023939,-0.16833436,0.38260517,0.5714571,0.015725214,0.24107681,-0.21300669,-0.045833215,-0.015759382,0.06536668,-0.073409446,0.2779187,0.24591158,0.06587689,-0.30176327,-0.16142274,-0.0002519359,0.21502781,0.1829347,-0.2807669,-0.0317996,-0.58124536,0.14186269,-0.07170867,0.35080457,-0.051447023,0.33450192,0.34019977,0.046466548,-0.41355032,-0.054686923,-0.121825136,-0.023948302,-0.045650445
0.45131028,0.0987757,0.2141755,-0.09367166,0.011130796,0.008667996,0.08468451,-0.68804955,0.040058944,-0.0458621,0.45101908,-0.07194916,-0.09841628,-0.087895304,-0.8124686,0.022499781,0.08586632,0.30056313,-0.06010774,0.48459792,0.33162686,0.018275574,0.0046219635,0.22077866,-0.3059529,0.27670234,-0.51468664,-0.34367034,-0.18592812,-0.08777305,-0.17192222,-0.6480781,0.057391748,-0.16631907,-0.04793495,-0.40051126,0.25334713,-0.040826697,0.1787639,0.11801418,0.8632499,-0.1126395,0.033482783,-0.31718552,-0.118404955,0.12909395,-0.13723752,-0.29401192,0.06725162,0.14035736,0.07229597,0.010202828,-0.17607242,0.19156069,-0.29901126,0.007221572,0.32452735,-0.26312217,0.066687115,0.11997507,-0.0013648582,-0.10160277,-0.05924942,0.028208548,0.38839668,0.08927176,0.103004314,0.2961539,0.03056405,0.051619947,-0.07608205,0.09241104,0.27744552,-0.30084446,-0.20372209,0.0039608898,0.22274455,0.010513938,0.24351184,0.0017725202,0.21664266,-0.048909135,0.08343546,0.03250866,0.16875495,-0.086722516,-0.03664358,-0.057061404,-0.14848794,-0.037708957,-0.32845837,-0.20214626,-0.037222706,-0.34975153,-0.046817355,0.124186836,-0.17640795,-0.16655323,-0.004293144,-0.16655482,0.01239544,0.32944775,-0.04920718,0.23689093,-0.12676279,0.34610477,-0.4081546,-0.08720218,0.08912602,0.0019111164,0.09542784,-0.073763125,0.26606858,0.60340893,0.0032009003,-0.09472379,0.038347315,0.16329114,0.17487308,-0.32992703,0.033020634,0.028361699,0.10303406,-0.18061416,-0.042075288,0.03344012,-0.084093116,-0.15189442,0.14511763,-0.31704447,-0.2365141,0.15929176,0.13040136,0.16273491,0.36100185,0.030327743,0.08918426,0.15852812,-0.117808476,0.17952968,0.052117135,0.03778122,0.22955221,-0.025664711,0.26848525,0.20317738,0.23225921,0.017734872,-0.10940367,-0.16032174,-0.11545372,-0.038170025,0.024512786,0.098759614,-0.13779527,-0.045263242,0.12207494,-0.13144964,0.07201716,-0.32704854
0.4995553,-0.02874652,0.031045625,-0.40563422,-0.07036984,0.030551076,0.1835357,0.23759893,-0.30049828,0.15556037,0.1858457,-0.17423484,0.15400459,-0.23035373,-0.33374128,-0.38210645,-0.12425993,-0.15885854,0.2575191,0.42664197,-0.21937999,0.18780792,-0.123050325,-0.3778433,0.20567273,-0.0711379,-0.04652351,-0.010872553,0.24134253,0.103801556,0.02185026,-0.098543435,-0.05572827,-0.21575634,0.25822407,-0.03273439,-0.29591435,-0.025117116,-0.116062365,-0.061651807,0.09677677,0.12559268,0.13008462,0.041368295,0.10955385,-0.062144607,-0.17175084,-0.21211213,0.3014076,-0.07345501,0.16703288,-0.067479104,0.31321388,0.055909805,0.00059306656,0.2676322,-0.12430315,-0.06693128,-0.2571321,0.3670172,-0.025246495,0.26965111,0.06425724,-0.004866791,-0.30325374,0.3109626,0.2207164,-0.00356211,0.11781758,0.011281634,0.388497,0.25260237,0.18678889,-0.2525686,0.26120105,-0.18690258,0.05637796,-0.045291197,0.009028963,0.31140774,0.61172503,0.15591986,-0.21814084,0.15303111,-0.0071144677,-0.07954374,0.35752904,-0.07977956,-0.0671057,-0.108403824,-0.088825546,0.043547966,0.2625767,0.00500214,-0.221782,0.020047426,-0.37456954,0.4586088,0.26728904,0.18188329,0.106343664,-0.086070776,0.052716266,-0.41370347,-0.0027956667,-0.16937557,-0.10618243,0.24151678,-0.00566341,0.13864967,0.5075401,-0.00076824846,-0.40656474,-0.26843756,0.07718871,-0.2738783,-0.48791546,-0.08569174,0.015847297,0.21615443,-0.10207612,-0.18314686,-0.30103612,-0.15877083,-0.039908018,0.15279707,-0.14085828,-0.18729877,-0.5222405,-0.3184745,-0.10405827,-0.012857246,-0.53291065,0.013548864,-0.027022997,0.39148766,-0.108606264,0.45846897,0.24472214,0.32768083,-0.27145278,0.041799694,0.08534644,0.39909202,-0.058422253,0.0084515745,0.12035441,-0.10126264,0.16465919,0.16784194,-0.45305774,0.022021422,-0.03341937,-0.030973861,0.13047989,0.0016601067,0.3055103,-0.009261005,-0.09561953,0.0517492
-0.19417335,0.08756984,0.04743505,0.14160572,0.023998966,0.017379932,0.17887984,0.22096021,0.2304201,0.13948989,0.21163242,-0.10620916,0.11618407,0.12253588,0.13210715,-0.04546152,0.1897003,0.097347684,-0.044143386,-0.4448655,0.06945533,-0.3205907,0.07787674,0.14499073,-0.17195615,0.20196566,-0.031661637,-0.048894748,0.2335018,-0.080261566,0.27601132,-0.18703559,0.08071042,0.1607837,-0.0665078,-0.0064022453,0.0717491,0.08542353,-0.05617568,0.30215764,0.07698972,0.022655573,0.39674047,0.32141533,0.01666052,-0.09800854,0.34718496,0.033729427,0.1293368,0.49183354,-0.31237054,-0.0846728,0.11961899,0.15750872,0.35869125,0.08805193,-0.3299445,-0.090022735,-0.09907006,0.07553908,-0.06130183,0.29751295,0.13097747,-0.032954253,0.12800145,0.09691812,0.13326769,0.031502575,0.21163511,0.0219937,-0.1089421,-0.09164752,-0.13743944,0.076803505,-0.08486476,0.15357235,0.059816137,0.1346215,-0.20142904,0.41051847,0.18488923,-0.09845625,-0.12745306,0.062367164,0.09097926,-0.15001099,0.17332366,0.27566984,0.1344053,0.07575134,0.24011905,-0.15848032,-0.2419611,-0.10199383,0.071380444,0.4528912,-0.14191987,-0.1057016,0.2273663,0.12936154,0.026678681,0.036419217,0.24750459,0.016782628,0.23336433,0.22260194,-0.280474,-0.06518821,-0.034125987,0.025850227,0.5659894,0.13465479,-0.010143611,0.4245766,0.12099059,-0.0758913,0.14330831,-0.1542385,0.19677168,-0.021677228,-0.25842685,-0.12009954,-0.2889053,-0.42208087,-0.1356996,-0.0462256,0.14893888,0.06321391,0.03981493,-0.26206145,-0.27310956,0.04450314,0.20728412,-0.20608217,-0.29829174,-0.019630382,0.0930276,0.032250017,0.11492931,-0.1151987,0.025184385,0.17672895,0.4057083,-0.11496969,-0.13446333,0.12128568,0.21046397,-0.080925934,0.40994,0.0075022145,0.0053807776,-0.029995177,0.11771189,-0.35747978,-0.028864399,0.19356331,-0.09812331,0.16406013,0.35652262,-0.4205374
0.25274184,0.09001717,0.24128792,0.3879563,0.07770909,0.07774678,0.36499012,-0.2301137,0.03319148,-0.05745126,-0.06277456,0.1953763,-0.2966291,0.00045006163,-0.43743002,-0.020899354,-0.08767964,-0.31131843,0.037358277,0.028184231,-0.16724549,0.25469413,-0.005583073,0.05835517,0.039716847,0.30347225,0.08461557,-0.049336113,0.019798001,0.11345799,0.14658369,-0.29559186,0.27515823,-0.04039699,0.3357362,-0.031578574,-0.00025570835,-0.09255638,-0.22589672,-0.3083329,0.34840038,0.03743382,-0.27678996,-0.38166597,0.123185016,0.10217062,-0.1162667,-0.026047286,-0.44884568,0.10882035,0.16797152,-0.18322617,0.27093288,-0.43077996,0.021498851,-0.111135274,0.19241576,-0.39583468,-0.3431279,0.34030584,-0.020253746,0.14224347,0.09558323,-0.4019341,-0.05338083,-0.46713507,0.13194501,0.14690766,0.014664315,-0.05095351,-0.27481517,0.044497248,-0.1249992,-0.057228785,-0.13759291,0.06326897,-0.12148619,0.16124924,-0.20515078,0.033862002,0.41579825,-0.091680974,-0.114474915,0.13833182,-0.16642678,0.09740353,0.2505839,-0.051312923,0.41762707,-0.17430784,-0.046256058,0.31032547,0.26549542,-0.023899248,-0.45180765,0.1442819,-0.17152265,-0.22269228,0.36019236,0.28364402,0.09945625,-0.35443994,0.05061276,0.15169258,0.07578893,-0.020811105,-0.06187679,0.07637823,0.03966246,0.019052114,0.6152995,-0.20243101,0.04581025,-0.026505917,0.21197265,-0.23613785,-0.29295313,0.10357769,-0.021970378,0.38679165,-0.18929328,-0.107335016,-0.32887778,0.1016411,-0.16170466,0.12610519,-0.017478155,-0.32090846,-0.42289457,-0.29727426,-0.09183018,0.052337658,0.06645743,0.054476567,0.033939082,0.22831497,-0.18724833,0.10331514,0.0035628122,0.3355257,0.0024752123,0.26762867,-0.082050234,-0.08241171,0.012685647,-0.16220894,-0.100547306,0.37556705,-0.2111893,0.09762141,0.21723732,0.75592184,0.3860442,-0.15428197,-0.025287837,-0.012457536,0.04472566,0.07112273,-0.31752452,0.21432914
0.23505513,-0.06393757,0.07101427,0.1535211,-0.141808,-0.043846518,0.24029574,0.23806532,0.2010473,0.2671921,-0.454707,-0.27234825,0.30813187,-0.07878972,-0.2552843,0.012151663,0.18710203,0.19012904,-0.11786735,0.17975661,0.0755124,0.29030916,0.07567664,0.07374108,-0.07522365,-0.10094073,0.2861996,0.08083121,-0.0024541507,0.07618937,-0.27796227,-0.102368124,-0.023180628,0.12602013,0.23664844,0.073324196,-0.040714305,-0.13944599,0.080172986,0.290524,-0.22810502,-0.092153914,0.18527295,0.5602597,0.08940329,0.014192536,0.11825448,0.03292978,0.32391688,-0.016816923,0.07918167,-0.067059726,0.36090526,0.063374035,-0.22666822,-0.04367817,-0.0592256,-0.15385765,-0.2180128,-0.00011833318,0.21139732,0.0076306155,-0.035697833,0.3542287,0.066753626,0.21708684,-0.15191455,0.040193275,-0.24795423,-0.10171,0.06424977,-0.05592379,-0.023276722,0.16764462,0.25272435,0.18703794,0.06910877,-0.05267918,-0.052472193,0.11697627,-0.0032957657,0.0707453,0.042248417,0.3227916,0.029342685,0.14472473,-0.005734153,0.33858186,0.3674799,0.19150539,0.095725685,0.16885383,0.22680618,0.00784693,0.21755438,0.26283568,0.24961746,-0.14574006,-0.07659646,-0.40555197,-0.15418436,-0.2512577,0.378238,0.048687488,0.14029732,0.24384433,0.31544554,-0.092169955,0.33380747,-0.16894725,0.1015938,0.07178622,-0.14698851,-0.28048977,-0.04648137,0.0809608,0.2669876,-0.16526383,0.15555812,-0.05189782,0.08928969,0.086811334,0.03944976,0.05773512,-0.025056668,-0.14942616,-0.13910677,0.40691766,-0.31187826,-0.19807364,0.25072595,0.26959994,-0.37929782,0.41057765,0.24308562,0.08576773,-0.010819132,0.23100744,0.06427416,-0.43715757,0.14306943,-0.1759673,0.006126207,-0.0061249672,-0.116350874,-0.11708434,-0.36322722,-0.07598583,-0.038992845,-0.05292508,-0.06376367,0.058314968,-0.23969515,0.15120906,0.017240634,0.17427695,0.108998604,-0.01239466,-0.14808214,-0.2065232
-0.056273755,-0.10678779,-0.054806463,-0.086205706,-0.07673498,-0.10879884,-0.036510263,0.22455336,0.104072876,0.13315132,-0.3558132,0.12631401,0.21687315,-0.07706694,0.13905118,-0.53806293,-0.021332731,-0.20550153,0.009250626,0.24716899,0.18802987,-0.35913667,-0.025484314,-0.14799888,0.099817894,0.12643322,0.16970982,0.04076638,-0.3093396,0.07697728,-0.21820293,0.1569745,0.06635173,-0.26462463,0.17948343,-0.13535549,-0.2850723,0.078112125,-0.33887458,0.25293165,-0.4477083,0.06657858,0.13377461,0.27045438,-0.07556818,-0.04641768,-0.062826,-0.26340118,-0.3130305,0.23987232,0.0296232,-0.054301836,-0.13814713,0.2784622,-0.3652523,-0.05080898,0.07077062,0.39811587,-0.07249079,-0.036463123,0.15587056,0.3594582,-0.25546178,0.16710953,-0.16407122,0.242468,-0.0034103328,-0.17386574,-0.37338874,0.10435312,0.61319554,0.03752367,0.26900497,0.045625314,-0.119299866,0.30229595,0.11315778,0.124791555,-0.054418024,0.121681176,-0.33004856,-0.07186266,-0.06869906,-0.12674856,0.058633626,-0.013654473,0.25056654,0.052768383,-0.5305333,0.45662344,-0.032395057,0.0077009164,0.3527678,-0.15304859,0.22308813,-0.26841533,-0.023811938,0.21188627,-0.37712178,-0.0990449,-0.23718539,-0.07325835,0.23132119,-0.22154744,0.004285177,0.17808735,-0.07531099,0.033958565,-0.08652347,0.12284761,0.22646385,-0.17743844,-0.3727652,-0.18603995,0.17964439,-0.19830833,0.07608141,-0.05152122,0.05991971,-0.18361028,-0.04473195,-0.08447593,0.21807232,-0.023976503,-0.11364864,-0.12125318,0.13557945,-0.3134027,-0.25205994,0.16287792,0.118149236,0.2992538,-0.2230902,0.25421658,0.016353484,0.015604222,-0.05315518,0.54390717,0.24803199,-0.18590267,-0.30027208,0.10987353,0.17996655,0.32387653,0.04249045,0.28085512,0.05542459,-0.056948144,0.2928989,-0.13374025,0.40702552,-0.31561804,0.22029537,-0.22647259,0.21693674,-0.016700806,0.5599407,0.066691704,0.11013819,-0.022539183
0.28388897,-0.08115801,0.16188022,-0.09957047,-0.033128135,-0.089313455,-0.58724666,0.1414008,0.29741073,-0.4336921,-0.29461247,-0.0004985401,-0.56563276,-0.044491034,-0.44186342,-0.15044557,-0.011927451,-0.085861176,0.10791032,0.4189547,0.1190128,0.38646665,0.061318148,0.322486,-0.14519371,0.14234564,0.02572401,-0.44844067,0.09989813,0.13906851,-0.5069067,-0.08252395,-0.10216619,-0.7063684,0.038735863,0.033395305,0.07109314,-0.013272517,0.17686751,-0.38145927,0.55368096,0.03286871,-0.043866653,-0.22519511,0.03095787,-0.12909007,-0.05881129,0.15762384,0.38795638,-0.19399163,-0.061673976,0.31062078,-0.25156075,-0.09638048,-0.14134751,-0.06256275,0.30461848,0.08839458,0.044934105,0.69966865,0.22004102,-0.66464365,-0.017608693,0.3257576,0.055364005,0.1442384,-0.17729805,0.14282928,0.20474385,-0.08328317,-0.48595467,0.21439385,-0.060912997,-0.58946455,0.4073165,0.10122831,0.15226197,-0.09632289,-0.043075927,-0.37404305,0.057625443,-0.12231747,0.4423031,-0.10574773,-0.15406293,0.114500664,-0.8449605,0.29558447,-0.086563066,0.08685342,-0.118920684,0.27903736,0.09815718,-0.017144399,0.26991218,-0.9238867,-0.23368363,0.18828078,0.16510466,-0.38942134,-0.14545773,0.2038038,-0.15521772,-0.2875116,-0.088527516,0.13359617,0.38433513,-0.06516191,0.2631232,-0.057070326,-0.29866526,0.003140503,-0.5470444,-0.65945977,-0.20197816,0.48792532,0.006337259,-0.060114186,-0.040110946,-0.07883266,-0.34921446,0.15921511,0.12680374,0.14889869,0.039745163,-0.05561846,-0.15994383,0.21060663,-0.781091,0.15233518,0.20308779,0.2748222,-0.47334087,0.029597776,0.3872577,-0.14531948,-0.09521557,0.1863306,-0.2014239,0.36047894,0.41581538,-0.07839482,0.114428855,-0.5033195,0.33577797,-0.15521972,-0.098308004,0.1833716,-0.17740251,-0.023468852,-0.27774954,0.15292846,-0.32612222,-0.003704848,0.08293122,0.6104476,-0.019997358,0.16538343,-0.46145788,0.023895916
0.08923941,0.0016574309,-0.05260316,-0.054519884,0.053420667,0.14470993,0.008283069,0.09240683,0.4108251,0.11626469,-0.2690036,0.18674265,-0.027811851,-0.17669941,-0.17505145,-0.10076549,-0.17792183,0.24634036,-0.056375157,0.25341684,-0.0626044,0.12702109,0.13408473,0.09377024,0.010473914,0.3449798,0.010498681,0.09090547,-0.0013476594,-0.16964164,0.23900795,-0.09027045,-0.07597005,-0.30268988,0.35459647,0.20106378,-0.37687704,0.035103735,0.030295122,-0.24830925,0.59429616,-0.09614886,0.37056902,0.099161156,0.10494711,0.14351545,-0.2502107,-0.40809077,-0.008192584,-0.010852153,-0.35658345,0.04536241,0.21819328,-0.19232808,-0.24854416,0.59221584,-0.20693937,0.09023713,0.21730755,0.75024897,0.31892404,0.015006508,-0.07974712,-0.10573309,-0.008859117,0.2611572,-0.06113094,-0.109307595,-0.1713283,0.011045412,-0.15588373,0.1750221,-0.065631814,-0.19560188,0.20101355,-0.017097268,-0.17179835,-0.055387434,0.093030006,-0.058787156,0.050078116,0.05258641,-0.011158428,-0.07250912,-0.09905409,-0.012895542,-0.10768709,-0.21849902,0.015551556,0.1470782,0.2149264,0.079929255,-0.28778884,0.07286518,0.15740547,-0.44302666,-0.39141893,0.3143036,0.423343,-0.004834095,0.00076769845,-0.096623875,-0.16619222,-0.17636362,-0.22194718,-0.33050406,-0.25437734,0.19139321,0.036466934,0.00091118284,-0.12308147,0.18409058,-0.19309635,0.14907107,0.21213031,0.06389801,-0.034501854,0.025887458,0.35810414,0.31350732,-0.15564981,0.053606946,0.21225305,-0.15899712,0.10256886,0.07827407,0.038016368,-0.60110146,-0.52611613,0.0726487,-0.10677743,0.10327918,-0.32046342,0.13604614,0.31197035,0.0077429903,-0.49027747,0.3885493,0.30029762,0.35683402,-0.2071077,0.20535384,-0.07190604,0.21299183,-0.002543216,0.06677803,0.18325101,-0.05601151,0.28641954,0.04753344,0.25011033,-0.12257243,-0.15064766,0.510096,-0.045969367,-0.18907104,0.37674233,-0.15698232,0.16772202,-0.0154957445
0.06074222,0.10267083,0.24248,0.2304884,-0.15921417,-0.0032333534,0.21938951,0.22932428,-0.049771417,0.083501,-0.101531945,-0.08774997,0.11523489,-0.37121424,0.3908502,0.46305075,-0.024158856,0.27576348,-0.010027837,-0.35686642,-0.1849192,0.33499098,-0.1942336,-0.119000986,-0.12537645,0.061684787,0.008843689,-0.08671506,-0.13328394,-0.09333378,-0.19392326,0.214925,-0.40481758,0.04406719,-0.25606254,0.39889362,-0.15177044,-0.053608708,0.122746974,-0.2851637,-0.4254769,-0.055003334,-0.07938424,0.54554456,0.11702428,0.03640554,0.3882744,-0.056495316,-0.020056726,0.22913927,0.21440206,0.30666348,-0.15130161,0.048870035,-0.047901537,-0.2473761,-0.2618491,0.061233867,0.33638626,-0.3889846,-0.08092775,0.13706326,0.08413386,-0.008224824,0.20277068,-0.024463914,-0.10167073,0.17382556,-0.100094475,0.11335644,0.0667103,-0.12955375,-0.086972,0.041561317,-0.018859163,-0.10418455,0.06846635,-0.070022896,0.39189076,0.061005253,-0.24266885,-0.041179642,0.13450988,0.44195697,-0.0062733055,0.12706247,-0.40899763,0.19692098,-0.09133436,0.008671646,-0.090723775,0.21968901,0.030775882,0.101891324,0.32008675,-0.058211934,-0.014024853,0.07694346,0.02162682,-0.2969525,0.014016365,-0.054117586,0.02404839,-0.15448488,-0.043925192,0.24110843,-0.055383347,0.18261848,0.39932254,-0.14462678,-0.033535786,-0.0038817984,0.047689687,-0.012417882,0.053675484,0.117031604,0.10561098,0.045530986,-0.43873915,-0.0567903,0.31771615,-0.038050316,0.09915677,0.3427902,-0.028817376,0.08527757,0.0993193,0.36510235,0.5150053,-0.14815925,0.1351681,-0.017445764,-0.06146896,0.1787538,0.22964865,-0.7595204,0.09835404,-0.41040137,0.043673195,-0.32041082,0.21633366,-0.050998505,0.13812971,-0.25017098,-0.18135302,0.054360975,-0.022829216,-0.12200161,0.00020412757,-0.13511208,0.2075709,-0.24320908,-0.29033956,0.06197423,-0.18000686,-0.033239733,0.034461964,-0.0030234326,0.28415772,0.026212392
-0.18077418,0.14834642,-0.13935144,0.04464102,-0.15124084,0.08406504,-0.27508914,-0.21676303,-0.42386177,0.5664786,-0.15455562,0.0743846,0.175936,-0.14835,0.29202795,0.5522222,-0.11327762,-0.06939408,0.06566397,-0.43172613,0.04328252,-0.20388015,0.15254442,-0.035517905,-0.25430483,0.24987173,0.27519304,0.33896422,0.013491105,0.043102067,-0.08972234,0.0060081664,-0.15244511,-0.013683253,-0.16948816,0.14042512,-0.31563634,0.14642008,0.24643543,-0.10619877,-0.5269359,-0.04232664,0.03456044,0.3748245,-0.023977773,-0.13584584,-0.3537828,-0.16971701,-0.30858108,0.13904642,0.26454774,0.06958061,-0.23938471,0.36805996,0.17930181,-0.29187542,-0.16822985,0.4154752,0.49510986,-0.37349135,0.1807475,0.29598582,0.053367205,0.19577943,-0.07773365,-0.052148774,0.001625957,0.12332174,0.03560901,0.07518952,0.22126146,0.18118769,0.2658315,0.2805447,0.22516279,-0.12420499,0.008465572,-0.13947038,0.21760485,-0.0436475,-0.027622504,-0.121698074,-0.17112458,-0.32085755,-0.022204654,0.04493875,-0.43972698,0.010258537,-0.17155331,-0.11437907,0.17641951,-0.21007147,-0.17099406,0.19208434,-0.16017546,-0.08312313,0.16028522,0.1580748,-0.46684483,0.21467625,-0.011769514,-0.093282014,-0.14710943,0.107269116,0.013747771,0.16111381,-0.27333713,0.2104701,0.30144006,-0.04430942,-0.28149575,0.058661737,0.108947136,0.094285175,0.10298304,-0.25249392,0.18373387,0.16131625,-0.13405514,0.054654345,-0.07624464,-0.09353602,0.36996436,-0.10250107,0.053899467,0.07881076,0.46195167,-0.14731947,0.323839,0.38878208,0.07060076,-0.12070014,-0.083055295,-0.1060922,-0.0943978,-0.13197397,-0.009633373,-0.67902035,0.09287889,-0.124944836,0.29420248,-0.2658463,-0.0523748,-0.12691952,0.10786537,-0.28893998,0.020873843,-0.07092155,-0.34208268,0.13798954,0.32277197,-0.4248492,0.028661853,0.0309726,-0.026121575,0.08848553,0.2471831,-0.06099107,0.20823883,0.4615563
