-0.066494495,-0.13489945,-0.049643572,0.13685316,0.08154043,0.006377547,-0.04359352,-0.11174223,-0.051124617,-0.14919318,-0.09056817,-0.3740364,0.05395814,-0.039166555,0.20230895,-0.06375762,0.005481889,-0.05655107,-0.062101234,-0.10601778,-0.055182323,-0.08301376,0.14638191,0.06694016,0.20709033,0.1784332,0.07292681,0.19050798,0.12545574,0.14803971,0.030566866,-0.12337784,-0.085242994,0.123344794,0.052427445,0.003957107,-0.035727136,0.09292328,0.0053074686,0.044312768,-0.1347837,-0.09039604,0.052190397,0.08595156,0.16869575,0.120475665,0.09739786,-0.048842095,0.040769756,-0.025046924,-0.19034514,0.12629487,0.045359537,-0.12432073,0.25290185,-0.09062839,0.053566445,-0.023536053,0.12927517,-0.043151792,0.21597072,-0.30327094,-0.18776381,-0.020564662,0.1528566,-0.11532798,-0.11398514,0.16873516,0.051287826,-0.07051099,-0.02026241,-0.08465711,-0.10155481,-0.0041499296,0.053608164,0.11207931,0.085855626,-0.11130488,0.12768628,-0.06239125,0.1856206,0.1089083,-0.014233262,0.027947059,0.10717053,0.09090919,-0.04231494,0.21684504,0.092596196,-0.3317918,0.041276373,-0.27645266,-0.33165732,-0.17568736,0.089817315,0.08519477,0.10370908,-0.051400084,0.06832043,-0.15145707,-0.19301258,-0.1830649,0.13655463,0.00010288401,0.020130396,0.018751748,0.11719451,0.09728998,-0.021297855,0.1388323,0.00096067926,-0.21022855,0.03509467,0.07832484,0.20567949,-0.35373944,0.08805796,0.098741755,0.025291786,-0.05340479,0.053403497,-0.15348032,-0.22900312,-0.007143886,-0.059490487,-0.108467504,0.0060532917,0.08035598,0.1428991,-0.24371706,-0.4191265,-0.25891066,-0.02443944,0.022628924,0.10845349,-0.13003452,0.04795033,0.17330202,-0.07081755,0.13953248,-0.11979742,-0.033835977,-0.17511038,-0.096271545,-0.06475506,-0.043205705,0.036648586,0.35201976,0.07307924,0.16679078,0.010703743,-0.18662864,-0.05951811,0.29269055,0.24401632,-0.070670344,-0.19087346,0.0026257616,-0.12563695,0.06762442
0.33609003,-0.13483612,-7.043928e-05,0.24053209,0.0071363417,-0.043077834,-0.09617732,0.031337377,-0.057000276,-0.22325173,0.2437015,-0.23906536,0.44300112,-0.040202815,0.0568716,0.1899183,0.30834535,-0.15264966,-0.07635445,-0.0008302491,0.11636196,0.28807604,0.09539557,-0.12887219,0.15687715,-0.011075396,-0.012175739,-0.20960142,-0.2026818,-0.16046087,0.04409429,0.12199084,0.04762921,-0.029580295,0.27196315,0.17714387,-0.12082379,0.16050452,0.17208976,0.21639709,0.14144386,0.10377483,0.08085211,-0.14213353,0.1918199,-0.08669986,-0.08094281,0.03552652,0.18021621,0.20085572,0.001041676,-0.04014889,0.29502252,0.07750895,0.007598898,-0.16650349,0.1958223,-0.16599694,-0.052138556,0.06857844,-0.10971076,-0.054553155,0.22512633,0.092503205,0.24562895,0.025994522,-0.081567906,0.04312579,-0.15809745,-0.15424152,0.1862568,0.3781146,-0.010234298,0.22209363,0.11452157,0.12550226,-0.24230373,0.07593891,0.20553453,0.19824548,-0.17417026,-0.14788015,0.053907063,-0.1413833,0.06337176,-0.10924734,-0.18007469,-0.11632859,-0.29101786,0.07526165,0.17037293,0.10625398,0.009523632,-0.18603346,0.09622124,0.07633112,0.15193884,-0.13946205,-0.04369406,-0.16461675,-0.009317055,0.035410795,0.5914646,-0.10775108,0.21661744,0.10518183,-0.030123139,0.16505104,-0.090660535,-0.1433289,-0.025453925,0.17081441,-0.186887,0.35935768,-0.3167621,0.09085098,-0.06677628,-0.19246614,-0.06662526,0.1741928,0.20417067,0.08985519,-0.06635847,0.21430215,-0.026873324,-0.12510736,-0.2262167,-0.095079936,-0.23383534,0.076633446,-0.087358676,0.30240446,0.0009951245,0.0932148,0.13240033,0.036512744,0.06387983,0.11911765,0.11843934,0.12701741,0.116124645,0.17102258,0.33259225,-0.10233112,0.1944692,0.10328913,0.033924982,0.31839168,0.04974895,0.027360694,-0.10364669,-0.014061013,-0.2588146,0.05428499,0.17300968,0.12795904,-0.30157045,-0.043091442,-0.0018277462,0.15695262
0.1966623,0.029873488,-0.07082575,0.044787895,0.121234916,0.050346818,0.1478389,0.04294733,0.115766905,-0.1935346,0.193553,-0.13158919,0.092788145,0.011098529,-0.041979954,-0.034950625,-0.02572182,0.16904053,-0.004849635,-0.024320254,0.09395343,0.31177408,0.09872634,-0.0066505056,0.16299655,0.08282216,-0.03331732,-0.12502556,-0.10336957,0.17169829,0.16157445,-0.14322191,0.04304737,0.017583905,0.23523495,-0.079007335,0.054838184,0.0006690499,0.108302124,0.22387536,0.026955904,-0.017020235,0.12359018,-0.09372106,0.14344104,-0.16573219,-0.08318471,-0.23446225,0.007629621,0.055168852,-0.20095138,0.10432647,0.44178846,0.035807364,-0.17702568,-0.04237536,0.24148752,-0.07575435,-0.03186622,0.066784315,-0.17846721,-0.102545254,-0.17715131,0.14416935,0.38417763,-0.037603326,-0.08081016,0.123929106,0.003623147,-0.07229155,0.16795917,-0.023828026,0.27874944,0.14661393,0.08875663,0.2965805,-0.24326232,0.0011703735,0.22192124,0.2739672,-0.14411399,-0.030019216,-0.041270155,0.1367968,0.035913244,-0.16280472,-0.10027427,0.021968616,-0.2272066,-0.24688986,-0.113775596,-0.12284824,-0.091028936,-0.014452317,0.38244584,0.07088402,-0.23610535,0.042454466,0.13586247,-0.08034266,0.3091175,0.0019986478,0.23130588,-0.14886448,0.03221088,0.026889667,-0.03604823,0.003996265,0.19116321,0.013246462,0.15584187,-0.14813927,0.018330606,0.18450847,-0.19973825,-0.18610123,0.027697762,-0.20198657,-0.093580164,-0.04382565,0.1748478,0.039266676,-0.20554987,-0.068900935,0.063399546,0.089430675,0.11142864,0.14726199,0.030443069,-0.06857197,-0.4513392,-0.16155866,-0.15803486,0.0142477425,0.03492234,0.11990128,-0.0329458,-0.111876786,-0.036418397,-0.13081974,-0.18534516,-0.27971458,0.20459163,0.18065305,-0.06775736,-0.14787117,0.20199078,0.03592771,-0.0427685,0.12827013,-0.04351673,-0.1159197,0.025155013,0.012915931,0.0654859,0.14969474,0.0037347812,0.015405822,-0.09957903,-0.15457354
0.09357703,0.03721133,0.1698464,0.08787379,0.07648784,-0.04767115,0.005474397,0.09100639,-0.031371765,-0.16732375,-0.17457803,0.012485808,-0.12176182,0.03797603,-0.019737257,0.07835567,0.1441931,0.07927708,-0.15999135,0.10275656,-0.001219149,0.118155494,-0.09011407,-0.0108904205,-0.2210667,0.052093457,-0.20826831,0.035461284,-0.06571142,-0.134989,-0.14342903,0.20419765,-0.10328325,-0.049908943,0.025951887,0.036839712,0.06590145,0.010829672,0.14223476,0.06694055,0.07861573,-0.12349932,-0.1461813,0.06947215,-0.02659835,-0.13652122,-0.06154848,-0.15157232,-0.117157824,0.0076898956,0.188752,-0.10771959,0.15939,-0.1301443,0.1427828,0.021312332,-0.1183112,-0.02412392,-0.13088948,0.1851357,-0.0367926,0.1284146,-0.047470838,-0.037396777,-0.018884229,-0.04330932,0.15283658,-0.073706396,0.1524471,-0.14361417,0.17721921,-0.1220692,0.017631102,-0.044590373,0.046527524,0.06954237,-0.011306216,-0.11647498,0.11054541,-0.07093106,0.065745525,-0.1122801,0.033479836,-0.12474164,-0.14013681,0.121221304,-0.12262841,-0.059725106,-0.043416113,0.13596705,-0.06642791,-0.042340156,-0.20294175,0.05644751,-0.030813994,0.14347623,0.08825188,-0.1133028,0.120805755,0.10738273,0.005083136,0.19629294,0.08089235,-0.091109015,-0.09464629,-0.031725265,-0.012352073,-0.07708255,-0.058559213,0.03726542,0.08646332,-0.07695188,-0.16278301,-0.15656616,0.14748798,-0.040689323,0.04296489,0.15998742,0.009002136,0.116349794,-0.11661057,-0.021384519,-0.028948188,0.070928596,0.07140657,0.047646545,-0.028515715,-0.09266865,-0.039226685,0.17258982,-0.11267235,0.013692512,-0.025538005,-0.07121974,-0.023511222,-0.16871381,0.09801807,0.07937804,0.06974953,0.09651281,0.108009346,0.041729596,-0.17982492,-0.123512715,0.18242684,0.030292096,-0.054420628,0.14343162,0.1612277,-0.15609582,0.15194695,0.02532224,0.14511552,-0.1486371,-0.14160423,0.017747104,-0.026956104,-0.16180134,0.067490585,0.05899751
0.29839554,0.09401793,-0.06967545,0.23246734,-0.053186167,-0.08582667,0.11722155,-0.008218747,-0.013432594,0.2680866,0.0145488195,0.1043041,0.018497163,-0.0897008,-0.031518195,-0.0069483663,-0.015978156,-0.0012919178,0.060216542,-0.05649684,0.007855567,0.046672296,-0.113022126,-0.12420137,0.12334635,0.045082994,0.15180252,0.015070794,-0.03812033,-0.12274447,0.222181,-0.042614717,0.21956715,-0.081380226,0.046173584,0.11147338,0.12866761,0.059351306,-0.08147439,0.06190415,-0.053338476,0.04792165,-0.0052021965,0.17324698,0.2079804,0.20066436,-0.012635805,-0.17778833,0.13731526,0.36223313,0.019534804,0.03989492,-0.08081968,-0.07122031,0.021110035,0.1661699,0.16216761,0.011680733,-0.12773195,-0.08441909,-0.013515743,0.1394432,-0.020218667,-0.008532692,0.03133475,0.11516833,0.17311585,0.006315625,0.11919763,0.08071603,-0.04839522,0.0587681,0.050471637,-0.09360594,0.23075087,0.14055961,-0.03470528,-0.08091746,0.16307679,0.059524823,-0.12363487,0.16970073,-0.042545766,-0.1947512,-0.097925864,0.16146034,0.055341095,-0.0816789,0.14384405,0.070744045,0.07598148,0.24863257,0.19495325,0.059652742,0.14886136,-0.14510918,0.06260149,-0.1041592,0.16130713,0.16190238,0.3113536,0.032887638,-0.034973927,0.009146325,-0.06392807,0.05605314,0.12516586,0.12579376,0.057826668,0.15171047,0.15070231,0.118400306,-0.10847581,-0.13867536,-0.08428227,0.05043849,0.17418714,0.10403393,-0.06978232,0.019602241,0.11103817,-0.055384044,0.028936677,0.10596316,0.05327514,0.14149381,-0.04326588,0.05288245,0.009820111,0.32653022,-0.24911562,0.2644105,0.07652443,0.0152278785,0.06340181,0.1767694,0.12562497,-0.10207388,0.0070777456,0.06235625,-0.12568317,0.26473522,0.01856265,-0.004317178,0.2351338,-0.07986746,0.077427834,0.12694055,-0.027714442,0.16645183,-0.16059405,0.26543778,0.11292694,-0.117665,-0.045251217,-0.058919154,-0.112774335,0.09461705,0.11150026,-0.011251119
0.16994075,-0.049725153,-0.0019347027,0.1414059,0.096225075,-0.009899959,0.02749508,0.17982037,0.2182915,0.10990753,0.002330994,0.14770484,0.312293,0.16333613,-0.041796733,-0.12184303,-0.033941817,-0.010554262,0.04275167,-0.08795044,0.014981389,0.040226065,-0.07831007,-0.052209113,0.17337866,-0.075094454,0.18137586,0.09142491,-0.09040332,-0.023682972,0.016961988,-0.04978506,-0.02269542,-0.22043887,-0.030168857,0.026417866,-0.0981239,0.050592847,-0.053721953,0.12666625,0.05509413,0.018238729,0.05253467,0.111719266,0.18120266,0.1572653,0.13929765,0.059904493,0.2178241,0.3400108,0.16449322,0.084059194,0.060213897,-0.09584121,-0.003523118,0.014363344,-0.013578232,-0.05521152,-0.13794926,-0.12103361,-0.14093482,0.2997689,0.072003916,0.03611679,0.36862376,-0.15577978,0.20168163,-0.029352354,-0.07920831,0.060294483,-0.052654747,0.15620834,0.28418538,0.03952046,0.07396809,0.17052962,0.07320113,0.15555562,-0.1412818,0.14438316,0.08582836,0.16567242,0.23397619,0.104446776,0.18308552,-0.057435542,-0.11281075,0.078904614,0.055984616,0.44886133,0.1614021,0.31870106,0.28803957,0.109096885,0.22085272,0.0892354,-0.047132246,-0.09825279,-0.055148344,0.080541104,0.2515535,0.35585812,-0.1848526,0.16032027,0.11360437,-0.1410658,-0.12121298,0.085156694,0.044728506,-0.12168825,0.012400664,0.25006807,-0.087095685,-0.28024945,-0.02371466,0.40274918,0.20680277,0.021557838,0.06751467,-0.024754442,0.13987133,0.06088864,0.15308894,-0.038289372,-0.14862205,0.18070349,0.12542792,0.10145706,-0.2129651,0.21858239,0.34230256,0.38064092,-0.12857644,-0.06658572,0.16376127,0.03808495,-0.014505951,-0.12884878,-0.01710843,-0.08133218,0.14965434,0.64027125,0.2884776,0.036945708,0.012953962,0.0059326123,0.22482306,-0.13936761,0.011246747,-0.008689077,-0.1283039,0.1933879,-0.14376782,-0.21158254,0.097230375,0.17986625,-0.057065096,-0.14269765,-0.09433095,0.009308117
0.011988976,0.11732811,0.263787,0.08862094,0.15562603,-0.13107303,-0.11679234,0.057248462,0.11219358,-0.0012619277,0.0480208,0.18197832,-0.012556024,0.14381841,-0.1481331,-0.06823058,-0.118286826,0.11834116,-0.06362227,-0.064560995,0.21697462,-0.20985584,-0.1741257,0.1829229,0.102209345,-0.08054214,0.16933952,0.27785632,0.033138733,0.06392823,-0.01006433,-0.23292431,-0.019207345,-0.08392463,0.017369812,-0.16198035,0.05826673,0.13196014,0.093288004,0.057158567,-0.08135413,0.06882072,0.0714361,0.052030154,0.09722086,0.16407599,-0.14312863,0.059658606,0.12917335,0.029290875,0.3479417,-0.1806293,0.10313279,0.14860891,-0.053188793,0.006082827,-0.019429132,-0.022243567,0.09827125,0.06013493,0.14034879,0.11413616,-0.10554247,0.04547776,-0.1411397,0.0062610577,0.06800389,0.15841535,0.03648913,-0.028242337,-0.018943714,-0.08434525,-0.15961705,-0.061022982,-0.19785084,0.010028232,-0.010714221,0.10658133,0.055513393,-0.122890376,-0.061561126,-0.107990384,0.19990708,0.062086318,0.1902894,0.17790814,0.0057096677,0.015870532,-0.121481024,-0.022178015,-0.13117516,-0.13282531,0.06594341,0.086253054,0.2713612,-0.014855724,0.0042841877,-0.022039698,0.12625556,0.09811511,0.25940835,-0.18037817,-0.20649333,-0.15363409,0.15024754,0.27291238,0.011899051,-0.23973465,0.00063445896,-0.16814533,-0.057261188,-0.27021068,0.1977383,-0.31398085,-0.0068358853,0.07267881,0.099527314,0.12395211,0.124834865,0.00059219147,-0.030722963,-0.09400207,0.17762056,-0.020885212,0.10492702,-0.08187879,-0.14133714,-0.07743493,0.077874914,-0.09226498,0.016838517,-0.1637279,0.012710224,0.07409424,0.17618257,0.10253618,0.08512845,0.007596864,-0.026155459,-0.043259855,-0.15744561,0.016979132,-0.21781324,0.15977746,0.057845328,-0.009878732,0.14673395,-0.18892296,-0.08693766,0.119633004,0.12719199,-0.21534221,-0.042399783,-0.19339238,0.006539995,-0.24582113,0.06589791,0.20309456,-0.025648419,-0.09795904
0.15177773,-0.11398299,-0.027679872,0.13208756,0.14545652,0.07493836,0.15040465,0.098433934,-0.01443194,0.037959173,-0.05979278,0.17767924,-0.030546764,-0.09090378,0.004372426,0.18017948,0.16874412,0.068751946,0.09962668,0.09045228,0.13856818,0.18842117,0.11397613,-0.030930124,0.050518695,-0.13160436,0.1326483,0.14539875,0.077825814,-0.085443586,-0.014442474,0.19149294,0.14463262,0.07558879,-0.057008743,-0.12328773,0.012779313,-0.14226216,-0.09027781,-0.09166626,-0.051753107,-0.10110149,0.102069035,0.1541132,0.043838263,0.11311932,0.14282165,0.07191024,0.15405725,0.11866879,0.14887744,0.07843376,-0.07925024,0.10900615,0.052343264,-0.03247145,0.16740265,-0.11122401,-0.1776474,-0.10803948,0.01395323,0.13063866,0.059440836,0.157622,0.10773226,0.030503973,0.15482199,-0.041318655,0.15030293,-0.04160438,-0.07766671,-0.04627171,0.15097037,0.049607497,0.21756858,0.089403495,-0.023344377,0.11613424,0.08343343,0.10538386,0.11780832,-0.04155363,0.19011058,-0.08824481,0.013898098,-0.095654055,-0.013743379,-0.12233805,0.0061632516,0.19729409,0.13778023,0.22165115,0.2524004,-0.069779746,0.117082104,-0.094531566,0.012949928,-0.11455336,0.17992733,0.04226665,0.24488468,0.29943883,-0.012770063,-0.12435776,0.07228668,0.061754514,0.043047566,0.26444033,0.060743064,-0.077696495,0.12066234,-0.048014626,-0.02795061,-0.26212704,0.14630438,-0.005572971,-0.036293898,0.109671794,0.19153923,0.1226261,0.13127491,-0.07482353,0.051123407,0.113136135,-0.115944535,-0.113733605,-0.103743136,0.029349271,0.03967006,0.101555765,0.11635161,-0.0040337523,0.33427465,0.070909046,0.06628637,-0.10664011,0.19561617,-0.051092017,0.017110683,0.086293735,0.28178295,0.14822228,-0.0884523,0.10885714,0.3159235,0.13654287,-0.0020639452,0.002839151,0.18635106,-0.17071268,-0.10339031,-0.036008935,-0.011631819,-0.13911624,0.06827056,-0.03382444,-0.084914416,-0.14128914,-0.025683433,-0.04781047
0.14153121,0.14772646,0.007350147,-0.096494354,0.13398437,-0.08351677,0.13911897,0.10241967,-0.07845319,-0.08811136,0.16109732,-0.06107378,-0.11644612,-0.056189667,0.11106697,-0.04192622,-0.005769397,0.11595861,0.102408715,-0.12645668,0.02286087,0.16170564,-0.090900056,-0.15514952,0.048501298,0.052195556,-0.07574104,0.051695704,-0.106668875,0.03391117,0.14786191,0.077351905,-0.07878033,0.075272515,-0.12448049,-0.10008379,0.00643475,0.14860742,-0.0070151407,-0.1747158,-0.09199423,-0.046316862,-0.059158172,0.0030469485,-0.06112412,0.035008203,0.054712266,0.11111005,0.032050904,0.04421079,-0.010493233,0.08087474,0.009875655,-0.086054474,-0.08020586,0.111379355,-0.13508038,0.048600025,-0.17100804,0.032520056,-0.08545085,0.11945051,0.009378973,-0.032708995,0.057589322,-0.13616031,0.10714458,0.059571162,-0.13353147,0.022787005,-0.15485005,0.15526623,-0.066810444,0.1290638,0.15441509,-0.14107645,-0.010883849,0.14951783,-0.000977479,0.08493299,0.02885901,-0.11423628,-0.08501213,-0.11325058,0.001558628,0.11631833,-0.018257648,0.15686098,0.12872967,0.0112724155,0.09277317,0.115591556,0.15403312,0.084626004,0.11233848,0.026456077,0.15096685,-0.12401414,-0.11025802,-0.15415943,0.16402555,0.039731458,-0.16051123,-0.17607771,0.023472786,-0.017338544,-0.12663533,-0.13161942,0.024837477,-0.12701702,-0.08488647,0.053776987,-0.07622265,-0.0075332075,0.16208671,-0.10970596,0.044901643,0.0733676,0.007031724,0.10576714,-0.024796715,0.013622632,-0.137487,-0.112274356,-0.040788468,-0.16795617,-0.072151504,0.07656168,0.09534275,-0.16337782,-0.1477442,-0.086055584,-0.09656875,-0.16857572,0.16609192,-0.13704476,-0.112809755,-0.0595114,0.07152994,0.09084496,0.1327619,-0.155739,-0.09246271,-0.058942944,0.109612375,-0.088261515,0.011272221,0.010099388,-0.16896331,-0.0057588816,-0.12636715,-0.11863162,0.0043461095,-0.13197403,-0.050211355,-0.005621658,-0.11009558,-0.04015747,-0.16804017,0.05366266
-0.053852953,0.03453514,-0.015314576,0.018242814,0.084098525,-0.12789685,-8.7600405e-05,0.09269249,0.0970039,0.07318819,-0.07737683,-0.014586703,0.16427357,0.036620997,0.007517269,-0.03537348,0.16422348,-0.09087955,-0.07813398,0.105950266,0.11198766,0.03245994,-0.013425058,-0.08847337,0.15374327,-0.066405706,-0.146384,0.006501202,0.17939757,0.14829022,-0.0109720975,0.14117786,0.025352255,-0.042677414,-0.08591284,0.066489875,-0.086191155,-0.06635901,0.005402421,0.062399592,-0.14741118,-0.047211085,-0.08911494,-0.067951225,-0.14002213,-0.12692031,-0.06009212,0.09826326,0.14283192,-0.105769284,0.10534621,-0.1397487,-0.014307719,-0.07541401,-0.011992937,-0.12931636,-0.05706277,-0.06814466,0.009305685,0.12631033,0.02924466,0.06122231,0.19013233,-0.09033991,0.056385744,0.010791602,-0.008678749,-0.019188099,-0.02825874,0.060017318,-0.025994198,0.10016103,-0.0864079,0.048370514,-0.006319106,0.03546652,0.06977745,-0.021503842,-0.17306443,-0.08585126,0.15796985,0.09008965,-0.054154307,-0.024149865,-0.016443536,-0.14491788,0.0203643,-0.056133244,0.06615118,-0.13019876,-0.040997278,0.079760544,-0.06917151,0.10328921,0.04991821,-0.15948129,-0.039271347,0.1138651,0.037282057,0.076082975,0.0444155,0.044804648,-0.078030124,0.08439604,0.025516331,0.094691984,0.05121549,0.13154218,0.0652898,-0.0416189,-0.038381148,-0.115963206,0.053888097,-0.03712667,-0.059737973,0.003135478,0.10872354,-0.13777548,-0.054870818,0.18196659,-0.10122625,0.077295855,0.16525164,-0.10539189,0.16225475,0.06889561,-0.15177464,0.11590687,-0.024787586,0.096897624,0.03437788,0.034594227,0.10551625,-0.09359377,0.13669874,0.08582051,0.015991652,-0.04415344,-0.14419065,-0.16340217,-0.004454017,-0.011651214,-0.094387524,0.03206811,-0.06286659,-0.14609945,-0.03780149,0.16447362,-0.124135226,0.008643106,-0.00016956545,-0.01844874,-0.044719804,-0.07643773,-0.029713985,0.08550493,0.032355964,-0.1307204,0.031053806,0.050148368
-0.10040824,-0.085570164,0.05627189,0.018433893,0.063723326,-0.1268154,0.14442857,-0.014802453,0.08946111,0.20970389,0.07994189,0.0055526393,-0.0008587698,0.10953223,-0.15248351,-0.089726724,-0.12405873,-0.087778,0.0004745979,-0.039699297,0.01670622,-0.11121301,-0.19879995,0.11276434,0.18103027,0.11001373,-0.13888162,-0.11415905,-0.09808721,0.010148078,-0.11885182,-0.1309231,0.15823428,0.08024726,0.043645624,-0.10890988,0.11506674,-0.00031317724,0.10727074,0.055020373,-0.14265315,-0.18660581,0.00015150405,0.14535159,0.07109838,-0.016178286,-0.12602316,0.014438818,0.10493733,0.119274676,0.19531152,0.11480102,-0.047460087,0.15766136,-0.035105415,0.01822029,-0.1822256,-0.020671643,-0.06624807,0.12637502,0.07013849,0.2100445,0.024921238,-0.11013506,-0.0001203128,-0.011779858,-0.20221564,0.16610551,-0.18526368,-0.08993422,-0.025681268,0.118950345,-0.10839382,-0.040320132,-0.03478491,0.052191105,0.12800574,0.0423052,-0.085223086,0.11291663,-0.11281156,-0.009067838,-0.052120265,-0.12913226,-0.098392405,0.011915266,-0.09664886,-0.18814929,-0.1554093,-0.014722084,0.21230972,-0.067913346,0.29449442,0.079703614,-0.11939084,0.1442628,-0.07992308,0.08794764,0.13359313,0.010254318,0.22358923,-0.16877879,-0.079748,-0.03963293,-0.11690995,0.00742583,0.054813392,-0.07897296,-0.09854587,0.030444384,-4.977097e-05,0.1766951,-0.08113742,0.010053008,-0.1687631,0.14836784,0.15444843,-0.14239532,0.1817798,-0.101773456,0.109908365,-0.06162595,0.062532745,0.19622363,-0.007978643,-0.056410022,-0.04828167,-0.08512214,0.05245581,-0.035136394,-0.007950023,-0.036363956,-0.017450247,0.16867417,0.09162457,0.17171824,-0.18682152,-0.15471219,-0.15584166,0.16515097,-0.09894699,0.033973943,0.063128784,0.05311202,-0.028399788,-0.12125283,-0.16982782,-0.06818089,-0.09479289,0.07671769,0.033750758,-0.13642189,0.10563344,-0.04712379,0.0077743856,0.120306425,-0.1367198,0.041580174,0.08927585,-0.068628326
-0.08686411,-0.09628918,-0.061219387,-0.018869998,-0.0014715577,-0.022048384,-0.004602862,0.05798796,0.049485195,-0.18788044,-0.04665796,0.009497765,-0.2578687,-0.08725649,0.016027402,-0.12506922,-0.09859357,-0.014575823,0.17068005,-0.03823825,0.1312898,0.18629532,0.08863514,0.16787468,-0.037260536,0.20306395,-0.05825604,0.0024280425,0.1444803,-0.09610921,-0.14579651,0.077854455,-0.23274286,0.06257328,-0.032221258,0.04918697,-0.15984945,-0.0702817,0.1103778,0.08294495,0.07350719,-0.058023512,-0.030424139,-0.06158881,0.095267855,0.15310699,0.08783023,0.02989063,-0.17105474,0.124685265,0.03747116,-0.051222328,-0.12336069,-0.020462176,0.24323566,0.061595123,0.03693079,0.034513008,-0.039335903,0.025471251,0.117008194,0.16381665,-0.16314642,0.14000446,0.03217748,0.12000464,-0.060714237,-0.18535706,-0.07496293,-0.15440246,-0.12142207,-0.13123904,-0.03003217,-0.03355374,-0.022919819,0.15049648,-0.05653923,0.07156822,-0.105506495,-0.06373256,0.15623072,0.037013266,-0.09153006,0.13449119,0.11457882,-0.1780325,-0.08239424,-0.065463185,-0.1274169,-0.25744745,-0.13969512,-0.14352465,-0.045724727,0.06552795,0.030759549,0.051200166,0.180155,-0.021152854,0.060413208,0.060731176,0.13334419,0.19267577,0.15196548,-0.08468013,-0.15208918,0.12426321,-0.12701231,0.22575203,0.09973892,0.049266756,0.14393695,0.2019538,0.073757865,0.29461083,-0.07911464,-0.029338628,0.13266233,-0.06279635,-0.08724305,-0.13634105,0.004778752,0.023066737,0.022560386,0.14184238,0.13533762,-0.060617693,-0.12750931,-0.10888625,-0.017282369,0.09971556,-0.06960439,0.05815505,0.0064940033,0.13683835,0.06636938,-0.009668161,0.035984173,0.007502273,-0.09024996,-0.15687291,0.006101669,0.12279233,0.00682332,-0.040325936,0.37115118,-0.123746,-0.14011392,-0.033154275,0.01132582,0.02343579,-0.1385857,0.07131707,0.115191355,0.020091088,-0.054801058,-0.09056803,-0.108728565,0.13838105,0.16214526,-0.06303442
0.052843403,-0.08184863,0.10301337,-0.04425635,-0.0016195667,0.090688996,-0.10191504,0.13135022,-0.043797392,-0.13082117,0.012206879,0.031405658,-0.030988459,-0.10925448,-0.11776064,-0.06571792,-0.09195529,-0.11869608,0.110629424,0.13889883,0.1015764,-0.113736294,0.06328538,-0.17487057,0.07929112,-0.02162189,-0.019952752,0.11448289,-0.028165285,-0.06685157,-0.02291171,-0.036770914,0.064496584,-0.10391814,-0.05188279,0.0809063,0.016304677,-0.02378483,0.027878342,0.055941135,-0.15883218,-0.031721227,0.13426556,-0.08227287,0.07802718,0.014434978,0.15098755,-0.1497822,0.15722594,-0.043903656,0.051082395,0.06327317,-0.04611964,-0.15107918,-0.1366402,0.14338788,0.15000884,-0.11231898,0.12141916,-0.11758286,0.13456453,0.06303778,0.105314136,-0.16215724,-0.06344507,0.014038733,0.03208364,0.030993044,-0.12697947,0.15938205,-0.11713201,0.06630393,-0.06632236,-0.004545817,0.039716315,-0.04500325,0.059134454,-0.12568295,0.040769517,0.049585596,-0.066313125,-0.12431638,0.14001246,-0.067331135,-0.10145718,-0.021138271,-0.13197693,0.08439669,-0.07329691,-0.14793816,-0.016066967,-0.11551471,-0.15824734,-0.14338584,0.08605968,0.16330461,-0.13032006,-0.09840699,0.08854052,-0.021135746,-0.011096257,0.014017894,-0.12089444,-0.15926327,0.061984725,0.032675926,-0.009414004,-0.14999449,0.07590205,-0.07468831,0.018177828,0.024291558,-0.09596502,-0.03189867,-0.09085061,-0.13759391,-0.09908242,-0.08809475,-0.08796574,-0.12835474,-0.04594475,-0.034300182,-0.1775982,-0.07782783,0.09904945,-0.0011225987,-0.13806811,-0.037002716,0.06324189,0.0037907213,-0.1770398,0.004853374,-0.16112302,-0.10354818,-0.079496644,0.014807546,0.07011938,0.13495202,-0.04351809,0.06787272,0.10322066,0.054470375,-0.13755572,0.033064775,-0.12819174,0.09468602,0.016449492,-0.13128836,0.13074417,0.15188551,-0.12507473,0.0048150755,0.16419044,-0.02889215,0.10039767,-0.08010431,0.13133992,0.10114358,0.16206057,-0.06485513
-0.053457648,0.03912524,0.048892472,-0.1707936,0.04408551,0.037171416,0.12386871,0.031651642,-0.03363166,-0.070938356,-0.12793416,-0.23194061,-0.07412505,-0.04041096,-0.024687761,0.061033092,0.0785426,0.062615976,0.10953873,0.02085085,-0.14583208,-0.014019486,-0.15005578,0.036201112,0.07154175,-0.024917966,0.019977901,-0.078196816,0.11961279,0.14131917,0.069700405,0.13114074,-0.2634854,0.10439403,-0.06384962,-0.23164642,0.033704,0.07750926,0.026141971,-0.06550038,-0.13780566,-0.075195976,-0.06481323,-0.043732353,0.0616513,-0.017873028,0.05069814,0.2236689,0.12951694,0.01022293,-0.5377452,0.07310762,0.09106849,0.05380784,0.20281966,0.1534156,0.043587413,-0.10723348,0.060477994,0.01733193,-0.10208569,-0.5289111,-0.05854533,0.13426349,-0.26894212,0.24713555,0.22894108,-0.03291293,0.14585349,0.13301921,0.13465165,-0.15144587,-0.005874476,0.12297747,-0.023253087,-0.0105843665,-0.13067731,0.105909415,0.0221458,0.12935035,-0.22431906,-0.06256419,0.09359161,0.12098031,-0.13531516,-0.07177509,-0.014817551,-0.040732253,0.054831993,9.857811e-05,-0.27076688,-0.14273758,-0.034171287,-0.057469625,-0.4188421,0.15552144,-0.078262605,0.14360659,0.17308146,0.059605755,-0.47567788,-0.12522621,-0.1791453,-0.049518082,0.00043487936,0.1020861,-0.023297573,0.10189565,0.079008095,-0.07254305,-0.008548089,0.118867196,0.11217796,-0.2527246,-0.072102234,0.05050686,-0.11015498,0.20264947,0.09290671,-0.03902936,-0.12672113,0.21828775,0.08700245,-0.13656221,0.10270054,0.0056136134,0.05012164,-0.0067298408,0.13196206,0.19508757,-0.17919217,0.042704962,0.08361717,0.08811845,-0.24724269,-0.041165434,0.08532101,-0.082140304,-0.085272565,-0.040289905,-0.3243025,-0.1075314,-0.33677068,0.091915324,-0.14278346,0.14278926,-0.07008676,-0.39623308,0.04968809,-0.044168994,-0.02523347,0.11236226,0.04819418,-0.17867403,0.049924362,0.1316002,0.18377148,0.10195755,-0.1253129,-0.015746683
-0.07090114,-0.16364358,-0.03860621,-0.048991695,0.1341566,-0.004549021,0.13109301,-0.095062084,0.16550127,0.17550457,-0.2528411,0.36182427,0.04256145,0.03639682,0.13458847,0.051400144,-0.16363642,0.16099048,0.16765215,-0.0646523,-0.09658494,-0.10949983,-0.16929819,-0.038859993,0.12774318,-0.024843108,0.0734175,-0.040859085,0.0056216563,0.13414218,-0.078373365,-0.061395466,0.08690809,-0.16029897,-0.08154667,0.10642787,0.04734777,0.08113437,0.09569061,-0.043009534,0.00014062836,0.13848902,-0.18969868,0.09137581,0.045143005,-0.053374443,0.020928461,0.14668652,-0.14368238,-0.10355108,-0.24209735,-0.026644064,-0.23160417,-0.124158956,0.083292924,0.088825114,0.25911516,0.1477278,0.109934725,-0.027200323,-0.10158879,-0.13505203,-0.093311295,-0.079693936,0.03639003,0.055205714,0.13467456,-0.03787422,-0.016806236,-0.12416145,0.030440459,0.037378706,0.09711174,0.020970428,0.12728211,0.021622019,-0.11778235,0.025501357,0.016823847,0.14267294,-0.054019284,0.17922366,-0.06729523,0.115944915,-0.102855325,-0.06743236,-0.010236493,0.02113966,0.11236536,0.02949453,-0.1297871,-0.008672713,0.35859898,-0.02441177,-0.3074544,0.17908137,-0.0873871,0.042264562,0.15340199,0.10715081,-0.1070895,-0.012973842,-0.3815612,0.16255622,-0.12657855,0.1191873,0.12958792,-0.18023513,0.15132564,-0.14368744,0.1327078,-0.11369646,-0.029955493,-0.45016074,0.13033102,0.16603377,-0.12643018,-0.12664993,-0.027037151,-0.012415383,-0.09551783,0.23545612,0.04785021,-0.034431618,0.09133799,-0.029236814,0.120576225,-0.029665323,0.07251111,0.13708967,-0.121072575,0.1000588,0.26613063,0.062052157,-0.14476036,0.10947338,0.03815344,0.07512164,0.12665655,0.044285823,-0.22411421,-0.16380677,-0.11391209,0.03438598,0.1495814,0.07376282,-0.15429811,-0.23166187,-0.1049962,-0.07767036,0.14520727,-0.011248955,0.031053063,-0.24823542,-0.12115076,-0.03694877,0.17735836,0.16541709,0.22105354,-0.030629031
-0.19967374,0.13416632,0.22787592,0.05515963,0.16628356,0.1344332,0.15273316,-0.16040581,0.112302415,-0.0361961,0.06307079,-0.14549468,0.24471627,0.019657927,-0.14721541,0.11075003,0.038578372,0.06263673,-0.06539219,-0.10075436,0.25085446,-0.049174767,0.062285095,0.13516809,0.24773128,0.11222721,0.13232008,-0.031134883,-0.05088085,0.122315176,0.123401664,0.11273367,0.13702577,-0.03246339,-0.22170953,-0.028456183,0.10832558,-0.123864695,-0.12880954,0.020919057,0.041101336,-0.033123035,0.19356929,0.15361153,-0.04469992,-0.10900595,0.17299666,0.19064344,0.16087162,0.2573316,-0.3726679,0.13855217,0.28709105,-0.01616373,0.04660392,0.082522765,0.04202951,0.037464026,0.047222394,0.08710344,-0.0691171,-0.5160209,-0.17944105,0.13621873,-0.20666131,0.048055332,-0.0868329,-0.011224931,-0.036543302,0.06785057,-0.008762294,0.0040940754,0.040552724,-0.012420047,0.23384352,0.1949656,-0.0814214,-0.041827492,0.10040976,-0.11147146,0.08590765,0.14028911,0.13841867,-0.1011028,0.026100494,-0.11262172,-0.016094254,-0.07871119,-0.09143569,-0.060115203,-0.11711675,-0.029739244,0.012522195,0.07111073,-0.0701045,0.10194391,-0.100176655,0.12576096,0.1309797,0.17417118,0.10097054,-0.26968622,-0.4937071,0.11067701,-0.1535298,0.25456393,0.13561359,-0.25291714,-0.15578945,-0.07868356,0.15311661,0.024723576,-0.016016606,-0.4242487,-0.07383538,-0.058649953,0.010113061,0.10224846,-0.08226842,0.031552184,-0.0052135875,0.15518804,0.16798727,0.06023592,0.002969527,0.061018188,0.19060796,0.18278798,0.10416748,0.1309549,-0.17710043,0.3101771,0.21441078,0.058213703,-0.22394983,0.13778426,0.18485408,0.13617563,0.098054804,0.15126902,-0.044031493,-0.27917546,-0.3343192,0.14792408,0.032997664,-0.033296626,0.11854845,0.058150623,0.07815986,0.031983096,-0.059798256,0.04111095,-0.09724469,-0.17198776,0.05647647,0.3202593,0.018410353,-0.04376048,-0.11132894,-0.057536956
-0.116983704,-0.1270195,0.035366658,-0.12755051,-0.06655239,0.0065480303,0.15892135,-0.10258995,-0.124044314,-0.13197371,0.008423739,0.06917892,0.3384285,-0.06653157,0.102879606,-0.05056051,0.22963421,0.051446337,0.030227672,0.13349496,0.1022541,-0.07113291,0.12046043,0.10802323,0.194347,-0.15144347,0.09285507,0.21782294,-0.11749799,-0.13565125,-0.034851756,0.195224,-0.114403486,-0.0019156646,-0.08004411,0.169627,-0.046022225,-0.026027039,0.15085876,0.08695322,0.17433439,-0.006031564,0.17727605,-0.10633158,-0.079093814,-0.11345024,0.08282211,-0.097084716,-0.09606267,0.17596084,0.14323032,0.16526367,0.2707615,0.16851427,-0.12297996,0.13786514,0.12463619,0.15802236,0.0074402005,-0.08458881,0.0069222758,0.3025241,0.056547925,0.13718015,-0.09664713,0.08804658,0.17677322,0.1784418,0.09301905,0.13484594,-0.083555385,-0.0042993757,-0.07876918,0.114786886,0.1724455,0.07904023,-0.049870797,0.03127217,0.021929078,-0.11759249,-0.017975911,0.16900635,-0.22161464,0.119137466,0.026768591,-0.08904082,0.07472894,-0.049462363,0.20092611,-0.02338764,-0.02516406,0.29633293,0.29035535,0.05650399,-0.09129566,0.11911743,-0.02953032,-0.03930027,0.12712142,-0.017284933,0.17912129,-0.05003335,-0.059196446,-0.047351964,0.28741074,0.100472726,-0.012651118,0.06322289,0.11605493,0.07902301,0.14001785,0.038359515,-0.14073771,-0.17316373,0.055227675,0.008304736,-0.020048857,0.13170715,-0.067871585,0.068742596,0.013031215,0.19784805,-0.1294276,-0.13388576,0.13331252,0.20958287,0.0544927,0.19137616,0.037729725,0.1082339,-0.036984183,0.17538157,0.24254966,0.1160126,-0.17584018,-0.122166134,0.1816153,0.017301507,0.11791323,-0.0051859,-0.16366452,0.33300743,0.118698835,-0.019445244,0.051274594,0.1400316,0.13045233,0.131228,0.13910688,-0.07616565,-0.0668005,0.23329163,0.13843237,0.07107652,-0.111733444,0.018195521,0.12878582,0.07632919,-0.16462083,0.25134078
0.036553837,-0.14928477,0.010027821,0.033931643,-0.15778951,0.16375446,0.022239033,-0.026985722,-0.022350525,0.07379169,0.018945556,0.09336389,-0.11199331,0.018213438,-0.04196129,-0.10887571,-0.10408525,-0.12415056,-0.114711516,0.001581129,-0.021863129,0.116649725,0.024507463,0.06286112,0.038822774,0.11195537,0.033528816,-0.14788769,-0.010563925,0.0799416,-0.040974673,-0.0054637925,-0.19336534,-0.09743806,0.16114864,-0.1728015,0.11473987,0.13426077,0.15050972,0.08716525,-0.060875665,0.0010014506,0.1103924,0.10174172,0.15089218,0.06347181,0.045894027,-0.19568303,-0.02614878,-0.13354401,-0.06812448,-0.24372327,-0.2921013,-0.15716577,0.22515976,-0.1301185,0.043040946,0.08023832,-0.07944178,0.15351732,0.017118746,-0.13370927,-0.07705698,0.10784117,0.07788827,0.05942366,0.03806783,0.10984121,0.14375675,-0.10000352,0.065280914,-0.111355335,-0.020593941,0.009135995,0.1606236,0.016743062,-0.06991448,0.006903916,-0.13254847,-0.16223331,-0.052151117,-0.06599732,-0.038189385,0.09478336,0.16302843,-0.03230758,0.12911268,-0.062210623,-0.010472446,-0.092812814,-0.1486361,0.011462148,0.044069,-0.09489588,-0.055690315,0.095179364,0.005595615,0.02515213,-0.16739132,0.11466996,0.23901579,-0.027763864,0.24737503,-0.09759097,-0.11216618,0.13375929,0.013210348,0.018198837,0.20069186,-0.0024658465,0.00038848852,-0.021194631,0.17844652,-0.024360811,-0.05318712,-0.0949095,-0.04177191,-0.1147511,0.061152242,-0.13208772,0.1317419,0.009819144,-0.14194036,-0.07533243,-0.14006895,-0.009709777,0.078551404,0.08271276,-0.100111246,-0.21373127,-0.26273134,-0.2432126,0.06998129,0.16434374,0.11103308,0.15513845,-0.0794658,0.13288379,0.09017045,0.1697695,-0.018330123,-0.3761718,-0.19672629,0.093338326,0.27321807,-0.11502538,0.07094633,0.08364286,-0.039618306,-0.0732082,0.022357618,-0.11757175,0.04374387,-0.053352635,-0.011247237,-0.17974941,-0.12623769,0.03914143,0.16641358,-0.09776532
0.033059563,0.13956305,-0.035483964,-0.07693021,0.019335913,0.00040872477,0.21106535,0.2500251,-0.0028818892,-0.10719773,-0.025079336,0.11345284,-0.08998642,0.09643982,-0.16858633,0.005469796,-0.14633207,-0.08435254,0.21599913,-0.044718992,-0.46951386,0.18738036,-0.008062153,0.18524063,-0.004935846,0.07473869,0.21140411,0.13585019,-0.13295633,-0.15455715,-0.047642518,-0.17195773,-0.18889967,0.25778812,0.10269141,-0.19227414,0.06567538,-0.0521891,-0.09590106,-0.044216182,-0.12044547,0.21724951,0.17089726,-0.11996399,-0.012796876,0.1207976,-0.032402534,0.027082974,0.029940786,0.005887689,-0.037711095,-0.10420454,-0.21125919,0.13038617,0.2895055,-0.0081178015,-0.066639826,0.13820742,-0.0063448707,0.01418525,-0.076654956,0.49494755,0.2335574,0.18606128,-0.071123965,0.10280747,0.17990835,0.046083063,0.09422923,0.1427083,0.22115725,0.06547461,-0.025372911,-0.1348894,0.034737326,0.03381411,-0.016112778,-0.23437437,0.0611979,-0.03335626,0.056198485,0.26119873,-0.118952885,0.09185872,0.13407116,0.06548662,0.037274357,-0.16680928,0.036538426,0.08214053,-0.11080975,0.2061771,0.095870815,0.0403206,-0.18015437,-0.090384394,0.17195061,0.0092206,0.14672633,0.040319238,-0.02954339,0.22275531,0.19575508,0.046358395,0.11894564,0.017416757,0.04012703,0.23516795,0.01294467,0.07510712,0.046248514,0.064931735,0.057094082,-0.016413607,-0.09271534,-0.079792134,-0.10503481,-0.022950092,-0.053435177,0.0023511646,0.007062996,0.09058966,-0.12019279,0.059020992,0.04097918,0.036020778,0.121307604,0.16863626,-0.008586114,0.09263932,0.28210852,0.11154661,0.041780997,0.10362469,-0.04416799,-0.12414017,0.06968534,-0.020220686,-0.09794083,-0.0054173726,-0.1097433,0.46859634,0.29108512,-0.018695155,0.31537125,0.14733642,0.1807516,0.08427931,0.054201923,-0.09983599,0.0888198,0.10326417,-0.060694557,0.15992509,-0.11217658,0.008100712,0.2032805,-0.077816255,-0.08305837,0.10117804
0.009984836,-0.07367232,-0.037081912,-0.030508026,0.09721848,0.038411364,-0.16821532,0.061720595,0.077296555,0.10049799,0.0020931363,0.14441943,0.17218444,0.12854174,-0.03694266,-0.15409265,-0.14126633,-0.008677676,0.08617011,0.0053654164,-0.009897038,-0.0921115,-0.08702094,-0.14237247,-0.010127053,0.03590916,-0.039266676,0.0919064,-0.06404023,-0.070892274,0.11870152,0.05904098,-0.103588164,-0.07991803,-0.018430218,-0.07173235,0.09099695,-0.1574304,-0.09925129,-0.121862166,0.0734428,0.012906194,-0.08346265,0.08334574,-0.08178201,0.14472482,-0.1081202,-0.038351864,0.10389987,-0.14837804,-0.07354443,-0.04306081,-0.07849383,-0.16785295,0.095890224,-0.07885888,-0.11772033,-0.028954491,-0.15597019,0.14083463,-0.14640488,0.16877356,-0.044760272,-0.041452065,0.04608953,-0.14397985,0.013808653,-0.11684099,0.061708942,-0.101045325,-0.14161487,-0.088238165,-0.049163923,0.116760015,0.06586817,-0.08442417,0.06348468,-0.12925448,-0.09601729,-0.13467115,-0.03685838,0.042524964,0.1427758,0.15076,-0.08731088,-0.14988038,0.01967144,-0.015679866,0.057271183,0.058888346,-0.13743983,-0.16394635,-0.07317235,-0.06571872,0.051522046,-0.09664341,-0.15054473,0.14481768,-0.11117284,-0.1322237,0.037007004,0.16452518,-0.020284459,-0.07490952,0.032958776,-0.040120333,0.020981118,0.00296925,0.0155020505,0.11484444,0.019289702,0.018616214,-0.1480713,-0.16883707,-0.009089634,0.010993883,0.08512366,-0.06884068,0.009575263,0.14504635,0.015998796,-0.08769509,-0.11050348,0.16946405,-0.04666035,0.037880108,-0.026679292,0.17211944,-0.07386835,-0.012970448,0.013283789,0.007198304,-0.14029337,-0.13056375,-0.13225326,-0.043434978,0.09936935,0.0768882,-0.04651533,0.09836736,0.11785969,0.09463203,-0.11589049,-0.14348976,0.06967254,0.05891387,-0.0030807555,0.08359331,-0.044662282,0.15985918,0.09373751,0.07343665,0.0793733,-0.0125362575,0.017074496,0.13934061,0.044072002,0.044982478,-0.06496045,-0.16960838
0.0062383194,-0.055104345,-0.14556217,0.019362414,-0.1287732,0.02869283,0.019046916,-0.0140904365,-0.044584554,-0.033727452,-0.034677103,-0.22144553,0.18904491,-0.13072191,-0.015297437,0.12901248,0.23350509,0.07993481,0.038498063,-0.0482108,0.08291745,0.17677219,0.25785795,-0.02277713,0.10614561,0.14754158,-0.022501653,0.20490524,0.118088275,-0.06307908,0.018226342,-0.12369806,0.037778404,0.022313505,0.22239879,-0.23010105,0.18054327,0.11500679,0.064158,0.037238047,-0.11550087,0.1569758,-0.110272914,-0.027829576,0.18877676,-0.009958127,-0.11792542,0.030014656,0.13006827,0.14480498,0.014473263,0.11539178,-0.02532359,-0.11889094,0.09763353,-0.049523566,0.10683652,0.030983062,0.16832937,-0.11009698,-0.059100542,0.22038636,0.18108065,-0.10570514,0.5290736,0.21409789,0.16362476,0.251846,-0.04508274,-0.07194494,-0.036739636,0.3547532,0.22155412,0.45163038,-0.00032986424,0.15917814,-0.0832897,-0.14255615,-0.13032727,-0.10472336,-0.03402769,0.057529286,0.10806759,0.037919078,0.0010080554,0.06453737,0.13470389,-0.06938072,-0.2631839,0.114421,0.018846404,-0.056334186,-0.070990644,-0.082721576,0.061152726,0.003144671,0.29976544,0.05233141,-0.124206685,-0.162255,0.10638507,0.24148765,0.36051252,0.01844391,0.021725899,-0.19482346,-0.08832792,0.12239392,0.108401805,0.09846917,-0.036271952,0.17155664,-0.001202424,0.2465854,-0.2939094,-0.15307093,-0.035862274,-0.202585,-0.12128184,-0.15594679,0.16669774,0.10699888,-0.08464603,0.021266332,-0.09237435,-0.095892735,-0.12712517,-0.016784608,-0.244812,0.10179908,-0.018652659,0.16179822,-0.15298818,-0.03695851,0.10968481,-0.06648033,0.014462476,-0.019531287,-0.14662646,-0.0021603173,0.08377098,0.3105648,0.16938308,0.014991292,0.18638003,-0.025682805,-0.0064888946,0.20156533,-0.06147888,-0.17030011,-0.15894052,0.18360092,-0.2902474,0.31825334,-0.17791018,-0.024490023,0.037666257,0.06948283,0.08076076,0.12147063
-0.10566429,0.1199192,0.07604732,-0.11077036,0.10129291,0.033081237,0.06796528,-0.14087498,0.042096708,0.027879883,-0.10118505,0.2711057,-0.15939847,-0.050694592,-0.11303331,0.121086024,-0.2263664,0.10374551,0.16121227,0.16361949,-0.17043863,-0.11154638,-0.16893205,-0.08627077,0.13715419,-0.104635835,0.14666504,0.13946371,0.03914158,-0.005045391,-0.13464326,-0.09022292,-0.023131337,0.0334621,-0.1796679,-0.21528378,0.10999407,0.19654354,0.11630732,0.08410468,-0.13084209,-0.059834097,-0.0061915605,0.12086851,0.0403705,0.12462437,-0.16616526,-0.13389096,-0.11400575,-0.21542487,-0.09193873,-0.1884968,-0.13699143,0.015062401,0.1898072,0.13626154,0.0015635868,-0.13188298,-0.04107505,-0.04524869,0.28062925,0.00540588,0.066179104,-0.11920628,-0.28214097,0.120367855,0.17827822,0.026377505,-0.12751587,0.06846858,0.10440675,0.10134266,-0.19268923,-0.061324045,0.08758351,-0.17061779,0.08265308,-0.16551201,0.019384699,-0.11513505,0.058158778,-0.091239735,0.15128869,-0.04705272,-0.027743323,0.111081585,0.14680867,0.116215184,0.040919416,-0.03895794,0.016772008,0.06585093,0.3055052,-0.004321141,-0.21592797,0.13911581,0.17722096,-0.13963391,0.15200862,-0.04795297,-0.19950329,-0.06888285,-0.39706367,0.13197798,-0.006657774,0.10337682,0.0039350963,0.013001675,0.0457019,-0.06715903,-0.12865198,0.11201621,-0.14081442,-0.10244117,0.02441849,-0.05389917,0.15928543,0.17777865,0.08185754,-0.04757754,-0.094783545,0.046448678,0.16399136,0.08613326,-0.16218026,-0.051930472,-0.06135686,-0.064034455,-0.050198566,0.16909197,0.124728896,0.024954727,0.010149976,0.102137506,0.012352566,-0.10174852,-0.20538042,0.14586838,0.22161962,0.12987028,-0.05173811,0.017682446,-0.14958458,0.023126878,0.2867239,0.19252099,0.07177495,-0.40175876,0.025336584,0.17121732,-0.120471664,-0.012501982,0.13615227,-0.16090703,-0.1434566,0.21326222,0.07912748,-0.030331533,0.18772273,-0.1552549
0.00015334753,-0.0742868,-0.0064699505,-0.1353733,0.015672378,0.068635546,0.152981,-0.12826829,-0.14897452,0.122354515,0.15131891,0.08474244,0.16597468,-0.14717366,0.036742955,0.14645638,0.15777719,0.014535897,-0.09719258,0.006450387,-0.19635445,-0.0502244,0.14960685,-0.12000572,0.12984025,-0.07191277,-0.09627531,0.028545974,0.093441606,0.11331913,-0.1632283,-0.11511368,0.0537695,-0.16827527,-0.086288884,0.18020032,-0.1574392,0.038714096,0.14856853,-0.12205417,-0.13744259,0.09233048,-0.14963004,0.12442326,0.14520489,0.030931449,0.09633247,0.028544355,-0.047966715,-0.12680387,0.13635945,-0.016881924,-0.16522352,0.05571696,-0.03536212,0.029774038,-0.1495274,0.0045326427,-0.1433573,-0.09905202,-0.0786402,0.10941001,-0.15975268,0.034627333,-0.0012125281,0.10618324,-0.068512045,-0.036868542,0.054877605,-0.15779626,-0.048099376,-0.08021086,-0.112376764,0.03538815,-0.1269293,0.09704037,-0.16608551,-0.037612367,0.034973003,-0.17211601,0.0019551236,0.19561602,-0.06161964,-0.1080454,0.16795346,0.1242477,0.051293854,-0.17951933,-0.16411,-0.00588067,0.12514609,0.044658877,0.04514447,-0.15014404,-0.094601296,-0.09489174,-0.14811431,0.048803937,0.11189541,0.008856514,-0.18605235,0.161692,0.09932891,0.007443819,-0.06458131,-0.13226269,0.12768961,-0.16208608,-0.072277874,0.020989284,0.025855433,-0.060309857,0.16456957,-0.03900583,-0.014555909,0.09793618,-0.07926728,0.11686219,-0.11362514,-0.005651475,-0.020058023,0.015386545,0.052922204,0.10431083,0.02163059,0.13825199,0.022415038,0.14047508,0.07315438,-0.009308919,-0.011969953,0.07878518,0.154388,0.0837674,0.044871762,0.16837943,-0.18783733,-0.030447785,0.106596164,-0.1521945,-0.016338632,-0.09568395,0.11117903,-0.044659026,0.056102585,0.029862901,-0.13318235,0.08605853,0.065847136,0.05278945,0.15397395,0.075671084,-0.16179818,-0.046140343,-0.060147095,0.11617369,0.15008338,0.15248315,0.10205262,0.08841427
-0.16947998,0.045828078,0.10344559,0.065807536,0.14232396,-0.10916593,0.029449528,0.08482911,-0.08436019,0.19636743,0.14555155,0.21224523,0.1817596,-0.06011327,-0.07187673,-0.10400106,-0.05556677,0.14210656,-0.1569873,-0.12773089,0.14568895,-0.15869184,-0.0053382902,-0.11994648,0.16958682,-0.10961806,-0.1016884,0.00056880206,-0.05593126,0.1716342,-0.13795869,0.09912397,0.010972387,-0.012590193,-0.11935338,0.14442109,-0.025074784,-0.00842375,-0.057486486,-0.071261965,0.09409489,-0.13713421,-0.23079492,0.048609864,-0.096570246,0.0039305612,-0.13056949,-0.059775777,0.15448199,0.1733252,0.08383611,-0.14297333,-0.083227836,0.036673963,-0.041238897,0.0061542876,0.1159719,-0.06573152,0.13085075,-0.036930326,-0.11570226,0.19278772,-0.091881365,-0.08596604,-0.04474686,0.08013667,0.044992156,-0.03641141,-0.09959744,0.15823764,-0.16784534,-0.07200408,0.017619438,-0.092405215,0.022400297,-0.068357565,0.17566535,-0.12726584,0.062214002,-0.10468007,-0.0016597342,0.022208095,0.13448289,-0.065334566,-0.09161344,0.13767783,0.15343894,0.03149011,-0.06504792,-0.028541049,0.05325308,-0.121862695,0.1019573,-0.120609544,0.12753631,0.15964562,0.0177325,-0.12929115,0.1317121,0.00040393515,-0.08143797,-0.1509177,-0.057200927,-0.07230401,0.046858575,0.06667869,0.17063104,0.095098525,0.14816333,-0.13092166,0.05541815,-0.05724401,0.02022505,-0.10090437,0.14012043,0.17341396,0.063202664,-0.009314059,-0.053671513,0.1086006,-0.13214985,0.15454102,0.033733033,0.081418276,0.003641328,0.15701964,0.0745831,-0.0023673323,0.052000392,0.12698759,0.049258947,0.0037294729,0.046469796,-0.029336741,0.16209087,-0.027137073,-0.17956285,0.071396425,-0.010675679,0.16056632,0.07428991,0.16389093,-0.0348475,0.14277749,-0.016979545,-0.06996003,0.0085239485,-0.17032926,0.06620171,-0.024459466,-0.036840707,0.18209636,0.110166326,0.09772402,0.13663395,-0.056673262,-0.06113491,0.14516212,-0.02535609,0.18150538
-0.10384394,0.045531265,0.048771214,0.15675968,-0.024751807,0.039987158,0.031093432,0.027194599,0.028272122,0.05991651,-0.04037856,0.11668497,0.13662598,-0.14794086,-0.1539136,0.116024405,0.05877355,-0.08909917,0.16409026,0.11409741,-0.093657345,0.02914191,-0.16893081,0.048403397,-0.1116763,0.113827,0.049207177,0.116542995,-0.04616478,0.04010898,-0.12678784,-0.07325377,0.029139603,0.051590264,-0.17174396,-0.046759956,-0.13945866,-0.096856944,0.14613843,-0.0018907127,-0.07806923,-0.041445155,-0.10451375,0.15975885,-0.07147384,0.04306287,-0.10852442,-0.082730226,-0.13573994,-0.12605922,-0.07920705,-0.08838348,-0.10562118,-0.15723093,-0.012687144,0.159201,-0.10383421,-0.11067003,-0.15527484,0.09310931,0.14611486,0.007256177,0.035610393,-0.1681555,0.10466059,-0.10861865,-0.06837119,0.03617591,-0.05360733,-0.029459491,-0.10068479,-0.17096117,0.054473445,0.011224757,0.14985892,0.15110178,-0.16506013,0.0115943,0.15133284,-0.07968549,-0.03480768,0.11888806,-0.09634353,0.02023003,-0.054119978,-0.11409772,-0.06335139,0.0021097583,0.025443995,-0.08920815,0.15584704,0.16084766,0.054036185,0.111199796,0.023255937,0.04695477,-0.058442675,-0.030283123,0.026720284,-0.026383072,0.13524416,0.113655224,-0.11772607,0.052472368,-0.13728216,0.07576574,-0.06564432,-0.09146102,-0.032928977,-0.00017686188,0.09821676,-0.09919469,-0.03571556,-0.15353455,-0.033514716,0.10143742,0.12244035,-0.07101166,-0.071284935,-0.10484693,-0.13765381,-0.007390088,-0.01289802,-0.04973942,0.14693505,-0.08502154,-0.10034478,0.051969215,-0.05095524,0.15153381,0.09694944,-0.065795735,-0.061315563,-0.11166646,0.08142417,0.11880036,0.111371666,-0.10306015,0.11398605,0.02612006,-0.12029739,-0.070545234,0.06660929,0.045690335,-0.10140322,0.06530744,0.07074003,0.023137571,-0.038158312,-0.07258117,-0.15114406,0.11351466,0.08832796,0.0541033,-0.13445431,0.10139995,-0.10478985,-0.14486466,-0.16617082,0.17037793
-0.03178582,0.15170807,-0.0050326083,-0.006104399,0.10743297,0.030012079,-0.097532764,0.16074929,-0.07354221,0.25710878,0.10109187,0.20405412,0.06282611,0.11227869,0.11870167,0.19256088,-0.07983766,0.09145007,-0.17341585,0.031696662,0.22916979,0.077372044,-0.03792632,0.11833137,0.2783701,-0.10114632,0.09361534,0.048366215,0.16096905,0.13649474,-0.042427234,0.03709496,-0.09571378,0.046285897,-0.122701034,-0.13578995,0.032698385,0.048570488,-0.05051967,0.16461967,-0.1272141,-0.16936988,-0.029749664,0.15468064,-0.02011691,0.16423324,-0.08342754,0.05274396,-0.008668235,0.2130394,0.23999938,-0.028297087,0.13167594,0.069726884,0.0074474853,0.12067774,0.05372898,0.1445503,-0.16717422,0.16580279,0.020607991,0.0527281,-0.024883514,-0.012905704,0.067206554,0.009371651,-0.15612404,-0.07805696,-0.1127721,-0.0051720114,0.10545741,0.15120846,0.035086647,-0.20795944,0.14132413,-0.0027836442,-0.111449786,-0.1241615,-0.13413665,-0.18024768,-0.13420656,0.027153779,-0.021290788,0.13238595,0.14602222,0.16183856,-0.11838357,-0.101706564,-0.010084695,0.23463762,-0.047859017,0.010505398,0.46168476,0.17826392,0.20027675,0.15821418,0.17904963,0.14370939,0.044621445,0.15021539,0.20978487,0.027473211,-0.22655414,-0.06472303,0.09691009,-0.086401686,0.16356966,0.30230033,-0.06739965,-0.14740427,0.09627186,-0.08817562,-0.15598528,-0.24243878,-0.027172167,0.22473894,0.09322443,0.18247385,0.06342248,0.046336524,-0.18677452,-0.10480681,-0.06870119,0.072915114,0.08403235,0.05128977,-0.10418866,0.0563167,-0.04588449,0.13053471,0.046659384,0.22948733,0.4945479,0.10154541,-0.19960874,-0.09614304,0.15402922,-0.039680786,0.06042576,0.11043332,0.13422428,-0.1950857,-0.2690316,0.14733385,0.19193682,-0.13498257,-0.012286067,0.09515784,-0.02076708,-0.08850014,-0.0735201,0.1891841,0.10030258,-0.13274617,0.092930466,0.18511859,0.046497386,0.114189066,0.16343218,0.20607035
0.13581389,-0.21640609,0.00650556,0.0813782,0.1280772,0.11002981,0.03155291,0.19981322,0.15652478,-0.19508035,0.09078965,-0.041085932,0.18967205,-0.009265589,0.0034200875,0.05856317,-0.14216445,-0.042936638,-0.01653527,-0.062418595,-0.03655627,0.19218725,0.040561654,-0.14868614,0.086785644,0.17305683,-0.03946292,0.24615256,0.022951799,0.058566615,-0.06633624,-0.055904843,0.021986471,-0.03339952,0.03854745,0.22499031,-0.07813626,0.25873998,0.20450374,0.05018322,-0.110780835,-0.16256346,-0.1929749,-0.19780846,0.048666243,-0.122419566,0.1865956,-0.08461856,-0.19176126,-0.0317433,0.47670338,-0.26183105,0.10090985,-0.04824588,-0.024757717,-0.06997077,0.17356572,-0.10490607,0.07835661,-0.103623696,0.11679235,0.5596001,0.23260175,-0.14290097,0.2723285,0.09926899,0.1629102,-0.07322509,-0.17511737,-0.031146362,0.20074794,-0.18526904,-0.029894201,-0.025201138,-0.28786585,-0.19583866,0.02875371,-0.20758341,0.025609445,-0.11679917,0.01225479,0.045747284,0.058002647,0.12041795,0.15426393,0.0568051,0.05869936,-0.13367905,-0.07948216,-0.02841313,0.28093848,0.040856533,-0.045152586,0.14538826,0.2948316,-0.13105175,0.03644441,0.16988191,-0.16244769,-0.00027662862,0.40603134,0.26140374,0.39018366,-0.11533778,-0.068238154,-0.16069297,0.10222248,0.25352055,0.21411993,-0.08010377,0.0006360511,0.15728247,-0.06861764,0.41785488,-0.107620984,-0.21730949,-0.061187916,-0.085435055,0.0032498238,-0.022824092,-0.04135466,-0.035391957,0.09643477,0.09757458,-0.16123478,-0.102039784,-0.07456695,0.029800268,-0.3061864,-0.1899338,0.24255398,-0.15898415,0.025147334,-0.1864444,0.30686682,-0.049668904,-0.26628557,-0.032424964,-0.20904219,0.07517484,0.15040225,0.20393775,0.50397986,-0.18540443,0.2068308,0.09486826,0.06487571,0.048121035,-0.06734368,0.005023703,0.21211019,-0.2649064,0.03268396,0.15106826,-0.25673977,-0.35871983,-0.08197917,-0.21686064,0.043081082,-0.1388206
0.05474338,0.08184681,-0.020520447,0.15326124,0.09165377,-0.026992213,-0.10254285,0.05489467,0.16265301,-0.031518403,0.14900717,-0.00018094937,0.075816624,0.2267945,0.01589797,-0.00746477,0.34194016,-0.05520728,0.10588729,0.091172405,-0.0019275006,0.1234057,0.085067794,0.19102103,-0.013525883,0.21268564,-0.096438795,-0.30087835,-0.07564789,-0.14205766,0.08453857,0.04846652,0.19345601,-0.16225697,0.083129816,0.08442393,0.26912197,-0.12072168,-0.023843722,0.18577243,0.34190342,0.16823232,-0.16557923,0.30347013,0.1504908,0.05427564,0.054787803,0.027283788,0.18015142,0.18803987,-0.21100846,0.13761553,-0.007360992,0.039315615,-0.04285114,0.23503578,0.3920508,-0.027332399,-0.037956566,0.04162451,-0.1704401,-0.09317826,0.078514576,0.015583559,0.1878326,-0.15132152,0.025541382,0.0961412,-0.08447805,-0.05447653,0.026893405,0.14102897,0.19095232,0.112239264,0.12584473,0.03980342,-0.05133938,0.088375956,0.09005277,0.17083733,0.09564747,-0.0031477022,0.027268058,0.066224255,0.0786182,-0.165564,0.051613957,-0.043326423,0.24306256,-0.006826145,-0.2488339,0.02832688,0.27789173,-0.11854562,-0.1348634,0.053503517,-0.059476584,0.018820463,-0.12805277,0.023591317,-0.039276697,-0.10068871,-0.007572388,0.14466238,-0.22179748,-0.22792587,-0.15946116,0.047493767,0.1973172,0.11757333,0.026277239,0.15617074,-0.09207955,0.068937026,-0.16246977,0.070491254,0.046671037,0.039875858,0.051860478,0.055407476,0.21127702,-0.00027144933,-0.07756318,0.23967874,-0.052240226,0.0006352805,0.10297252,0.18620561,-0.08406404,0.057018854,-0.010875705,0.16300336,-0.19891155,-0.04704528,-0.30023846,-0.010460179,-0.051939208,-0.08455936,0.110981144,-0.05021122,-0.06736624,0.111193545,0.066031195,-0.06273824,-0.15192476,0.12376061,0.074525274,-0.15367283,0.15449072,0.120126665,0.086630054,0.19895314,0.03762513,-0.08442297,-0.012749067,0.10695733,0.050945908,-0.0747195,0.013587253,0.02151355
0.007913996,0.068882115,-0.030352343,0.06446983,-0.035803307,0.13638458,0.009909563,0.053683612,-0.07222705,0.027821697,-0.15072203,0.31233558,-0.021999702,-0.009979344,-0.27218017,-0.07555887,0.14841841,-0.1554233,0.113418266,-0.04835793,-0.12808815,0.09391115,-0.35044467,0.14968143,-0.13541219,0.16442746,-0.013893172,-0.046974983,0.15947835,-0.06279056,-0.094293475,-0.03138739,0.05827196,0.07772789,-0.024154734,-0.045058247,-0.117497735,-0.061786003,0.03525774,0.15703748,-0.011304052,-0.044903867,0.08858932,0.028883558,0.15304525,0.19431141,0.06431977,-0.11634878,-0.05869619,-0.010872259,-0.10398035,0.050256908,-0.1974699,-0.024530137,0.13353066,0.21652788,0.1975335,0.071268916,0.014946296,0.09790596,-0.09058627,0.16438478,0.18620092,-0.08364695,-0.12500553,-0.020844068,0.142178,-0.41221803,-0.0030407554,0.0033884011,-0.067610815,0.23090425,0.15914918,-0.16754845,0.087564364,-0.22892644,-0.022245536,-0.16589215,-0.08459499,0.17188063,0.025024647,0.14914824,0.20610534,-0.15341112,0.11155318,0.04492907,0.15540625,0.025458941,0.20061588,0.35040438,0.05827482,0.08080584,0.08177472,0.17914107,-0.45343766,-0.13271393,0.23027608,-0.14438103,0.06971966,-0.021388657,-0.14876471,0.004001165,-0.30636716,-0.06132568,-0.13698101,0.05711806,-0.009727524,0.0005336918,0.04909965,0.16583274,0.0143087115,0.10932357,0.005739676,-0.11265777,-0.1298214,0.1555931,0.10780331,0.113114476,0.08511526,0.120531075,0.025756558,0.083577245,0.18445449,0.1093938,0.16778074,0.071321204,0.02132789,0.19396368,0.0639268,0.035421435,0.12328803,0.27253148,-0.042982183,-0.03755198,-0.08875407,-0.056490872,-0.15711683,0.0032614067,-0.14838018,-0.15956959,0.0035110181,0.48288965,-0.009473357,0.10270691,-0.09468393,0.22751497,-0.07482908,-0.24640435,-0.0061665676,-0.09815216,0.2056226,0.011035397,-0.13537942,-0.03700775,-0.102354504,-0.0516922,0.17868572,-0.13912383,0.08446747,0.06620496
-0.087617785,-0.07971968,-0.12800007,0.08526127,0.16354738,-0.099199854,-0.11498445,-0.072503015,0.11377362,-0.13791987,-0.06398649,-0.14674568,0.072563395,-0.02174176,-0.060870223,-0.040043384,0.12556934,0.09863264,-0.049227815,0.16059694,-0.07241019,0.0048858793,0.2045723,-0.049153954,-0.08642346,0.0044486616,0.112379044,0.13858522,-0.11485966,-0.054516666,0.112988435,-0.033195153,-0.13755304,0.15872042,0.11841791,-0.026971115,-0.10386913,0.061351214,0.01889703,0.046162955,-0.04640302,0.047909115,0.09178605,0.13391219,0.055965297,-0.05646273,0.01993198,-0.18245937,0.1420155,0.12728372,0.05671265,0.124269195,-0.11747777,0.0013655099,0.1535307,0.03873167,0.013729024,0.02605719,-0.11672216,-0.024016863,0.13548242,0.18105556,0.0510494,0.04985462,-0.08037073,-0.017487451,-0.102868624,0.021613419,0.024472665,-0.05923044,0.15382984,0.09509176,-0.11716793,0.04589871,-0.057913825,-0.099388346,-0.16714293,-0.09770472,0.13623442,0.10581788,0.12113639,0.040885706,-0.034204006,0.12361789,-0.06835988,-0.048349816,-0.092040665,0.1589472,-0.056959435,0.07015186,-0.02610518,0.15918176,-0.12861891,-0.06506774,0.017680973,-0.15050745,0.13293721,0.06682307,0.017660668,0.072493106,0.098147206,-0.013950702,0.34588605,0.096255004,0.09275972,0.11632678,-0.10859702,0.11107699,0.10974786,-0.15811601,-0.081279874,0.21160935,-0.11209536,0.2845572,-0.07776514,-0.023851607,0.025227586,-0.1829209,-0.13085733,0.043461144,0.16251226,-0.06433315,0.024499463,-0.046007823,-0.14309421,0.034797482,-0.14481357,-0.12982382,-0.040675323,0.15691899,0.024324065,-0.023552155,0.129053,-0.02264572,-0.0005044319,-0.096598655,0.0015992764,-0.13038383,-0.13479955,0.14571273,0.1033159,-0.039932366,-0.06472415,0.10527936,0.22491296,0.007286851,0.16680865,0.07505102,-0.06375689,-0.09118504,-0.03447509,-0.08790668,-0.14753608,0.12462151,-0.08300451,-0.14699167,0.1060458,-0.065835506,-0.13778506,0.15260549
0.065680705,0.14189985,0.17454192,0.01869132,0.17881896,-0.09659214,-0.05210843,0.12962075,-0.07902778,-0.021456793,0.02300334,-0.12640934,-0.086236864,0.00072950526,-0.1348543,-0.04627527,0.017260049,0.0058278404,-0.036270496,-0.1521075,-0.037860807,0.12713094,0.1332473,0.1359933,0.21058911,-0.2012178,-0.15181555,-0.054466743,-0.068689846,0.097629085,-0.09897174,0.15995227,0.01182419,0.12837024,0.061734457,-0.10867273,0.13656864,0.10426964,0.15063019,0.022136532,-0.05205478,-0.057174426,-0.09449507,0.17793174,-0.028346281,0.060858794,-0.1274142,0.04207177,-0.16537221,0.08468795,-0.16214572,0.1756253,-0.004118287,0.00036692427,0.0074850046,0.09315223,-0.021390492,-0.071081065,-0.07901912,0.035055228,-0.11921037,-0.08155434,0.17037158,-0.13225263,0.11787549,-0.13816021,0.026639346,0.06497036,0.094305255,-0.05391897,-0.023628123,0.11159391,0.0008980734,0.039554294,-0.13769299,0.16218331,-0.04484161,-0.1402012,0.06113422,-0.040032424,0.18387242,0.19756186,-0.014752067,-0.028517924,0.07116466,-0.12824911,-0.0126754455,-0.07369882,0.008673968,-0.083269775,-0.037745558,-0.020229992,0.3033415,0.13125949,0.080365755,-0.07931732,-0.05223323,-0.061366163,-0.083109446,-0.08805282,0.21102783,0.24093941,0.09131369,0.001742098,0.2719694,0.09628702,0.114177056,0.11960933,0.103518024,-0.1581351,0.12617348,-0.038949892,-0.05010207,-0.1757419,-0.08141529,0.022541476,-0.02329231,0.23331955,0.11288279,0.22285797,-0.07496823,0.13842711,0.122244775,-0.0344814,-0.09031568,-0.116689794,-0.10645933,0.09432642,-0.03301682,0.074462354,-0.05025357,0.021774314,0.15473384,-0.041514177,0.0074865986,0.08789725,0.20625333,-0.024658173,-0.16508527,-0.12557459,-0.0917883,0.14320225,0.044331644,0.17658664,0.23389916,0.106609575,-0.21018133,0.07098144,0.08603153,-0.14869429,-0.16707037,0.08327896,0.14362676,-0.10289648,0.06605874,0.299444,0.10529813,0.12697384,-0.11970376,0.055185586
-0.08673885,0.018257232,0.07782421,0.02892916,0.040890567,0.12138457,0.09874207,0.04056481,0.09162726,-0.0631481,-0.014461007,-0.13466439,-0.063976206,0.12728454,-0.14698328,-0.1634008,0.15857114,0.11957564,-0.12649049,-0.07509188,-0.031218093,-0.031669427,-0.09181019,-0.17191485,0.032287538,-0.14454654,0.1088873,0.14048769,0.076611534,0.016872214,0.09675187,0.058945805,-0.07229065,-0.019063793,0.09039498,-0.055281498,-0.012018199,-0.05637717,-0.07258344,0.06158637,0.13613541,0.1193982,0.10483301,-0.17868772,-0.015408119,-0.10861991,0.13519448,-0.16198054,0.05735192,0.062647365,0.15542208,-0.07059779,-0.012954734,-0.029074963,-0.13007817,-0.12890267,-0.027578792,-0.1215652,0.08043706,0.14629509,-0.07770182,-0.1234512,0.034165833,-0.106568776,-0.15624958,0.04828658,-0.042562116,0.10049809,-0.1535567,0.118651316,-0.08404618,0.009370214,0.08353676,0.011599959,-0.098737314,-0.13754696,0.13570532,-0.050361652,0.1403087,0.056225743,-0.08321733,0.12859075,-0.07724642,-0.029913126,0.066949144,-0.06543871,0.1353142,0.0125949895,-0.08728376,0.1033357,-0.12740162,0.04277699,-0.10596264,-0.03564461,-0.16664565,0.10367451,-0.16297464,-0.0730942,0.08974005,0.044340737,0.05593249,0.09602484,0.03486454,0.05720381,0.031206239,-0.067242905,-0.12121341,0.10346028,0.15154006,0.10000869,0.0964971,-0.07521906,0.068847515,0.036938276,0.141362,0.057178587,0.14964524,-0.06804457,-0.16291068,0.034508917,0.029704973,-0.075964704,-0.13578431,0.0833275,0.09563108,-0.00039176064,-0.07557971,0.07161045,-0.03824016,-0.0900448,0.07134307,0.08836069,-0.049303055,0.122716054,-0.08337532,-0.16833559,-0.17243172,0.08025961,0.0037075512,-0.058743563,-0.13214678,-0.14765008,-0.05202165,-0.06821713,0.12962261,-0.1746976,-0.09863454,-0.10153603,0.04322791,-0.12877408,-0.033729635,-0.107721984,0.12121651,-0.102825925,-0.00025026573,-0.07899282,0.07462343,0.16008405,-0.13318397,0.16661341
0.051120587,0.11586627,0.011426011,0.21588323,-0.038835246,0.088606685,-0.09691357,0.16990729,0.018831173,-0.054581713,0.021211343,0.15922768,-0.08563992,0.018405918,0.029726572,0.11476952,0.029379027,-0.021250261,-0.13588618,-0.11120022,0.029658511,0.5373902,0.033071607,0.089681596,-0.095797054,0.13395011,-0.10596791,0.15901065,0.012374643,-0.16366787,-0.15051092,0.08960919,-0.16978002,0.019004826,0.12401807,-0.16024388,-0.019535616,0.15126361,0.024003219,-0.12798639,-0.14481218,-0.027720505,-0.14209594,0.04363024,0.16496344,-0.06224147,0.1097891,-0.004236961,0.15605474,0.19495028,0.26718494,-0.058889356,-0.20460214,0.15622789,0.25916007,0.089935474,0.09888459,-0.15609272,0.057499446,0.07147406,0.29506052,0.33064368,-0.103224166,0.072840214,-0.08368386,-0.12655005,-0.14918125,0.018271305,-0.022978164,-0.03336198,-0.13149999,-0.017910723,0.012684086,-0.18395714,0.06997759,-0.093173414,-0.1643791,0.030268446,0.06713226,-0.1462336,0.10247527,-0.012056404,0.1605986,-0.07423745,0.042086586,0.06685996,0.13517863,0.15501489,-0.07766206,-0.06420702,0.12399083,0.06503152,0.38849247,-0.059976798,0.24556664,-0.026099551,-0.016285326,0.10708757,-0.11298222,0.14372844,0.24503027,0.44215637,0.11356784,0.0490881,-0.09856566,-0.027531127,0.12690006,0.29878628,0.14754945,0.11635615,0.055523187,0.1384679,-0.17575175,0.03913116,-0.043404073,0.07098875,-0.08431226,-0.1767064,-0.21436603,0.16913368,-0.034049712,-0.01916504,0.14904748,-0.050674815,-0.021196133,-0.061757714,0.05893156,-0.15015332,0.08292906,0.3265874,-0.11311968,0.052748367,0.23133051,0.034217637,0.0009064192,-0.16578077,-0.0432857,-0.07181531,-0.19191098,-0.07241335,0.09443948,0.25387788,0.0128354905,0.023573538,0.48021325,0.09056572,-0.20128423,-0.017694019,0.13733841,-0.13482223,-0.124735415,0.28740793,0.09654991,-0.059773203,-0.057203177,0.003929921,-0.13958795,0.08202437,0.12621169,-0.05522257
0.19837496,0.18489896,-0.07663324,0.09808751,-0.048852663,-0.111877255,-0.042700958,-0.13997027,0.066408806,0.24142708,-0.011357907,-0.12376444,0.17295592,-0.03350367,0.060704507,-0.11057476,-0.069757044,-0.15540883,-0.00027153,0.13722387,0.20055032,0.23413841,-0.09447274,-0.123639435,-0.04404033,-0.20060869,-0.11042871,0.19732267,0.047656886,0.046099573,-0.004914206,0.25935465,0.03321458,-0.05827571,0.13647994,-0.09432075,0.10383965,-0.16551238,0.020101134,-0.017837,0.12969908,0.009478349,0.083133355,0.1915257,-0.06824981,0.042240508,-0.045903027,0.19259042,0.086896956,0.10461348,-0.07400596,0.26595134,0.20368506,-0.043256722,0.015493179,0.08650759,-0.061527297,-0.1534108,0.077390596,0.16128005,0.02613023,0.1381355,-0.06818423,-0.0872982,0.20968159,-0.06655201,-0.021619458,0.13407212,0.06945009,-0.050244335,0.08703609,0.0073454897,-0.14758343,-0.06292206,0.053946435,-0.055453736,0.1018873,0.19990972,-0.001099676,-0.035562504,-0.022308825,0.12152156,-0.024057453,-0.07220183,-0.011776896,-0.026647098,0.07989517,0.09694003,0.13374287,0.24250811,0.15415628,0.18723717,0.31521678,0.17132719,0.370778,-0.018668612,0.13709632,-0.04066015,-0.038101822,0.038743477,0.30005088,-0.0032332295,0.12736844,-0.100506395,0.142677,0.12512146,-0.050138544,0.21418963,0.11115921,0.05235258,-0.04146648,0.18115284,-0.0647037,-0.029758254,0.0021984547,-0.003232429,-0.029574912,0.03933234,0.08047046,-0.02423937,-0.063998654,-0.052208412,0.112651795,0.037834857,-0.09380576,0.110145144,-0.009620624,0.07320401,-0.107594445,0.17138468,-0.0862885,0.27558258,0.19378039,0.05022317,0.018241487,0.1620745,-0.080907665,-0.02862166,0.20873329,0.040614653,0.09547223,0.031200644,0.059065003,0.16041449,0.19790564,0.11175282,-0.08510588,0.09451782,0.019277574,0.054075345,-0.1551161,0.1371254,0.016769134,-0.02332079,0.09826908,0.09976063,-0.0595094,0.08459427,0.1505102,0.046501506
-0.009298548,0.13454878,-0.104959995,-0.099346474,-0.14605874,0.08469939,0.046679467,-0.04794328,0.102606535,-0.08290029,-0.13068876,0.17185539,0.10336241,-0.079787984,0.11534113,-0.08090172,0.10281354,0.09514287,-0.020474166,-0.031424373,0.07921752,0.12609035,-0.17185444,-0.047111884,0.07943863,-0.045842588,0.13590884,0.08463237,0.010879904,-0.054699726,-0.087610684,0.03455563,0.011229888,-0.006431207,-0.06787148,0.08131826,0.0024745762,0.02613172,-0.09603175,0.09464249,-0.047836438,-0.100939736,-0.024915159,0.09595129,0.15555543,-0.054290116,-0.08864851,0.14795294,0.012849331,-0.0037437975,0.17308131,0.0048742443,0.13652614,0.07332787,-0.054705672,0.056224927,-0.023562938,-0.13633403,-0.16885053,-0.11819559,0.06441672,-0.048429318,-0.010088727,-0.043554083,-0.14489442,-0.09676201,0.09472686,-0.066058785,-0.018654943,0.015241072,-0.07516791,-0.01571402,0.066549584,0.042671144,-0.15551934,-0.17190167,-0.14316353,-0.07548035,0.049947217,-0.089748375,0.08437458,-0.026298374,-0.0055615753,-0.1705775,-0.0077043027,-0.07404204,-0.14221811,-0.07592209,0.053807616,-0.16173625,0.0626435,-0.09101197,-0.1265168,0.017316699,-0.0029466748,0.0973489,-0.07532293,0.13302958,-0.16015774,-0.10119766,0.037943825,-0.06787078,-0.04546015,0.005593404,0.06202221,0.043524176,-0.029290274,0.11063522,-0.0023448318,-0.02546975,-0.16915232,0.079683304,-0.10238511,-0.028903827,-0.041135117,0.08336404,-0.11508772,-0.032588273,-0.0926784,-0.035199836,-0.110220894,-0.0054892153,-0.159086,-0.16608733,-0.07029733,0.11075699,0.03922452,-0.057994843,-0.105591446,0.13946256,-0.030999064,0.08870265,-0.032426074,0.025875598,-0.14499043,-0.0083027035,0.16723076,0.03619021,-0.14288342,-0.04889509,0.16690618,0.03662981,0.08231315,0.14011887,0.14562985,0.08872607,0.07069525,-0.08534712,-0.12759887,-0.05014427,-0.09892382,-0.08936953,0.059622988,-0.10055903,-0.03625509,0.061189577,-0.15414205,-0.08403079,0.14082208,-0.13341258
-0.061465383,0.14845262,-0.10002171,-0.13515407,0.09061848,0.07575859,-0.050691836,0.020171523,-0.07200668,0.21186016,-0.111589245,-0.06964351,0.087864794,0.14421844,-0.1348665,-0.03244642,0.109608866,0.0746757,-0.12139184,-0.022666007,0.0036127726,-0.15455718,0.067642346,-0.01243175,0.14299008,0.04316712,-0.03660833,0.021399248,0.0031937452,0.09660706,-0.10115037,-0.083132185,0.13317299,-0.057224747,0.06916056,-0.08093645,0.069440745,-0.089550145,-0.13148388,-0.12336353,-0.15532297,-0.14804058,0.0665049,-0.018106302,-0.011280027,-0.07205508,0.13011485,-0.11081614,0.13928391,-0.17160995,-0.121288985,0.0012680704,-0.1435866,-0.082350135,-0.00036382856,-0.063876264,0.1589127,0.09346868,-0.04616304,0.024113908,-0.043000434,-0.057030078,-0.0486853,0.05652407,-0.03400482,-0.1686779,0.10481473,0.09538668,-0.013715831,-0.14098936,-0.08043043,0.068353556,-0.12243838,-0.018162506,0.043968145,0.056187086,-0.02905701,-0.13133626,-0.06763098,-0.03962018,0.13565394,0.2064672,0.18514408,0.12906517,-0.15993275,0.025171718,-0.056915004,0.16486709,-0.031160176,-0.13081402,-0.10552035,0.13057522,0.11482371,-0.091014974,0.026177026,-0.07957487,-0.10930293,-0.13541833,-0.052087035,-0.0014701559,0.061171442,-0.050227616,0.007552278,0.11859507,0.07972264,0.0019337286,0.036916856,-0.12197838,0.16395397,-0.15092778,-0.0060368525,-0.05414192,-0.031210093,-0.15302747,-0.15332809,0.17023775,0.18073857,-0.17137505,0.18213208,-0.035663936,0.16049246,0.010640176,0.08205187,0.1590768,0.10707048,-0.08859711,-0.13485622,-0.10386777,-0.10184636,-0.0061398745,-0.015685454,-0.110155985,0.20423952,0.065883085,0.1292219,0.16951206,0.089919716,0.015649678,0.07210998,0.14503656,-0.016922738,-0.18696654,-0.15175171,0.044988167,0.109011285,-0.06486054,-0.12802993,-0.100254916,-0.07036679,0.014224082,0.0030840982,0.070371084,-0.050211024,-0.17834614,0.14300384,-0.13215841,0.0038558466,0.06313485,0.1794617,0.13023108
-0.07866127,0.006996044,-0.040159624,-0.07410083,-0.09085598,-0.09488131,0.09998719,0.09909405,-0.05025427,0.07132573,-0.027931288,-0.2805521,0.18710707,0.07217909,-0.13263412,-0.028831031,-0.08456472,-0.07136123,-0.09067128,0.1699148,-0.0778311,0.5883065,-0.011674965,0.053023726,0.27737248,0.17894839,0.14292814,0.18468179,-0.034459036,0.070336826,0.19174625,0.18587406,-0.057559613,0.10467998,-0.16825338,-0.042083748,0.0013557688,-0.061802715,0.1594779,0.09369553,0.20376815,-0.021039614,-0.054072008,0.07414223,0.024141286,-0.09497285,0.08175832,0.08781284,-0.057907607,0.28254858,-0.48953328,0.43756714,-0.037965097,0.115553476,0.16876802,-0.06482104,0.29465008,0.100321315,0.22258887,-0.003948851,0.25270274,-0.33540243,-0.24465084,0.12727623,0.38126874,-0.0930359,0.23569657,0.1695277,-0.04966245,-0.1275091,-0.055623475,0.064273715,-0.007502962,-0.06569009,-0.03706607,0.0172072,0.15199259,-0.0064498466,-0.03927902,0.37685052,-0.07777922,0.12457138,0.12172407,0.17580433,-0.08848937,-0.12116232,0.07022112,-0.03898404,-0.01928514,-0.06422521,-0.15175572,0.093898326,0.45924085,-0.15329045,-0.09093496,0.17617472,0.17945911,0.14491127,0.11486626,0.15225519,0.057112742,0.17565067,-0.18698329,0.043843742,0.24280013,0.12571324,-0.0439237,0.19594924,0.077223584,0.15786923,0.14089349,0.13542618,0.049398486,-0.23583227,0.15063706,0.026684068,0.054034572,0.015248599,0.13052592,0.083999336,0.071182474,0.068840444,-0.061915375,-0.0086326925,0.07637205,-0.13297032,0.10981549,0.039835438,0.006988994,0.50819033,-0.37107813,0.20816474,0.214225,-0.11665804,-0.12961607,-0.036861148,0.05157538,-0.024638804,-0.063394815,0.13780695,0.13003379,0.1705223,-0.1454593,-0.02562281,0.27349097,0.14356107,-0.1088729,-0.12244487,-0.017867668,0.11735634,0.12289804,0.17140992,-0.22114497,-0.26555413,-0.1578959,0.20740075,0.049484055,0.17317207,0.023393264,0.22501542
0.25385183,0.08591977,0.1904604,0.019664707,0.192348,0.10217566,0.11056783,0.2274232,-0.025460888,-0.00013102709,0.10755343,0.09795464,-0.01813083,0.1196437,0.013528228,-0.093415156,-0.19105911,0.12293645,-0.020261658,-0.14747466,-0.19926448,0.5606805,0.081788465,-0.11135961,0.21893463,0.14929092,0.1569236,0.13757965,-0.08262732,0.06908845,0.11181919,0.10621216,0.07702772,0.0756285,-0.038986366,0.06691404,-0.03442714,0.2614465,0.07197457,-0.11614912,0.03411981,-0.004318738,0.17544757,0.11668857,0.04324515,-0.10534015,0.0027810456,-0.097754,-0.09793804,0.24108134,-0.17984447,-0.024121739,0.12383487,-0.06278385,0.20642626,-0.024981182,0.07962249,-0.020075927,0.031527117,0.14066537,0.1130319,0.09789164,-0.20344941,-0.09700033,0.19737034,-0.1721832,0.18293597,-0.063348465,0.022613881,-0.13807331,0.10547797,0.20392214,0.12101395,0.07749079,0.0706438,0.22137219,-0.10348622,0.17171478,0.18921266,0.26982728,0.16484296,-0.10506347,-0.0033164748,0.2457298,0.075402655,-0.10277082,-0.022535274,0.11762613,0.0055244914,0.06155974,-0.08432879,-0.016727626,-0.029410776,0.064915866,0.09143792,0.21289484,0.050250947,-0.11004996,0.08307268,-0.055136707,0.19572921,0.32879132,0.081539676,0.13701956,0.0546969,-0.009296223,-0.018191027,0.16072655,0.108465895,0.025318958,-0.078126356,0.20471361,0.18378839,-0.2078008,-0.1194436,0.18073449,-0.13177478,-0.12836866,0.019258102,0.003489215,0.20554349,0.0065668533,-0.048908297,0.00631401,0.06612574,0.039994754,-0.019819964,-0.108789004,0.034631766,0.12514572,-0.12456959,-0.17587513,0.2819861,0.20452648,0.20370299,-0.091832004,0.037555695,0.009100085,0.1387171,-0.05979272,0.013558497,-0.00981251,-0.18284483,-0.07638332,0.026295539,0.19747971,0.1686436,-0.048711646,-0.018384133,-0.0498194,0.035547953,0.10930868,-0.0063782632,-0.26116562,-0.009815182,0.20708455,-0.2188643,0.13414617,0.29480386,0.01104323
0.038257893,-0.057123765,-0.1956477,0.11149198,-0.16716328,-0.11166396,0.09996437,0.009002644,-0.0021738142,-0.10957335,0.07496191,0.017778426,-0.0971349,0.022483993,-0.19110793,0.045436826,-0.04198674,-0.123021014,-0.16061933,-0.09807273,0.00077059923,0.39196208,0.14219354,-0.065471694,-0.09827066,-0.01219984,0.058055915,0.16544189,0.039855067,0.14506657,-0.123463996,0.15905444,-0.04941243,-0.020353694,0.14403698,0.03350074,0.122738324,-0.025270127,-0.043708347,-0.1598747,0.09762637,-0.113720454,0.008780527,0.050362058,-0.12753607,-0.06684229,0.10179174,0.15558234,0.13285606,0.13011786,0.10748585,-0.081187874,-0.053296264,-0.030638048,0.06065821,-0.038711052,-0.1322165,0.15246682,-0.060441628,0.0004190303,0.10413705,0.17047796,0.05455395,-0.020840706,0.0142724095,0.19691311,0.21585834,0.050812744,-0.08194522,0.14898224,0.014437857,-0.11375954,0.084858045,0.109162815,-0.12437772,-0.14664873,-0.021221196,-0.15585494,-0.14193447,-0.043403096,0.0027959645,0.122396015,0.20192002,0.05181838,-0.17136203,0.14089903,0.026443815,0.1656053,0.09953038,-0.009565312,0.01570702,0.00011530012,0.22673656,0.18332931,-0.008151039,-0.10875894,-0.038010485,0.07647652,-0.07845614,-0.021643098,0.071675844,0.098693326,0.05103901,-0.16276035,0.12972869,0.062969066,-0.09271686,-0.05340809,0.09581807,-0.15245423,-0.07277736,0.1172504,0.04298751,-0.12758373,-0.080221705,0.19582608,-0.16035004,-0.13175434,-0.15957408,0.118895836,-0.16166927,-0.062351044,-0.021954773,0.1953693,-0.17427644,0.014511804,0.018804839,0.08811245,0.14691111,-0.08014674,0.24017274,0.14095813,-0.03165646,0.1672401,0.055571627,-0.08573423,0.15114225,0.0008866446,0.0897148,0.15561777,0.070168704,0.00094661745,0.07591756,0.052019674,0.20733048,-0.11919792,0.06400556,0.10124527,0.111110896,0.0434531,-0.039677016,0.09273234,-0.08893374,0.27923244,-0.12759668,0.15813226,0.044301067,0.08711965,0.09212565,0.07329504
-0.019681673,0.038508918,-0.13518167,-0.056654945,0.03776041,0.02618299,-0.1335366,-0.05700215,-0.011606111,0.055609506,0.47292912,-0.14503977,0.09780398,-0.10446466,-0.008263384,0.1541441,0.12804094,0.09756877,-0.20469496,0.13107464,0.08394989,0.5028961,0.12840904,-0.1400278,0.2269872,0.1171084,0.036814053,0.1256322,-0.067312054,0.09221633,0.14443237,0.08768851,0.14893238,-0.047448628,0.1577021,-0.07555805,0.23238535,-0.1421497,0.12562695,0.22258283,-0.011737775,0.015114635,0.017128056,0.02394044,0.1385192,-0.092190884,-0.062448837,0.037193462,0.061648767,0.11932343,-0.26063687,0.18988337,0.18460768,0.14516008,0.09829677,-0.081363104,0.11621521,-0.08792499,0.1930663,-0.068162665,0.18203667,0.11664112,0.10700261,-0.014549291,0.34881142,0.14765024,0.039150007,0.22089508,0.022613056,-0.052215204,0.10770257,0.1656855,0.25038084,0.2661701,0.25224066,0.2308041,-0.11721714,0.013614418,0.16329212,0.14995931,0.022256143,0.15349723,0.047268063,-0.124309294,0.10380408,-0.1770383,0.09836248,0.17582533,-0.06958587,0.07132402,0.020655513,0.21308444,0.16058034,0.11983781,0.1046507,0.027761532,0.13115512,-0.11573065,0.049905855,-0.12913755,0.063537985,0.24462445,0.2097249,-0.11618422,0.03228504,-0.108500265,0.08325931,0.31581837,0.0990288,0.045192413,-0.1472051,-0.03125725,-0.02383649,0.15941615,-0.040131353,0.12643006,-0.06773656,-0.003780361,-0.07156998,0.046729084,0.034344777,0.17180382,0.008034058,-0.06620372,-0.20039137,-0.114448756,0.15284297,0.20297608,-0.136325,0.13091613,-0.058378324,0.29917863,0.10167469,-0.0035721292,0.21893987,0.06989821,0.24811824,-0.15103078,0.12077495,0.11065301,0.16577594,0.4354456,-0.18299781,-0.16041586,0.20284195,0.10411838,0.14205134,0.41732305,-0.15818946,0.08636187,-0.101569004,0.37386745,-0.045823913,-0.0063606384,-0.018197497,0.2771326,-0.019802764,0.06789966,-0.12076923,0.24469994
