-0.028765105,0.0502958,0.110761285,-0.12391632,0.024118587,-0.08532861,-0.03114979,0.029736415,0.027451068,0.02428563,0.049911782,0.1251136,0.06628302,0.08840342,-0.1211513,-0.073682085,-0.046071082,-0.040894076,-0.09000869,0.019649431,0.10010867,-0.12205976,0.12516707,-0.038287006,0.017182931,0.030135065,-0.00205943,-0.03455299,-0.11095367,-0.05138419,0.075857535,0.110380694,0.080170676,0.0598737,-0.09150241,0.11255245,0.05650811,-0.06971103,-0.00031465292,0.09779793,0.09922065,-0.022363164,-0.113441624,-0.091572404,-0.07437724,0.018439084,0.031575248,0.071292505,0.098235846,-0.044171065,-0.024580471,-0.07762739,-0.071508236,-0.01227618,0.0023757368,-0.066822894,0.09609905,-0.102593124,-0.074800305,-0.017707169,-0.030723713,0.10563512,0.041858464,-0.07893427,-0.002369672,0.004202202,0.0060316026,0.020551756,0.021831483,0.07280496,0.059046462,0.06001754,0.02937664,-0.059589505,-0.095722824,-0.01809182,0.12540981,0.06614423,-0.09022236,-0.101692915,-0.016236894,-0.12622455,-0.065729745,0.07478829,0.03052026,0.12852901,0.0062669814,-0.1364401,0.069497585,-0.115215614,0.08134991,0.10543738,-0.13296393,0.012417346,0.07420881,-0.045247138,0.03844537,0.11464363,-0.11340859,0.030089289,-0.04093776,-0.015470572,0.08429432,-0.074104734,0.122232944,0.120245606,-0.11594224,0.024610803,-0.033999756,0.13654077,0.013215065,-0.122289725,0.025410771,0.13562766,0.036406055,-0.03741762,0.05055274,-0.012179151,-0.11972995,-0.102709636,-0.12380604,0.024972618,0.11062136,0.046849117,-0.042375654,0.010470748,0.10040468,-0.13444808,0.05676548,0.124375135,-0.09426002,0.12226221,0.0338348,0.07923028,-0.026705354,0.12990555,-0.086867645,-0.09089482,0.10344507,-0.1043488,0.09432623,-0.02816698,-0.024671197,0.081666455,-0.066579804,-0.012125447,-0.08725317,0.045440927,-0.12793665,0.017681316,0.033076346,-0.07705483,-0.078004,-0.08179906,-0.034365498,0.05830227,0.10039155,0.048573986,0.08702634,-0.016433977
0.089864194,0.04269436,-0.028359532,0.018695757,-0.013160907,0.007219419,-0.04248026,0.1332593,-0.07497163,-0.05151017,0.06736894,0.0325789,0.07412298,-0.05254429,0.058563575,0.035055757,-0.10944797,-0.099589154,0.11370069,-0.048078954,-0.044637524,-0.0045496523,-0.10715489,-0.1309026,0.07559255,-0.11931012,-0.1042328,-0.12523195,0.07047033,-0.072726354,0.10019629,0.10878979,-0.100609176,-0.010260344,-0.06759192,-0.11953874,-0.044307828,0.031748593,-0.10521208,-0.07559946,-0.0009865165,-0.12524469,-0.070639275,-0.061797306,0.123215616,-0.10807912,-0.012217216,0.11494982,0.13086832,-0.03506656,-0.03403476,-0.12190205,0.049694553,0.06490296,0.009355798,-0.03063763,0.10780248,0.031457677,-0.037879407,0.029815316,-0.048589095,-0.12302787,0.07472271,0.011345029,-0.042381726,0.084321186,-0.04417505,-0.09665944,0.00870873,0.07764217,0.026180848,0.13334438,-0.12823573,-0.003878668,0.076383844,-0.029452257,-0.11827303,-0.03232687,0.05713828,0.057815313,0.084041506,0.008803472,0.08124785,0.110924855,-0.11209622,0.11203441,0.10376041,0.011741132,-0.1343378,-0.07522485,-0.01778543,0.09819648,0.01749298,0.09403166,0.12404624,-0.11216092,0.12220365,-0.11898832,-0.06271632,-0.017010428,-0.009576291,-0.027346402,-0.10759181,0.10797417,0.09664272,0.064087674,0.10391466,0.067821175,0.10932623,-0.12182797,0.07085481,0.05872315,-0.07796682,0.099805966,0.089673996,-0.10824275,-0.11560993,0.1277569,-0.047250576,-0.022370249,-0.12497989,-0.100917555,0.12865719,0.115985215,0.12198341,0.038478047,-0.029759131,-0.079259306,0.03296335,-0.06276271,-0.054779418,-0.078223124,-0.07367291,-0.006039068,0.059139505,0.061325073,0.045116097,-0.033317275,-0.11081222,0.1136758,0.12942791,0.07994303,-0.07241657,0.010873184,0.11376199,-0.13210395,0.008301988,0.13307261,-0.11866776,0.0012028068,-0.13550532,0.02594772,-0.11406348,0.06475903,-0.063547276,0.11364052,0.046757996,0.10623664,-0.11369049,0.07185906
-0.09025256,-0.0868299,0.035375,0.03006278,-0.042035833,0.03203863,-0.12796938,0.046167493,0.0125873685,-0.042753868,0.07293396,-0.046452425,-0.13544182,-0.0010798275,0.040562913,0.08847864,-0.0022960901,-0.12289503,0.07199693,0.013722107,0.09843141,0.061718047,0.038194418,0.083397254,-0.017634302,0.10024291,-0.02611614,0.006819427,0.11483985,0.02965577,-0.10439111,0.1136803,0.0840071,0.040413156,0.09887132,0.008375868,-0.097615466,-0.019617014,0.012536675,0.049448714,0.046284363,-0.095304236,0.106849745,0.05724749,0.021391302,-0.029608667,0.040184826,-0.112461306,-0.060863577,-0.083860874,-0.06575198,0.10134292,0.08556703,0.06816824,0.10112865,0.0873529,-0.057593904,0.045294315,0.06317191,0.025774911,0.039236337,0.084041536,0.053019524,-0.10154137,-0.086462855,0.08395992,-0.00994429,0.012784526,-0.026276015,0.1016729,0.114062905,0.06552604,-0.033303693,0.020149544,-0.054091483,-0.11193628,-0.086126074,-0.0054736286,0.13175389,-0.099001154,-0.07123547,0.114105076,-0.0666608,0.03610401,0.08390847,-0.028330997,-0.040288903,-0.12904754,-0.08335318,0.09558104,-0.07476246,0.09620088,0.037644997,-0.10923658,0.029677615,-0.09384704,0.08454548,-0.013553388,-0.102983385,-0.01026991,0.12587321,-0.05690205,-0.015648924,-0.022652186,0.054766327,0.057319924,0.019481987,-0.017569467,-0.118489705,-0.07827817,-0.051220752,-0.007701248,-0.07268267,0.09281354,-0.08760383,-0.040500686,0.031475544,-0.009890124,0.13646188,-0.06911806,0.12072396,-0.12787299,-0.06037479,0.043724924,-0.13239075,0.1316809,-0.049244575,0.12890026,-0.10407621,-0.053387918,0.07174051,-0.0020488203,-0.12054463,0.092063606,0.108665034,0.09084073,0.04657401,0.10081704,0.03192091,-0.12682554,0.009483054,0.07165401,0.021006659,-0.0932737,0.116825014,0.11022189,-0.062401667,-0.06072039,-0.043373086,-0.016317658,-0.10148878,-0.08463401,0.09350748,0.11785531,0.10982028,-0.106771715,-0.075346716,0.033482015,0.005234301,0.026487365
-0.10899892,0.042161956,0.10781641,0.010980487,-0.0010798275,0.049530953,-0.08254337,0.09546642,-0.050178573,-0.07376021,-0.037804127,0.11569211,-0.008557677,0.0703844,0.13211596,-0.09698607,0.10028823,-0.10903897,-0.045757934,0.043042272,0.11583072,0.031463042,0.021455482,-0.09651882,0.069623604,0.00549528,-0.024842069,-0.10861763,0.06956291,-0.10804729,0.070211604,-0.1258909,0.054831192,0.0453739,-0.03452403,0.028371677,-0.05893729,-0.03610705,-0.10656193,-0.07775158,0.0016735792,0.13185018,-0.03431692,-0.110840455,0.13243398,0.0986979,-0.10861708,-0.12154126,0.06543642,0.002905175,0.09696782,0.01199545,-0.09073371,0.12740993,0.04413992,-0.100476205,-0.02328328,-0.03712742,0.041599214,0.06651758,0.119095445,0.07142237,0.035795793,0.045853883,-0.05159492,-0.01458738,-0.04885804,-0.13178785,0.09303537,0.08687633,0.06867561,0.04998122,0.098029986,-0.12984437,0.060895637,-0.010512203,-0.09353386,0.068305224,-0.04828649,0.099016145,0.103494465,0.012499064,0.12968647,0.13593018,0.12017706,0.0698711,0.030923977,-0.0010084957,0.08420552,-0.13348216,-0.014408343,-0.054492943,-0.10513373,-0.09265922,-0.060023867,0.12945792,-0.11322874,0.13441315,-0.034861177,0.07479489,-0.11940515,-0.05465807,0.10565643,-0.06059003,0.09977172,0.03756714,-0.136406,-0.047572017,0.027384281,0.11660567,0.03993234,-0.062540255,-0.12929341,0.13369414,-0.058763407,-0.08621203,-0.06820078,-0.12256226,0.11855984,0.11627844,-0.1332345,0.11157286,-0.08959675,-0.07498498,0.06619696,-0.081793025,0.0007016808,0.07989219,-0.08429778,-0.105065525,-0.12913616,0.1115087,-0.004328832,-0.08754049,-0.06162425,0.027704448,0.05365157,-0.018026032,-0.05903291,0.042850047,0.07828097,-0.039075978,0.0959813,0.08120212,-0.06065327,-0.0738873,0.11290364,-0.08225488,0.0419313,0.047450513,-0.020472847,-0.08981523,0.1343956,-0.007423401,0.11914617,-0.098212674,0.023533255,-0.037122853,-0.12363915,-0.116686784
0.0672138,0.13215214,0.11000244,-0.07892363,-0.07961714,-0.04527574,0.10621232,0.08722353,0.11949444,-0.03588622,0.11216827,-0.037709676,-0.13030168,0.090878636,-0.10796653,0.0072593093,-0.0801425,-0.12114732,-0.113559216,-0.11483078,-0.12595743,-0.10552843,0.06451234,-0.11547715,0.098025605,0.12031576,0.015305772,-0.07343887,0.11505166,0.09927705,-0.022656135,-0.12704046,0.12431529,-0.08747347,0.039152116,-0.069032334,0.08547029,0.08590199,-0.05678328,-0.08093755,0.11606902,0.06419423,-0.11116023,0.08383195,0.040634662,0.050053895,0.021818846,-0.12066088,-0.054265298,-0.086586624,0.050315067,0.016390815,-0.025801167,-0.09553109,0.09481691,0.06239797,0.056497946,0.05752577,-0.03611847,0.13002175,-0.080162086,-0.01723709,0.080596685,0.022536293,-0.016280897,-0.07711718,-0.0025356412,-0.020085752,-0.13600478,-0.022050895,-0.06312646,-0.08152284,0.021738276,-0.13618395,0.12019381,-0.022111781,0.0103966445,-0.11688482,0.00013026595,0.045091316,0.11571944,0.11875263,-0.052072085,0.112821236,-0.06549492,0.003834337,0.12172896,0.08015987,0.03379239,-0.09137124,0.12348214,0.110699385,-0.0147572085,-0.12567915,0.044825077,-0.03153146,0.08312081,-0.061605506,0.054716676,-0.07419882,0.07510206,-0.051619403,0.01325953,0.12936825,-0.07978436,-0.04156941,0.04360774,0.014429212,-0.017325923,-0.027208142,0.05560577,-0.12242723,-0.08176161,-0.010510251,0.035414383,-0.04320818,-0.11873938,0.13676682,-0.044305116,0.06931199,-0.003027603,0.019409284,0.08281013,-0.042924643,-0.013685383,0.0010526627,0.026478514,-0.092536464,-0.12675774,-0.059724532,-0.114978895,0.030003697,-0.05685494,-0.03472749,-0.028824225,0.11547151,-0.10241085,-0.0021654367,0.11162773,0.048297197,-0.090032786,-0.07205229,-0.048801333,-0.0811692,0.09844783,-0.03783302,0.004528478,-0.115537845,0.11324823,0.035019293,0.029778987,0.116095155,0.085872605,0.05951798,-0.11523214,-0.08689239,-0.10611418,0.029654145,0.04381992,0.06961782
0.048269972,0.05310875,-0.11984836,0.091592655,-0.0628501,0.09713063,-0.046285175,0.038380474,0.0039919913,-0.10066954,-0.09147675,0.014566094,0.02004458,-0.0054477453,-0.017413251,-0.02091188,0.113339365,-0.089001894,0.12870118,-0.12929684,0.027717113,0.061695382,-0.051991776,-0.08818308,-0.0053183585,0.12554246,0.074188635,-0.014132053,0.11960879,-0.112435974,-0.029492803,0.052194223,0.028982043,0.08720371,-0.032351255,0.08625744,0.13085812,-0.10482839,0.024401426,0.064073116,0.113066584,0.0340437,0.08261569,0.02249986,0.0059909225,0.011835769,0.0075489283,0.086328715,-0.045205742,-0.11171232,0.015054777,-0.06212476,-0.03979013,-0.0154465735,-0.10192549,-0.0627206,-0.107913375,0.12530321,0.0130992085,-0.1125426,0.12705982,-0.014675528,0.08838837,-0.0140584335,0.05311972,-0.111279756,-0.009268597,-0.06466363,0.04914987,-0.10758168,-0.13324217,0.05928409,-0.123445556,-0.09113582,0.023865148,-0.09308076,0.036667794,0.006240085,-0.02638156,-0.054869823,0.0022592843,-0.12825364,0.060908303,-0.057319045,-0.06348616,-0.016838834,-0.04637838,0.053811148,0.031490564,0.035847887,0.023195684,0.034286916,-0.04479204,-0.016544454,0.064419344,-0.048112713,-0.044088013,-0.11326908,0.0017890185,-0.081379294,-0.048865028,-0.10552207,0.10991143,0.070533305,-0.12955752,0.02249676,-0.13550186,-0.0371425,0.0966533,0.116858035,-0.03216204,-0.0116441995,0.09292963,-0.10177679,0.03173417,-0.022605143,-0.12972233,-0.08893171,-0.1094449,-0.038753495,-0.1320886,0.12583172,-0.07501923,-0.01245185,0.10692549,0.06508663,0.02393113,0.09773488,0.12730819,0.08849159,0.109786645,0.094689295,0.11298725,0.042368993,-0.06278569,-0.12988393,0.043480977,0.098005325,-0.09137346,-0.09473713,0.004461646,0.1240125,-0.083716996,0.066743076,-0.007082492,0.08053808,0.12858239,-0.011004135,0.06126827,-0.080225945,0.0026148856,-0.08577222,0.11497468,-0.03988467,-0.04730343,0.07952127,-0.07369243,-0.039631464,0.0021385998,0.1355814
0.124062896,-0.083974354,-0.033381425,0.086819485,-0.008217469,-0.085785136,-0.0029491484,0.06813203,-0.09968018,0.10576989,-0.11128876,-0.030236363,-0.10891975,0.10801557,-0.026036449,0.031539917,0.06701933,-0.00018553436,-0.09362364,0.01938264,7.075071e-05,-0.1343297,-0.13117844,0.018902898,0.13246125,-0.13160151,0.06848106,-0.016747162,0.06928711,-0.037868403,0.032616615,0.006560117,-0.060852446,-0.08057454,-0.11627517,0.105192035,0.065423355,0.013308078,0.028012395,0.008912325,-0.0032103956,0.1307432,-0.12107676,0.018230408,0.10903877,0.09233785,-0.045982637,0.11031926,0.12888655,-0.077471465,-0.057852693,-0.0014613718,0.11235295,-0.05626224,-0.043370828,-0.10495485,0.08690937,-0.09122361,-0.048105597,-0.10830912,0.032052547,-0.1084561,-0.00365524,-0.03451682,0.025998294,-0.05804988,0.12738252,-0.030681767,-0.0093548745,0.050753802,0.029105186,-0.0052776784,0.10065599,0.0072472394,0.0344795,0.12422547,-0.0053104907,-0.010992572,0.027595103,0.034830287,0.084694505,0.13533252,-0.03853613,-0.08830473,-0.12529533,-0.11240186,-0.13224933,0.031085253,0.0066682994,-0.050603107,0.09674941,0.10523546,-0.11268059,0.050252944,-0.056290872,0.08977471,0.057609603,-0.0352439,-0.07293611,-0.105088286,-0.06842419,0.07833259,-0.02975443,0.12622559,-0.053971574,0.08339739,0.07992549,-0.11885254,-0.0634367,0.08098848,0.11504167,0.12197369,-0.04279474,0.084894866,-0.13405518,-0.10152315,0.0102814585,0.07442875,-0.13302566,0.09699798,-0.03984961,0.037934676,0.13365573,-0.005701244,0.0777238,0.021555975,0.047753632,0.005017489,0.10532814,-0.016610667,0.07469754,-0.08758251,-0.13117348,0.0818609,0.036674216,0.078292504,-0.027551003,0.13033211,-0.020432167,-0.076309174,-0.019829936,0.07182872,0.009447202,0.12344563,-0.10526183,0.106723264,-0.024494968,0.098479,0.061770022,0.0028466731,-0.09107154,-0.049133092,0.010570422,-0.008185595,-0.052080117,-0.045051523,0.12699583,0.07216975,-0.10842028,-0.018792681
-0.10893884,-0.0032113642,-0.13380918,-0.13291861,0.024127334,-0.0036464483,-0.04025717,0.03322123,0.035050526,0.103500545,-0.11420122,0.12518102,-0.07890257,0.027820632,-0.010677204,-0.102228746,-0.007037014,0.13176578,0.018367678,0.08365467,-0.10882008,0.012040928,0.06719148,-0.053437866,0.06053172,0.080442876,0.12581167,0.09284958,-0.032747947,-0.04859344,0.09362465,0.07265499,-0.04745312,-0.028409943,-0.05447884,0.07418586,-0.083076596,0.021532893,-0.038708113,-0.087669745,-0.009117082,0.13686484,-0.0909531,-0.07782059,0.091661796,0.07658723,-0.09963797,0.00991258,0.09252018,-0.11020273,-0.10791902,0.031816334,-0.09039428,-0.020820372,0.03180325,-0.12272543,-0.051003292,0.022475272,0.033305466,0.116520226,-0.047653407,0.06353402,0.038278475,-0.13534479,0.11683655,0.082316,-0.066269435,-0.04892683,0.100276634,0.045190006,0.027375326,0.039731562,0.048854157,0.12410092,0.033001184,-0.050004207,-0.0873121,0.032019243,-0.1318193,0.12030479,0.035566866,0.019732684,-0.020002633,-0.11828697,-0.13413008,-0.119188376,-0.09983815,-0.029617742,-0.041475914,-0.020239227,-0.016468585,-0.019229852,-0.009662971,-0.0968211,-0.08594827,-0.07964483,-0.110589564,0.11996791,-0.04322908,-0.09876538,-0.105655715,-0.10779183,0.058528155,-0.043386176,0.116940916,-0.07188661,0.03312251,-0.11021589,-0.03962373,0.05590342,0.1169067,0.12659103,0.032562807,-0.06732768,0.034060195,-0.044360258,-0.031316586,-0.040648542,0.055655733,0.007907808,0.06419094,0.07260445,-0.1356013,0.06088555,-0.021607228,-0.11305036,-0.018106706,-0.111106366,-0.024596825,-0.01931692,-0.068574265,0.12694457,-0.04666914,-0.06321643,-0.09923373,0.030624732,-0.019112714,-0.133266,-0.04536754,-0.13540006,0.022523746,-0.07191919,-0.0051322132,-0.129768,-0.09405866,0.04832971,-0.117089875,-0.13007997,-0.041418582,0.13520765,-0.08969626,0.10100286,0.035751745,-0.10301051,0.060969353,-0.023061514,-0.13333218,-0.077035174,0.048061654,-0.12930445
0.097843245,0.013232112,0.051613763,-0.00033845007,0.030535012,-0.0061480403,0.059721887,-0.034092642,0.03981109,0.0037364215,-0.07484683,0.0611037,0.011721224,0.06214571,-0.12031766,0.08387628,-0.11499062,0.10616155,0.111411095,0.06937368,-0.009643212,-0.050123528,-0.08192609,-0.07186676,-0.079076186,0.06826301,0.081944674,0.055759385,-0.037764393,0.13161892,-0.055634767,-0.13176654,-0.018066056,0.1338369,0.009064615,0.056491747,-0.07566861,0.05020517,-0.06286603,0.011636049,0.097798124,-0.08128752,0.063553676,-0.042419925,0.055990264,-0.09013157,0.009176761,-0.09912058,-0.05522404,0.04296966,-0.0031190366,-0.024869457,-0.06693203,0.07784149,-0.13469799,0.08759022,0.07957654,-0.08508693,-0.13328592,-0.04675722,-0.09067257,0.03835608,0.13691461,0.003198564,0.0620528,0.026955098,-0.13382734,-0.1228377,-0.00728184,-0.05664421,-0.094247386,-0.0994253,0.04025528,0.0930437,0.035650775,0.1184853,0.019649297,0.11829087,0.08471534,0.046726033,0.060665146,-0.075933866,-0.04006263,-0.077027895,-0.06342675,-0.03051164,0.030717358,-0.103004605,0.06348586,-0.100736365,-0.062052608,0.06814535,-0.11729862,-0.048827186,0.042544052,-0.028803624,0.11407843,-0.1338845,0.10737784,0.1260204,-0.09546479,0.0899037,-0.08406671,-0.08374053,0.10915369,-0.035443045,0.020136654,0.07610552,0.07597576,0.10414417,0.1292595,-0.065303184,0.11495462,-0.03490068,-0.12000477,-0.0024928153,0.023529962,-0.03687787,0.09294915,-0.026999108,0.039978698,-0.04134728,-0.056550965,0.023918226,-0.09067939,-0.06079182,0.05529368,-0.0031832308,0.13080639,0.107601464,0.093777105,0.07477827,0.035874173,-0.0461908,0.021466225,0.11374983,0.002611354,0.048684463,-0.054580115,-0.005651325,0.010256872,-0.11129464,-0.1136092,-0.09182281,-0.07756999,0.119642496,0.0026709288,0.021893993,0.0045232475,0.074144274,-0.10321383,-0.088823415,-0.021589138,-0.13485312,0.06451607,-0.107917555,0.04110433,0.102755114,-0.09000964,0.0058944076
-0.04015182,0.08149718,0.12662068,0.050565004,-0.12932593,0.11852434,0.08828661,-0.018204093,0.08835654,-0.039421216,-0.034645222,0.069850266,0.12210572,-0.0070257634,0.09565121,0.1133813,0.012331814,-0.10546258,-0.069339015,0.06450334,0.06503835,-0.0054897964,0.12764755,0.051600367,0.05288069,0.07256465,0.114587426,0.017278135,0.048209548,0.045350984,0.10825956,0.012239262,0.03599915,-0.13186194,-0.06591489,-0.023064286,0.06370327,-0.0038881302,-0.11394164,-0.00026369095,0.10970983,0.09473102,-0.07223074,-0.020138606,0.066243485,0.0440605,0.08065835,-0.06680605,0.1337431,-0.12744573,-0.123247646,0.0758612,-0.047735967,0.08097722,-0.0064825863,0.0600006,0.081055075,0.03530802,-0.10078393,0.05311218,-0.13064845,0.11102429,-0.0127403885,-0.083234414,0.026052147,0.07939038,-0.042308077,-0.090112805,0.06796534,0.039781377,-0.12653558,0.005526677,-0.07198387,0.04519765,0.09524122,0.057403475,0.012917161,-0.041610353,0.09107813,0.009298429,-0.03195545,0.011399642,0.11995551,-0.051105544,-0.0030731112,-0.09714162,0.090451315,0.03363408,0.09848641,-0.0051150024,0.09585956,0.013604417,0.0007932782,0.13509339,0.01107575,0.006963864,0.10268356,-0.09986933,0.06719911,-0.016832665,0.07698347,-0.021626882,0.12878546,-0.054799892,0.039717853,-0.1286851,-0.043747544,-0.046774387,-0.103955045,-0.11845817,-0.10866886,0.085977435,0.06910533,0.0025007129,0.10368708,-0.09259033,-0.08980834,-0.016155437,-0.1210832,-0.008907884,0.04606478,0.08008954,0.03282033,0.008781046,-0.07344458,-0.023025759,-0.09818368,-0.0059411377,0.053680524,0.100720465,0.100569025,0.033307806,0.111951694,0.10806404,0.044634193,0.063425496,-0.11795005,0.011340156,-0.12311641,-0.034696214,0.05964066,0.1331518,-0.07663633,0.124654084,-0.09251179,0.12529173,0.06571777,0.07167709,-0.04655376,-0.038050346,0.09451379,0.028830588,0.124192834,-0.06449818,0.014492601,0.08851798,0.0025657117,-0.020834833,-0.039950162,-0.12544827
-0.118292876,0.0092621,0.11273737,-0.12995258,-0.031082213,-0.086380556,-0.08261063,0.08171484,0.12689221,0.026375547,0.10156827,0.021805823,0.004819751,0.023482129,-0.0179516,-0.103507005,-0.11026865,0.065382645,-0.06695508,0.09931101,-0.030519448,0.10078204,-0.09373611,0.12601289,-0.086040825,-0.12878497,0.057466313,0.1246019,0.05133763,-0.07586172,-0.02968721,-0.06426322,0.08876172,-0.06190811,0.063824445,-0.11205192,0.06404798,0.057678193,0.09603265,-0.08462712,0.11096743,-0.0142072365,-0.10400337,-0.07144996,0.11294909,0.08337653,0.09343882,0.049222082,-0.038239695,-0.085869014,-0.099383384,0.03830257,0.07464902,0.0051927418,0.054388806,-0.054245874,0.015700564,-0.009056285,-0.06350373,0.08426246,0.10003674,0.0095305145,-0.025454327,0.019678384,-0.088220656,-0.03324101,0.0135320425,-0.116172105,-0.12092437,-0.026614107,-0.10365871,0.006653741,-0.09363343,-0.02754663,0.11827341,0.053596005,0.052573666,-0.032396898,0.090798125,0.0044205487,0.0075392574,-0.027242944,0.039786503,0.10172233,-0.04529448,-0.080897816,0.00091959536,0.06259543,-0.05865231,-0.022236526,-0.13307407,-0.08076027,-0.101199955,-0.13439278,0.003627643,0.09417775,0.07155006,-0.03856323,-0.09910017,-0.082070455,-0.11291003,-0.05222474,0.040989935,-0.023771286,-0.045272276,0.031813636,0.012998462,-0.077361055,0.13212308,0.042265534,-0.072646335,0.021771371,-0.05216395,-0.010726139,0.048023105,0.009967208,0.08443251,-0.014864877,0.03785087,0.09914647,-0.062439017,0.13377091,0.1125548,-0.09805685,0.116622776,0.098160625,0.075511485,0.0719378,0.05406958,0.0717015,-0.056674927,0.11536038,0.07444991,-0.054827377,0.0071424097,0.12266448,-0.0027971417,-0.06298281,-0.07960579,-0.027031623,0.06425594,-0.071511306,-0.04831101,-0.09307067,0.12633839,0.048144445,0.06238845,-0.12532245,-0.030496985,0.022777975,0.040649295,-0.11290011,-0.022683233,-0.041331157,0.12666982,-0.02735734,-0.11008697,0.11304757,-3.5122037e-05,-0.05116973
-0.024172544,0.08255719,0.13238204,0.08950858,-0.054649256,0.06296979,-0.083360985,0.0700641,-0.13564897,-0.009179071,0.0059454143,0.10043977,-0.12781934,0.088694945,0.100626275,0.09903462,0.009239867,0.08480975,0.024172053,-0.018623337,-0.050988927,0.13629875,-0.11641026,-0.089256674,-0.0870585,-0.011673972,-0.00917685,-0.09671898,-0.054871812,-0.11072727,0.08422178,0.11903715,0.044808894,-0.060980745,-0.13307032,-0.08339768,0.03518705,-0.09482599,-0.13611089,0.100448295,-0.09737688,-0.07832979,-0.11236232,0.05287938,0.08117244,-0.055330567,-0.0031959862,0.111242235,-0.11586957,0.049651876,0.069903776,-0.062417693,-0.04038126,0.08599934,-0.043589823,-0.059766255,0.06884363,0.09542294,0.13216919,0.07061404,0.0037340075,0.06148556,-0.077078044,0.020491526,-0.03558398,-0.02044712,0.119380504,0.08206667,0.118216634,-0.05665707,-0.052554898,-0.07119868,0.031876966,0.09356409,-0.09816524,0.088470235,-0.05561351,0.10723461,0.10763353,0.11946419,0.043368608,0.023069575,-0.10697988,0.08318061,-0.028588325,-0.033306047,0.0880108,-0.13273126,0.022960275,-0.12384665,0.1341334,-0.13594654,-0.06670181,0.13168114,-0.11530276,0.09645063,0.12155151,0.026368052,0.03349389,-0.041934893,-0.13048166,0.08906487,-0.023282237,0.07112013,-0.04804066,0.057018176,-0.1162149,0.08975898,-0.055916376,-0.045448013,-0.08909905,0.0048803687,0.093963355,-0.11476519,-0.13353331,0.030481607,0.087406024,0.0581422,0.03397426,0.06682749,-0.012493119,-0.095626816,-0.012876943,-0.08141017,0.06651768,-0.003480345,0.016513348,-0.04103391,-0.08967696,0.105162784,0.13122925,0.02397585,0.11713743,0.022252843,-0.01964669,-0.007819891,0.09473428,-0.09664729,0.13070875,-0.13649957,0.07932189,0.06005773,0.10541543,-0.11662505,-0.12861368,0.01826945,0.08118008,0.12930256,0.13463521,0.06807026,-0.052545495,0.12036383,-0.100575715,0.07984358,0.01692617,-0.05703505,0.025811508,-0.11995809,0.03649032,0.07044229
-0.03717339,-0.099343784,0.0488728,-0.06935031,0.07287721,0.06553687,0.06977099,0.07722534,0.13004383,-0.030498289,0.13312304,0.0020947456,0.10266714,-0.022253536,-0.009686574,0.089162484,0.042409778,0.010083288,0.008412719,-0.12051968,0.084902495,0.106415644,-0.002600029,-0.030552879,-0.13131621,-0.03697633,0.077666506,0.12782946,0.05860719,-0.11533785,-0.04909855,-0.10886725,0.050967902,0.03843689,-0.08300004,-0.06515601,-0.12175377,0.03484629,-0.11530517,-0.07606955,0.09345828,-0.091749385,-0.089938864,-0.07522932,-0.0513298,-0.074374266,0.033459947,-0.093644634,0.07980238,-0.13684912,0.10811615,0.033178687,-0.10177274,-0.011736885,-0.019517861,0.0431934,0.044610173,0.006804481,0.098964944,-0.118868016,0.0833237,-0.0359205,-0.005837798,0.029072508,0.023777187,-0.09157946,0.05405332,0.036581367,-0.076588735,-0.118172735,0.014387518,-0.07808457,0.084046334,0.11701688,-0.061126545,0.104179725,-0.0062182397,0.07564877,0.05203493,0.03418438,0.019180551,-0.09975898,-0.05779703,0.105080575,-0.0414463,-0.13359085,0.105707765,0.111473486,0.11101058,-0.04393111,-0.05195707,0.04139857,-0.09505129,0.111386046,-0.07436385,-0.046585754,0.12853807,0.019547805,-0.038334012,0.097894594,0.13198462,-0.058625117,-0.105795085,-0.022933245,-0.06411984,-0.005806789,0.0054127127,0.11339939,-0.04279481,0.1103095,-0.015694827,0.120473385,-0.0547359,0.023565084,-0.044325322,-0.11070651,0.052362084,0.06095101,0.106634706,0.1033425,0.047228575,0.07372619,0.058115885,0.08368929,-0.11757184,-0.102005646,0.12402177,-0.015576482,0.03137976,-0.06219028,0.11085482,0.02799134,-0.1156255,-0.028192319,0.015110284,0.016291961,-0.09470836,-0.119477466,0.122363985,0.1180259,-0.03564672,0.11582866,0.11843541,0.13284168,-0.0013680309,0.11656076,0.032124266,0.08265245,0.022157654,-0.10700524,0.06405297,0.12348375,0.087439165,-0.014659561,0.05677022,-0.113864854,0.0933353,0.024006441,-0.06622944,0.03526081
0.109729946,0.0038846731,-0.08487328,0.0629707,-0.035647146,-0.08410595,0.12924811,0.10905863,0.10710928,-0.04604186,0.050203964,-0.08905485,-0.03962934,-0.042000644,0.06569275,-0.03694868,0.09794484,0.018930092,0.09488988,-0.06604907,0.035441667,-0.11747278,-0.052099675,0.034614787,0.009442732,0.04540743,0.094136626,0.03742461,0.0468259,0.10782483,0.119871706,-0.12677808,0.019565433,-0.013254896,0.083483115,-0.12819788,-0.06824019,0.02831328,-0.035576016,0.013052583,0.04832068,-0.1301247,-0.11434565,-0.10076944,0.022043392,0.086536705,-0.0635429,0.08347668,-0.1057502,0.031395912,-0.12216616,-0.1316414,0.050586954,-0.0043491125,0.10660322,0.11046757,-0.005832836,0.01350069,0.1014003,-0.05648192,-0.044221804,0.026623532,0.07123168,-0.116802156,-0.028732128,0.037159845,0.048577085,0.07267447,0.064138606,0.09513469,-0.08185561,0.06909789,-0.05301453,0.061488345,-0.047717392,-0.07802878,-0.13139775,0.0365732,-0.03949134,0.10538615,0.05677581,-0.07551563,0.08527121,0.12806726,-0.033086725,-0.02011814,-0.0912731,0.022833735,-0.083318315,-0.12048831,0.0952853,0.1058756,-0.0759321,0.08994512,-0.10612812,0.10582346,-0.07659455,-0.015037738,0.04170996,-0.030618466,-0.11732385,0.056561157,0.043765143,-0.021958277,-0.13078688,0.113045454,0.11048585,-0.13567208,-0.09491123,0.13616344,0.015869424,-0.027623966,0.08809888,0.08957034,0.0043622702,-0.051520064,-0.0281993,0.00045385957,0.10571301,-0.060561135,-0.11019392,0.09382872,0.014225528,-0.12834205,-0.06946742,0.104233205,0.059978485,-0.10643226,0.11082326,-0.014708005,-0.08569471,0.036965653,-0.10275163,-0.012420543,0.10459368,0.113361925,0.06343575,0.07113433,-0.001043424,-0.030910917,-0.00045964122,-0.066807255,0.073786885,-0.026187345,-0.13538884,-0.11708534,-0.027204357,0.020324767,-0.09180642,-0.015092656,-0.0668988,-0.0870586,-0.13360877,0.036434233,0.08437829,0.026814982,0.13414162,0.106087506,0.07698561,-0.10977248
0.011257827,-0.034130476,-0.12662281,0.0011049956,0.040397584,0.05629143,-0.11875114,0.042856216,0.04435706,0.020922616,-0.10659347,-0.036798537,-0.0455771,0.011426717,-0.116750345,0.12920454,0.049615115,-0.086353295,-0.060693786,-0.08557333,-0.11125151,0.120758474,-0.12949729,0.09371939,0.0036159009,0.12574387,0.00922893,-0.05507514,0.11195989,0.13630635,0.04317613,-0.039960153,-0.06871491,0.087855965,-0.12911607,-0.09959203,-0.12911928,0.07652585,-0.041279837,-0.03316707,-0.08502509,-0.09114006,0.006281376,0.0033719242,0.08136101,0.09032984,-0.032425888,0.10409285,-0.09406222,0.06861681,0.022117957,0.0728443,0.10908155,0.023716077,0.085693896,-0.12790912,0.057170838,-0.08507641,0.045612484,0.09445825,0.042045668,0.047676742,-0.089198425,0.07879728,-0.05583512,-0.05300735,-0.037659727,0.060798943,0.08143297,-0.11916311,0.04111536,-0.12367349,-0.06499957,0.067367375,-0.10382306,-0.015541449,0.030294344,0.060003176,-0.11751497,-0.07173598,-0.117112756,0.017391711,0.0073337406,0.0069793016,0.05182992,-0.006428346,-0.056441925,0.05006291,0.019030616,-0.02558674,-0.02884525,-0.06944042,-0.10224201,-0.11269039,0.07614444,-0.120369405,-0.107574865,-0.125894,0.061192364,-0.020863466,0.025398597,0.11806035,0.039954856,0.0025274456,-0.107658565,-0.09569864,-0.04571657,0.038697436,-0.108775645,0.005393997,0.056861505,-0.110096306,-0.108575456,0.12903884,-0.1005334,-0.062901065,0.11906248,0.018589482,0.028357938,0.027580291,-0.0587798,-0.123107724,-0.060818657,0.11311495,-0.06711525,0.07830624,-0.075188145,-0.021438897,-0.12597977,0.049433246,-0.053170584,0.08783285,-0.08587091,0.12051511,-0.085628174,0.06858556,0.09927431,0.0043905377,0.10599218,0.11394662,-0.13106398,0.08185682,0.03583324,-0.07350243,-0.019768327,-0.016998671,0.043012172,-0.020533442,-0.093796276,-0.035474673,0.114262015,0.09790219,-0.060161702,-0.050141156,-0.05861859,-0.014579803,0.028934836,0.10179703,0.1210832,0.11412856
-0.08615245,-0.053962857,0.016210288,0.11680934,-0.03195969,-0.1155209,0.12337217,-0.115206935,-0.09136291,0.0941309,0.08299887,-0.07678217,-0.11922599,-0.011529356,0.048512638,-0.0070147216,0.044589892,-0.007572487,0.09786375,-0.10278705,-0.1255894,0.11839405,0.0095757395,-0.088103265,-0.03236092,-0.10080454,-0.025170334,-0.026565395,0.05602382,-0.03255357,-0.0007433742,-0.13113306,0.027185813,0.09592135,-0.053902723,-0.118751004,0.120070815,-0.04441347,0.11300765,0.0384302,0.13579082,0.084555656,0.13518429,-0.089423366,-0.09455691,0.030780911,-0.014772549,0.11962223,-0.009578735,0.13115922,0.12809345,0.116309196,0.13606328,0.13454595,-0.095174104,-0.10247429,0.095819786,-0.114499345,0.034678653,-0.13665181,-0.13531932,0.03618811,0.123416305,0.073323846,-0.004823178,0.055586845,-0.09902757,-0.045006894,0.10962169,-0.0717314,-0.08011165,0.086068615,0.08404803,-0.13239107,0.03367515,0.106983915,-0.045792572,-0.023839809,-0.10571321,-0.004334718,-0.019611426,-0.010648534,-0.023662962,0.04553561,-0.017156914,-0.0068467557,-0.0044754148,-0.13139975,0.060382947,0.09495449,-0.035405956,0.057058558,0.025613248,0.024522096,0.051869094,-0.13060758,-0.021861285,-0.06273839,0.0036451519,-0.114007756,-0.07012779,-0.094774276,0.005577475,0.12466881,0.13258359,-0.08928739,-0.02635172,-0.08985564,0.005714461,0.12869689,0.095869735,0.101349935,-0.010528371,0.021278083,0.0068612546,-0.05472634,-0.016278252,-0.12466772,-0.046995603,0.09625514,0.13038489,-0.07634277,-0.012029536,-0.12626415,-0.023100749,0.039063215,0.09823008,-0.1149646,-0.031276457,-0.0036382228,-0.037939638,-0.1149168,0.025969625,0.02705729,0.056370303,-0.09275873,0.0051986426,-0.07707983,-0.059895895,-0.08017863,-0.11859489,-0.08614063,-0.0630184,-0.11754282,0.11870116,-0.039097756,0.12829277,-0.037643142,-0.12537678,-0.0629311,-0.10784707,0.060847804,-0.008401364,-0.05277484,-0.11403093,-0.018588834,-0.11450735,-0.09977544,0.019612998,0.0640869
0.08977386,-0.0138371885,0.077386096,0.09507914,0.023852706,0.06128858,0.11240855,0.053145215,0.06316528,-0.057388783,0.087699085,0.0999756,-0.065460674,0.052475214,-0.07007203,-0.036276937,-0.087322935,-0.056945175,0.09580383,-0.043969445,-0.13411535,0.103089705,-0.10404101,0.029360771,0.115728825,0.048168734,0.049736246,-0.1038861,-0.062294066,-0.07717997,-0.060778372,0.07178825,-0.010997638,-0.08631663,0.09296505,0.013842672,0.04108885,-0.024452396,-0.11642407,-0.104317784,0.113966376,0.032078817,-0.041688047,-0.12267078,-0.1353585,0.12920332,0.12041417,-0.00028206408,-0.12804411,0.0019562691,0.04861006,0.08164318,-0.044602104,-0.103439555,0.10951801,-0.12160457,0.10670939,0.12285435,0.03749284,-0.0038763583,-0.058329105,0.11290805,-0.017028153,-0.1253057,0.07836145,0.12943375,0.024022833,-0.11775414,-0.063558474,0.024752319,0.119937986,0.029394299,-0.09633068,-0.11217979,-0.03201232,0.04986216,-0.023057394,0.05709888,-0.071937636,0.04049954,-0.13635679,0.04531847,-0.02277027,-0.13633935,0.103204265,0.019897506,0.09162852,0.005606666,0.027363643,0.0050304234,-0.047887288,0.083558336,0.11508125,0.12639377,-0.09253931,-0.13635936,0.08634399,-0.08973635,-0.06588234,0.06617473,0.10900165,0.05913183,-0.105794534,0.069698125,0.08674289,0.070681125,0.049453348,0.077068895,-0.09291239,-0.058878653,-0.018093027,0.00823231,0.08926581,-0.0016810149,-0.06778519,0.12534082,-0.11502519,-0.12302203,-0.121967435,-0.08934884,0.019256562,0.13230106,-0.055070795,-0.06928753,-0.02169808,-0.09260346,-0.07261255,-0.074666485,0.11503458,-0.07169487,0.07882568,0.10801396,0.02392456,0.08393031,-0.08801861,0.08824377,0.005157158,-0.050831243,-0.10400757,0.06204784,0.13176757,0.049825177,-0.07569715,-0.058246285,0.0076903105,-0.07800348,-0.05315789,0.108637676,0.047392726,-0.022997819,0.09796883,-0.09416649,0.067116395,0.11637762,0.10013002,0.07541387,-0.012138963,0.0272391,-0.019198805,-0.075745724
0.05147198,-0.0412291,0.040980265,0.13461065,-0.03963825,-0.013946846,-0.07334282,0.124513686,0.09663439,-0.08613681,-0.0697406,-0.049346566,0.029385522,0.0747544,-0.10511026,-0.13546245,0.09140879,0.03734733,0.12980908,0.0048764497,0.026173964,-0.020373568,-0.1100281,0.047690302,-0.09200066,-0.12861675,0.08879936,-0.13291699,-0.1312124,0.12285927,-0.12215777,0.046332225,-0.028671078,-0.01554703,0.03937678,-0.07545961,-0.10361454,-0.13560042,-0.031839877,0.035264105,0.026742801,-0.13350423,0.055869177,0.118237436,0.054362103,0.13302964,0.10600719,0.13065952,-0.13319927,0.10946113,-0.09301863,0.054611742,-0.021846592,-0.108981386,0.03319867,0.10762207,0.09277414,0.043184876,0.06995334,0.058412388,0.07590403,0.017564476,0.124607086,0.121438384,0.054735288,0.021673828,-0.13351798,-0.10197437,0.05879067,-0.09669936,0.12999606,-0.072235145,0.050430283,-0.033292368,0.005771011,0.04421942,0.07506782,-0.069141634,0.07017772,-0.08562043,0.11454463,-0.08041203,-0.096984535,-0.13080062,0.029948846,-0.047540314,0.12202734,-0.13154581,-0.041839696,0.10285416,-0.0938948,-0.06035305,-0.059446998,-0.06184282,0.13630113,0.0724145,0.045549646,-0.08714978,0.07550159,-0.122418486,0.04979983,-0.07965045,0.00021325052,0.029946193,-0.06614103,-0.13398114,0.05111952,0.12987784,-0.065934904,-0.07167098,0.10824859,-0.075978175,0.11855346,-0.10797204,0.06965014,0.00066533685,-0.07626102,-0.10119812,-0.003248319,0.07380876,0.04325804,0.030337825,-0.09967042,-0.10546653,0.03739254,0.030436397,0.04322,0.1054679,0.052076727,-0.08857605,-0.06617796,0.02009447,0.06382011,0.09719023,0.009370193,0.07903825,0.012333021,0.06481913,-0.009398982,-0.023751304,0.13029858,-0.13076128,-0.076295726,-0.020965748,0.11901671,0.12673897,0.10012668,-0.04497072,-0.1124327,0.017286643,-0.12122133,0.10185632,-0.109115794,0.11751175,-0.12761217,-0.043370374,0.08277123,-0.06834038,0.068919465,-0.09102821
0.0076666772,0.030972064,0.124795526,-0.06443305,0.038340777,-0.10770555,0.12753186,-0.08869834,0.06077017,0.023341626,-0.032421544,-0.002899006,-0.03168814,-0.0286021,-0.07421704,-0.08977037,0.08219056,-0.08728601,0.06662062,0.12721929,-0.028770357,0.013519242,-0.032868512,-0.08370619,0.056322828,-0.013609149,0.05084084,0.07750562,-0.13023955,0.030738443,-0.09146007,-0.03868314,-0.0028660893,-0.13365705,0.10060872,0.08167866,0.058648095,0.101206124,0.050556332,0.11823973,0.10752253,-0.05570049,0.08546206,0.020772219,0.09764892,-0.057776205,-0.075377665,-0.006055072,-0.004063517,0.098879024,-0.049004525,-0.09889159,-0.09204154,0.085736826,0.006320387,-0.1073036,-0.06779952,0.06592409,-0.0454882,0.11375636,-0.10312602,-0.08093957,0.09946637,-0.050460182,0.0673268,0.068118975,0.0049675405,0.08469099,-0.08197888,0.027108833,-0.022924133,-0.13402838,0.107866764,0.024233073,-0.06904732,0.10151124,0.02598758,-0.030393034,0.1309849,-0.026120812,-0.111087106,-0.11700091,-0.09280332,0.00060641766,-0.11115664,-0.04290101,-0.11330598,0.009579256,-0.031716928,0.057688713,-0.07148199,-0.076806456,-0.041287176,-0.10200509,0.13170686,-0.084881835,-0.094922036,-0.067090206,0.100351095,-0.13032472,-0.047429025,-0.116883576,0.045146972,0.020513818,-0.117380425,-0.062527716,-0.035149157,0.07493654,0.04858367,0.06000419,0.04563071,0.020397559,0.13394043,-0.11914946,0.1343897,-0.02972453,-0.02855783,0.03354378,0.13094139,-0.020008221,-0.12161116,0.107636824,-0.030626915,0.09252399,0.04137656,-0.08818279,-0.004430786,0.03279215,-0.053277865,0.075225145,0.03505069,0.0018627346,0.08285156,0.104834914,-0.024901286,-0.017519228,-0.05283635,-0.083853334,-0.0025762916,-0.09188941,-0.011730328,-0.030323759,0.047791407,0.13436836,0.064404875,-0.112959296,0.1363203,-0.12806292,-0.038285896,0.1368154,0.03368269,0.13460615,0.025427163,-0.13415132,-0.0976532,0.036074817,0.09274179,-0.0320244,-0.01058054,-0.0590078
0.013633892,-0.08166495,-0.016051032,-0.13318773,-0.0053946525,-0.04756833,-0.01847323,0.13534057,0.016476557,0.026687562,0.042720675,-0.050211057,0.01951529,0.069845885,0.03702624,0.12276253,-0.079425186,-0.12836549,0.10100995,0.11801231,0.124598175,-0.019846097,0.085987285,-0.0985613,0.03555338,0.101989806,0.0385471,0.020133391,-0.0003774315,0.03150691,-0.009717718,0.084274665,0.063069955,-0.10605088,-0.079450905,-0.053357944,0.0025394708,-0.07082089,-0.06798045,0.00975585,0.003603518,0.0003285259,0.08299802,0.071724325,0.017242417,0.13287485,-0.015445828,-0.12688322,-0.07522151,0.071026534,-0.020921938,-0.046232842,0.03139235,0.046316057,0.09414159,-0.1276818,-0.044117726,-0.07997176,-0.055810764,0.12613052,0.06228316,0.060871318,0.056033358,0.096121356,0.1342032,0.1011595,-0.057862066,-0.011045918,-0.032357037,0.01020585,0.087672815,-0.114426285,-0.08034818,0.11480448,0.047653303,-0.01171279,-0.08001727,0.12927368,0.11806044,-0.08041461,0.11805907,0.00025755167,-0.032589413,0.12554818,-0.023073494,-0.079888836,-0.07391088,-0.017206922,0.05746217,0.08617729,0.090972394,-0.07326812,-0.09270881,-0.04383993,-0.059923805,-0.052460194,0.13478452,-0.08682106,-0.027887039,-0.018072553,-0.031863905,-0.07211778,0.13170373,0.105459124,0.016600937,-0.11355791,-0.054880172,0.051230088,-0.11636746,0.11325809,0.09470281,0.1342968,0.0005647242,-0.033756606,0.1321319,-0.079575814,0.13557154,0.010609403,-0.12144616,0.13456887,0.08480917,0.057734773,0.07015596,-0.118287325,0.012242228,-0.07858877,-0.025326647,0.08818562,0.058678135,0.046378583,-0.061653987,0.042321265,-0.08281742,-0.01801768,0.0036316663,0.11847818,0.008611351,0.07912435,-0.11945859,-0.08020215,-0.042652927,-0.02466388,0.017907724,-0.0496398,-0.09469909,-0.044985473,-0.0146183595,0.019976318,-0.072481535,-0.0058039874,-0.022922732,-0.004442975,-0.03565845,0.08752926,-0.0103164315,-0.1084812,-0.07198817,-0.06068392,-0.08009389,-0.07958169
0.097019956,-0.13108249,-0.116066135,-0.039982907,0.0796604,-0.06128554,-0.11099759,-0.044520684,-0.04570759,-0.085982524,-0.12627636,0.018150195,0.13070843,0.12511605,0.03696713,-0.07283245,-0.017465942,-0.12361264,-0.048497714,-0.028754525,0.012716755,-0.08460176,0.110651046,0.037369862,-0.107862316,-0.0073251575,-0.13333382,-0.072510324,-0.02334012,-0.030820288,0.056827873,-0.01953239,0.103609055,0.1346485,0.055961236,0.06205666,-0.021295972,-0.00092869997,-0.070209704,-0.07975237,-0.040232264,0.067110345,0.124385625,0.027420774,-0.10239006,-0.075759925,0.11445537,-0.13652073,-0.02072896,-0.12401958,0.091107056,0.036602095,-0.11724263,0.06924552,0.063617006,-0.055241473,-0.00052173436,0.116758764,0.07917638,-0.01933083,0.050295934,-0.099224135,0.02800195,0.057249993,-0.08625532,-0.015961975,-0.0992939,0.10943514,-0.10621963,0.059339926,-0.087627105,-0.04488097,0.051897034,-0.041512832,-0.010125801,-0.12779443,-0.1332124,-0.046300717,-0.054837465,0.027473003,0.053651676,0.004460335,0.08770014,0.022515401,0.086676404,-0.05904956,-0.13112545,0.023997262,-0.015702106,0.02130948,-0.0017605722,0.054529667,0.018942297,-0.09999885,-0.05456333,-0.009614617,-0.051010966,-0.11063152,-0.10507085,-0.01852563,-0.11432103,0.04544106,0.0852451,0.06987344,0.11592695,0.092830196,-0.11332824,0.021129012,-0.10614506,0.030316412,-0.090967074,-0.07008875,-0.013484016,-0.0375883,-0.12620829,0.11015716,0.00096298754,-0.04390108,-0.0011433512,-0.09538086,0.06572482,-0.0019889772,-0.03541255,-0.036262117,-0.020943679,-0.10130191,0.12026158,-0.10145208,0.044334233,-0.020667225,-0.057775095,-0.07668099,-0.117531225,-0.017304212,-0.04057248,-0.04631456,-0.05283981,-0.11101812,0.07828584,0.043134138,-0.046922147,0.121658295,-0.10983249,-0.04675392,0.03950979,0.09203899,0.057830617,-0.003955096,-0.06717718,0.004780829,0.10223214,0.021822304,0.0018959045,-0.059542492,-0.10891054,-0.025783993,0.025552854,-0.030977122,-0.12777688,0.09118731
-0.09190822,-0.06111806,0.07533911,0.08378568,-0.016344525,0.022458464,0.057604775,0.13647434,0.07404041,-0.025789738,-0.037686497,-0.0550941,-0.042038515,-0.017397612,-0.034947105,0.13045368,0.014814213,0.13119242,0.0038119107,-0.0035957247,-0.09379918,-0.061468422,0.09808627,0.109979436,0.05935122,-0.062355503,0.052429214,0.10456979,0.12679362,0.06379928,0.1035327,-0.06886303,0.13519418,-0.00790222,0.09417632,0.052468836,-0.091648504,-0.07584422,0.0165679,-0.053908892,0.015158534,-0.08436307,0.06390707,0.080643624,0.06248191,0.09154743,0.045535147,0.101155385,0.088298395,-0.13441162,0.1068472,-0.09790559,0.07073727,-0.05731353,-0.08022434,0.071059376,-0.11104776,0.09645575,-0.087655574,-0.024464965,-0.058660343,0.09187962,0.045697927,0.097589344,0.029496029,-0.00022633374,0.039634466,-0.03362269,-0.044181578,0.085296184,0.12826556,0.11162786,0.07004106,0.008594364,-0.07641874,-0.09302741,0.12503293,-0.031268463,-0.12331252,-0.055191524,-0.12484078,0.063635945,-0.065661974,0.0014655441,0.016174048,-0.12201331,-0.1163594,-0.043602556,0.007513106,-0.01184459,0.012666479,0.042117715,0.06911196,0.10120687,-0.13018647,0.12916923,0.03765744,0.13592473,0.01995702,-0.029919334,0.1285646,-0.050428286,0.1289264,0.033061877,0.11017594,-0.12444608,-0.043510854,0.09176792,0.01856555,0.0408753,-0.108719945,-0.058784857,0.00012563169,-0.045157917,-0.023048878,0.11775485,-0.07544772,0.07743457,-0.13286263,0.084447205,-0.049421526,-0.09820304,0.10193744,0.1299693,-0.059425615,0.10477246,-0.021441251,0.056632906,0.0333149,-0.067244954,-0.0026005208,0.125209,0.12731296,0.1109637,-0.113360755,-0.018600523,0.12268332,0.1087922,-0.029180892,-0.02840788,0.0058581084,0.040646166,0.1066331,-0.08003682,-0.045913234,0.08271049,-0.05942993,-0.019945435,0.017559186,-0.08409381,-0.08034507,-0.06569413,0.10698722,0.08829169,0.06736496,-0.11978849,0.13262394,-0.015605144,-0.051828377,-0.04682362
0.12357974,0.020039588,0.11282949,-0.10127445,0.087444186,-0.10073349,0.050159663,0.069544956,0.04587017,0.031105906,0.12571913,0.12957674,0.07221556,0.10038774,-0.0011906922,0.082371,0.073156476,-0.11637275,0.11898258,0.068895146,0.0006509721,0.120241225,-0.09235646,0.031060174,-0.118075386,0.0057976097,0.0068207383,-0.023068659,0.09251119,-0.13078025,-0.06399833,0.003884837,-0.099527456,-0.12860538,-0.05066155,-0.0494717,0.06710519,-0.07205036,-0.10919953,-0.08941214,-0.03514746,-0.12847865,-0.08907947,-0.031191744,0.05361612,0.01959771,-0.10209885,0.12431997,-0.032412305,0.013062447,0.03392519,0.04005356,0.011032924,0.10086006,0.00019150972,-0.070568465,0.08387239,0.102694005,0.10104658,0.120523065,-0.09936905,0.012263641,-0.0070925206,-0.10653503,0.10580714,0.1308794,0.07769647,0.06721383,0.12181151,0.06794585,-0.007930756,-0.06497087,0.086732805,-0.10296236,-0.050456233,-0.08000969,-0.036868468,-0.015150435,-0.039488703,-0.12881419,0.062901884,-0.05626057,0.0017675906,-0.051175408,0.02301453,0.0101958215,-0.123988666,0.10702303,-0.01997812,0.13306922,-0.0025696903,-0.1187054,0.114136726,-0.014002442,0.08175427,-0.009328008,-0.07264999,-0.10788677,0.12893665,0.122125715,-0.030670539,0.088143945,-0.06487091,0.11980784,0.02550894,0.09127121,0.050275594,-0.109670006,-0.024010584,0.03070739,-0.07149524,-0.13611914,-0.017823003,-0.027253397,-0.017075881,-0.07640241,-0.09508504,0.12333506,0.0671331,0.043330416,0.121727586,0.032886997,0.011256918,-0.06404667,-0.02803538,-0.044363976,-0.11898845,0.12558103,0.10352166,0.020918608,0.08858539,0.08696291,-0.064454794,-0.125226,0.10320179,0.007185787,0.043096527,0.09455988,-0.104854174,-0.030590586,0.014797911,0.13635078,-0.068386644,0.114146054,-0.09799867,-0.13394298,-0.101252675,0.004129559,0.059442297,-0.13394125,-0.014422998,-0.082416385,-0.08147752,-0.11054918,0.09320758,0.081498355,0.07237072,-0.0013661087,-0.07743268,0.031995893
-0.0694174,0.058793902,-0.11378425,0.13080913,-0.0684175,0.12866905,0.06304853,-0.07608966,0.083836585,0.021512583,-0.04517904,-0.10319121,0.08568066,0.05678086,-0.06825178,-0.046974547,-0.006039858,-0.03178346,-0.009924501,0.06684023,0.026794419,0.05803679,0.0676534,-0.11684081,-0.112967074,-0.106854476,-0.06841113,0.044167146,0.050350785,0.084132195,-0.015019722,-0.070985235,-0.10006349,-0.0113860965,0.023655295,-0.12742947,0.075870365,-0.0883753,0.03366646,-0.03631089,-0.10831431,9.3728304e-05,-0.09946324,-0.08913644,0.06465292,0.00079521537,-0.067656726,-0.014200188,0.12497261,0.0658904,0.03800565,0.12310547,0.028812304,0.0010164231,-0.11942405,-0.07449728,-0.04015463,-0.09064919,0.022745848,-0.105560064,0.005403772,-0.049914755,0.13085401,0.0023994446,0.037933663,-0.017268822,-0.0039485395,-0.093862616,0.06724003,-0.033467025,-0.014312066,0.07683952,0.057973415,0.10057157,-0.026225083,0.04738994,-0.10815415,-2.4974346e-05,-0.0852102,0.09419598,-0.11806069,0.067719534,-0.027866371,0.093971595,0.041359335,0.06419039,-0.124515586,-0.05428476,-0.07847356,0.035615608,-0.006270632,-0.088266954,-0.0928677,-0.08348681,-0.04478672,-0.044056185,-0.017724343,-0.087988675,-0.13460854,-0.12380513,0.0061198473,0.12842163,-0.09388282,-0.13200203,-0.06482103,-0.106321424,0.1118892,-0.071226,0.09973277,-0.02097907,-0.083061025,-0.051743858,-0.04815042,-0.013891578,-0.092416584,0.07298857,-0.10722633,-0.06462106,-0.07754874,-0.10358193,0.009893194,-0.032602996,-0.03528934,-0.0067107826,0.060336456,-0.11608896,0.036197737,-0.066591725,-0.07839553,-0.12429662,-0.05918759,-0.0672426,0.09121394,-0.13281748,0.12850863,-0.055272482,0.086521745,0.03043668,-0.044502757,-0.06248273,-0.13268206,0.056166425,-0.13564442,-0.0657148,-0.051791944,-0.08890419,-0.13503292,0.12449169,-0.10510627,0.05884859,0.11364046,0.031318545,0.123856395,-0.01766333,0.05626975,0.051865593,-0.11272636,-0.055680342,-0.10356067,-0.12980805
-0.013457209,0.09679204,0.027805641,-0.01042752,0.04119475,0.12169975,-0.034609504,0.015511766,-0.06797507,-0.018090054,0.052662864,-0.10082654,0.08218707,-0.08574316,0.08100124,0.08823943,-0.009028181,-0.026806228,0.094246045,-0.067365095,-0.09671879,0.05005321,0.07050337,0.008939549,0.099445716,0.07651828,0.07555039,0.06968726,0.06549926,-0.12040538,0.050016806,0.066853195,0.004468471,0.03163299,-0.07641636,-0.078401506,0.1281656,0.08422208,-0.10773587,0.037306488,-0.13375224,-0.122625105,-0.05079811,0.12003636,-0.09685962,0.050810292,-0.019125447,0.13352895,0.043272406,0.1156463,-0.044010088,-0.047454685,0.089277074,-0.09978083,-0.12223384,-0.004811421,-0.007636845,-0.053674847,-0.02765841,-0.11383867,0.10069193,0.097734034,0.041973248,-0.049530044,-0.050555803,-0.067792505,0.051635176,-0.1305682,0.1287215,0.12944847,0.07052429,-0.121772826,-0.13052073,0.10345395,-0.009756178,-0.089084685,-0.084619224,0.004210815,0.021651,-0.10912748,-0.05598882,0.04812306,0.07777652,0.04336551,0.07535304,0.08890754,-0.12844375,0.041628495,-0.060820945,0.0261738,-0.08469017,-0.13168682,-0.1262569,-0.0972002,0.038212076,-0.07105761,0.06291419,-0.1098586,-0.13619664,-0.07460867,-0.026533365,-0.12515426,-0.04562539,0.011972636,-0.003559649,0.013520807,-0.08357195,0.0043370575,-0.02117782,0.042437226,-0.06919978,0.06735098,0.08187552,0.066426665,0.11251514,-0.082691625,-0.12146213,-0.042577542,0.120215446,0.118178606,-0.06243343,0.092995286,0.08744824,-0.10259502,0.10536872,0.024958283,-0.054152273,0.039817065,-0.13157013,0.12481648,0.048739463,0.062883735,-0.03558927,-0.12572819,-0.055581912,0.008623749,-0.0466566,-0.089692414,0.10624862,-0.014034599,0.12820262,0.12591279,0.04105173,-0.016289383,-0.010245159,-0.02186481,-0.095367074,-0.0657687,-0.031466365,-0.09896675,0.05814123,0.01346837,0.049469218,-0.128757,0.085200965,0.004264757,-0.023857735,-0.0003697574,0.097715884,0.079808846
0.110204205,-0.06642245,0.08549641,-0.026933715,0.13274363,0.03315264,-0.12432085,-0.03651324,-0.08382558,0.122804075,0.059449017,-0.0723105,0.066211745,-0.12605381,-0.060459316,0.020105183,-0.0007480681,-0.009061128,-0.12431784,0.02093944,0.0050010383,0.05092001,0.07254915,-0.037357546,0.099730164,-0.07874087,0.051114485,0.12795976,0.09974179,0.014040932,0.13005647,0.12821949,-0.10631326,0.13092306,-0.10921164,0.068987906,0.07156628,-0.04221435,0.021413013,-0.024765901,0.12464091,0.07682946,-0.107085586,0.06165503,-0.070604965,0.040733516,0.012295634,0.081333295,-0.038120307,-0.0906804,0.10699408,0.11085051,0.031222463,0.095148444,0.01971355,0.10299416,0.018827617,-0.017479822,-0.03796184,-0.05814857,0.051849604,-0.047849417,-0.008850098,-0.038106404,-0.11890167,-0.088859,0.13535461,-0.13415563,0.08013731,0.108407974,-0.12980756,-0.09705639,-0.025198214,-0.08320311,-0.03129726,-0.0385013,0.014254734,0.09616545,0.11541399,0.06884667,0.05926189,0.11328575,0.031036958,0.021117628,-0.07137621,0.106841445,0.053621203,0.026851937,-0.030054688,0.11720744,0.12122926,0.13168171,-0.030805565,-0.04033275,-0.10800022,-0.07564348,-0.03463614,0.05094254,0.08650102,-0.04851757,0.08177899,0.056763664,-0.1286621,-0.11622669,0.012935162,0.12526006,0.07506056,0.12438062,0.07736984,-0.102238804,0.1260066,0.011777535,0.085872576,0.058488622,0.08794309,-0.06224855,0.124026954,-0.044557087,-0.019809335,0.07841872,-0.12261048,0.019431353,0.016632602,-0.032440774,0.12335554,0.060484424,0.06402154,-0.08789112,-0.046938933,0.024513438,0.11894205,-0.06787716,0.0891681,-0.04761181,0.014348835,0.13646916,-0.13537692,0.029537663,0.121561825,0.085365176,-0.019476794,-0.010973081,-0.05320248,-0.07822408,0.09671432,-0.08247335,0.09464261,0.060036406,-0.02542197,-0.08891633,0.08372539,-0.076746866,-0.10426268,-0.049404874,0.04382874,-0.13423356,-0.12405608,0.12204507,-0.05258715,0.086115
-0.04194609,-0.101340696,-0.09833849,0.08620331,0.0155810565,-0.09845873,-0.104853064,-0.054382533,0.119173944,-0.10741669,0.11076471,0.0033370256,-0.06774027,-0.044510268,-0.07859021,-0.007411778,0.093606174,0.10026537,0.11575082,-0.07388655,0.109251335,-0.11807225,0.03310837,-0.047029592,-0.05725,0.12974733,-0.0010133237,0.038702995,-0.0035029054,-0.06798088,-0.10243929,0.06403342,-0.108217254,-0.13069801,-0.0037934333,0.05487618,0.030221224,-0.073039986,0.07582845,-0.07383579,-0.06013053,0.061471134,-0.11775251,0.13263282,-0.06643818,0.083784804,-0.04927726,0.08548668,-0.053859763,0.06354682,0.009315014,0.0018841475,0.058865502,-0.11101149,0.016000718,0.024912164,-0.07153442,-0.101716325,0.02027671,0.10594654,0.039898217,-0.07082745,0.002134189,0.03781092,-0.058946103,0.01425308,-0.02879674,0.07135254,0.12603003,0.091153026,-0.103265285,-0.043928042,-0.09203021,-0.095717415,-0.0066390485,0.117694706,0.010769561,-0.098907754,-0.088524505,-0.12028136,0.053393036,0.080357015,0.09366599,0.043079063,0.09422861,-0.097851075,0.09071632,0.10441831,0.07240002,0.045177534,0.10423127,0.051105157,0.04881756,-0.023752771,0.007520154,0.027484924,-0.010679066,0.13285783,-0.016184427,-0.08359431,0.108107924,-0.06469752,0.04818134,-0.10056253,-0.043083504,-0.005236715,0.020710707,-0.08974239,-0.008531883,-0.11916758,-0.04781781,0.091153905,0.00889191,0.031885877,-0.06672149,0.11262992,-0.07703266,0.028353065,0.05504924,-0.092822224,-0.05110228,-0.02492822,-0.033975177,-0.055868976,-0.10433744,-0.0079996735,0.012995809,-4.0769577e-05,0.026044488,0.04575923,-0.016027562,0.011911541,0.11739582,0.0037444532,0.10255203,-0.12859431,-0.090470836,-0.09195189,-0.10735404,-0.11055343,0.020224988,0.037819996,-0.071974695,-0.10427541,-0.078828074,-0.10350495,-0.028619044,-0.12720379,0.08560124,0.037830994,-0.019908942,-0.10825007,-0.0065805167,0.0646254,0.08541699,0.009047091,0.039915517,-0.09509353,0.1134502,0.091306895
0.101299986,0.02966769,0.10986748,0.076878205,-0.124415554,-0.12865461,0.049621493,0.03640172,0.07285328,-0.042707972,0.078197,-0.09688169,-0.03480473,0.0014953613,0.046085745,-0.008732557,-0.11184931,0.0051383823,-0.08444756,0.019869372,0.036476612,-0.025505908,0.10077466,0.13603833,0.04673241,-0.13034514,0.03823337,-0.026354559,-0.04847271,-0.05916588,-0.07705209,-0.053549416,0.12103388,0.036214024,-0.005975902,0.009344071,-0.08364305,-0.09498557,-0.009538516,0.012322798,0.10999517,-0.04486628,-0.05342967,-0.067642756,-0.10048802,0.0019742548,0.036890596,0.04041493,0.109408855,-0.08346552,0.10803929,-0.10846801,-0.10786725,0.013966009,-0.07821621,0.05351311,0.021724075,0.024676815,0.098936155,-0.045512818,0.060414746,-0.07003155,0.040225282,0.010706753,0.08184698,0.07288635,-0.07124615,0.06174083,0.107232556,0.008923411,0.12545356,-0.045978203,0.0516278,0.022282854,0.02776663,-0.12813614,0.021919489,0.064944595,0.11165549,-0.015381642,0.029849038,0.007943302,-0.058854885,0.105306104,-0.073772125,-0.073675424,-0.008559927,0.06342296,-0.09915185,0.031645596,0.031246126,0.045267582,-0.0032228976,-0.089943305,-0.10564958,-0.020519502,0.014584377,-0.045870528,-0.1127659,7.6562166e-05,-0.08110715,0.10772109,-0.055726603,0.04746464,-0.13013096,-0.065236524,0.07951346,-0.02214551,-0.04303042,-0.043871075,-0.067247435,-0.13222954,0.0052039325,-0.011045426,-0.1128799,-0.084525034,-0.09986973,-0.086357206,-0.034250878,-0.05281751,0.06559743,0.08530873,0.003955722,0.08626799,0.00911662,-0.09481087,0.08621739,-0.1157967,0.07332826,-0.13109428,0.1187509,0.128874,-0.08504102,0.08801851,-0.06229824,0.013591036,0.073894784,0.13519311,-0.03890948,-0.048872307,-0.05022937,0.039353475,0.031055868,0.012017265,0.024587259,0.09046368,0.12937608,0.051027387,0.01399833,0.07912783,0.014947832,0.058205143,0.04502912,0.09262131,-0.03866587,-0.086682335,-0.12328235,-0.11407451,0.042275295,-0.057376705
-0.10792523,-0.122531936,-0.057545483,-0.112990186,-0.13544182,0.11458632,0.061526403,0.12029204,-0.090810075,-0.12362465,-0.012088202,0.07324162,0.0895863,0.04698226,-0.0003823936,0.014755219,-0.12647799,-0.07200277,0.011254892,0.05665198,-0.07436829,0.09395416,0.019945666,-0.015068889,-0.065691225,-0.065409645,0.10756135,0.043357998,-0.037569493,0.027735457,0.008791715,-0.024830706,-0.031151354,0.0053291023,0.06700891,-0.022262156,0.08076736,-0.061866425,0.080758154,0.056080267,-0.0743126,0.021318823,-0.09342475,0.12015185,0.031411782,0.09521781,-0.09336789,-0.11951024,0.046173617,-0.08962931,-0.024133205,-0.117577225,0.02226232,0.0957603,-0.026382081,-0.05546432,-0.102272235,-0.11567176,-0.04081537,-0.13064058,-0.10162361,0.022403121,-0.03972882,-0.121754676,-0.11483072,0.036390185,-0.046545208,0.025503427,-0.011232823,0.00568299,0.078938946,-0.078490764,0.10916838,-0.08036332,0.02154383,0.037125558,0.029493123,0.02141726,0.10133067,-0.017259844,0.13450101,0.097826496,-0.06941172,0.031298235,-0.0003182739,0.020625174,-0.11341254,-0.06653828,-0.08019127,-0.11856616,-0.05008076,0.02456601,0.027670547,0.075554445,0.0032791793,-0.13289501,-0.099259585,-0.039043427,0.06353833,-0.058988377,0.11880851,0.024635345,-0.014417224,-0.06297155,0.10553767,0.030984819,0.086609304,-0.04929652,0.113407016,0.073599264,-0.058080763,-0.044960566,0.007573575,0.13060132,-0.03826546,0.056000113,-0.016344756,0.13484567,-0.06049712,-0.09611322,-0.018107034,0.07102023,0.025938079,-0.012539186,-0.0015801042,0.027602717,-0.083194196,-0.008550912,0.0011155754,0.07634714,-0.09118877,0.08989224,-0.06732713,-0.027685113,0.050564066,-0.094497204,-0.13365735,0.01857169,-0.13074669,-0.0019636452,0.12259066,-0.10932346,-0.005613357,-0.005948961,-0.1257674,-0.026384763,0.13417101,-0.09076348,-0.086245,-0.08413938,0.06483647,0.030186877,0.07753901,-0.025965936,-0.0104408115,-0.028823443,-0.014376119,0.11801842,-0.08342745,-0.069635615
0.053236306,0.07529226,0.012986571,-0.0045195967,-0.0006123185,0.06930408,0.08571662,0.08564077,-0.08219321,-0.027815796,0.0062127262,0.058156863,-0.12608191,-0.12301014,0.038238496,-0.07970937,0.02845627,0.08920339,-0.0028371066,0.07853308,0.08189067,-0.10523826,0.12033653,-0.046026908,0.12917447,-0.09120885,-0.042843945,0.06166911,0.044573665,0.043874994,-0.04441958,0.06945622,-0.009019434,0.027487606,-0.015361398,0.07804559,0.03730333,-0.08536403,-0.10779751,0.11173831,-0.022657372,-0.097530745,-0.10574331,-0.015119322,-0.06508602,-0.054695517,0.12033251,0.03379135,0.04635547,-0.088892624,0.123392254,-0.12501362,-0.1115139,0.06385155,0.07582167,-0.042174034,0.060653105,0.080726355,0.11593884,0.12982088,-0.10237765,-0.12037486,0.047238916,-0.106790975,0.04467328,0.09384358,-0.0060448498,0.054766715,0.1229637,-0.03404233,-0.11858134,-0.11626848,-0.029633865,-0.04051838,-0.09631485,-0.09951159,-0.10712874,0.096993014,0.019590303,-0.00887236,-0.02581586,-0.035783544,-0.018193059,0.10990229,-0.05665286,-0.017860904,0.027059212,-0.0740603,0.036591455,0.023950517,-0.013475329,0.07890929,-0.03452067,0.021662727,-0.09542464,0.12550467,0.11389485,-0.113948435,0.10793865,0.10525347,0.07480641,-0.07823615,0.049811006,0.11124168,0.13469106,-0.080528095,-0.074762985,-0.041952096,-0.0024762005,0.017617062,0.07265906,-0.07139691,-0.06912339,-0.025557585,-0.022508703,-0.055481263,0.06346622,0.06929524,0.054324165,0.046737894,0.124961704,0.097876996,0.055478916,-0.047073208,0.12663707,0.004241571,0.06240885,-0.05364243,-0.10172808,0.07779287,-0.08785942,0.049580485,0.04526131,-0.056637935,-0.07156445,-0.13000299,0.0829795,-0.12868337,-0.08329448,0.007884502,-0.057499714,0.016957998,-0.12420858,-0.010299608,-0.03670921,-0.030523852,0.04352583,-0.07936008,0.080356896,-0.020275109,-0.09464398,0.040337875,-0.05043988,-0.118883066,0.10054965,0.05580835,-0.04015793,-0.06748158,0.009462774,0.111500055
0.043238506,-0.09945459,0.08900379,0.12870741,0.10543783,-0.004411921,0.055798456,0.035251305,-0.041611627,0.013581917,0.113500506,0.045930862,0.10416725,-0.028448232,0.102283075,-0.093360275,-0.07427156,0.0703304,0.038315117,0.020703569,0.10586606,-0.11108413,0.026624262,-0.063717075,-0.10038914,-0.036676012,-0.043424174,-0.09034377,0.06793958,-0.06748654,0.049961403,0.07221539,0.041753143,-0.07981936,0.13288453,0.014096171,-0.07102026,0.07076843,0.115409255,0.108159006,-0.085281596,-0.043045014,0.129653,-0.11090464,0.12857896,-0.053960413,0.13495818,-0.108765036,-0.041453905,0.08430295,0.026230529,-0.114830844,-0.06904278,0.0584691,0.027712598,0.074178815,-0.020096399,0.1349445,-0.103521496,-0.03190001,-0.109437265,-0.06155406,-0.061647654,0.05115582,-0.09798701,0.06359148,-0.042809665,0.07678656,-0.08723551,-0.08049084,0.049991503,-0.018671297,0.09830186,-0.10507144,0.01451996,-0.00585939,-0.04128591,-0.04221543,0.05859609,-0.11919546,-0.11242631,0.12803856,0.077322796,0.0334284,0.13172129,0.06417057,0.046110198,-0.012398243,0.082035094,0.04089637,0.03741491,0.090516016,-0.1365434,0.080540195,-0.13137706,0.024807557,-0.025784649,-0.03931678,-0.08767614,-0.08092615,-0.024728455,-0.022382393,-0.043316208,0.036785766,0.11551207,-0.0019205809,-0.043358915,-0.05819738,0.07918197,0.122056246,0.10552569,0.10633294,-0.06523786,-0.07126234,-0.030098729,0.0006868541,-0.07669999,0.091625914,0.110685155,-0.025423504,-0.082878664,-0.12088291,0.04206091,-0.03551121,0.009266436,-0.088682875,0.029852405,0.081688136,0.07930589,0.12083945,-0.0073147416,0.071907505,-0.13488407,-0.026008993,0.0010467917,-0.11320957,0.07819913,0.071062416,-0.12067446,-0.11911982,0.04625763,-0.10652964,-0.123109,0.09231225,0.08310354,0.05853191,0.09798369,0.08572896,0.037990212,-0.09959677,-0.12973963,0.10546373,0.011832967,-0.080866605,0.08591513,0.032224268,0.07626778,-0.04101778,0.111804456,0.082736775
0.13379598,0.07121545,0.13688144,0.082065135,-0.1246276,0.022197872,-0.050818548,0.09419283,-0.072456166,-0.09535895,-0.105268136,-0.054808773,0.041094467,-0.1115389,-0.0142504275,-0.03257492,-0.06706399,-0.014764257,-0.037152268,0.009569138,-0.12913935,0.051971465,0.0008278936,-0.029312655,-0.13239937,0.11892155,-0.104875885,-0.12182464,0.06712374,-0.047996327,-0.13097198,0.03587793,-0.05644124,-0.043961152,0.020955011,0.08817679,-0.07078909,0.048756048,-0.07387908,-0.028130583,-0.07814366,-0.083338395,0.019950852,0.07657394,0.13274324,-0.013994738,-0.08784548,0.06489155,-0.11183044,-0.035370693,-0.050495535,0.04365769,0.13330233,-0.0018627942,-0.10165283,0.047467485,-0.051982664,-0.09108506,-0.0601205,-0.03391713,0.009981692,0.09472808,-0.11911707,-0.086535394,-0.071502745,0.050786197,0.056036785,-0.08864017,-0.06931734,0.051488593,0.0362235,0.06623548,-0.10050699,-0.109402396,0.047682494,0.03520739,0.13304603,-0.12425425,-0.091425434,-0.048477083,-0.10760434,0.024877295,0.060879275,0.10335323,0.08196469,0.044698417,0.09243314,0.06363699,-0.119413964,0.09520988,-0.11108205,0.06234826,0.05281134,-0.033410713,-0.101089574,0.12504137,-0.022133917,-0.018757254,-0.10249257,-0.08060556,-0.10458657,0.13057294,0.12929308,0.05847931,-0.120941676,-0.094947435,0.08746724,0.085141346,0.12785801,-0.05633501,0.11787227,-0.098238826,-0.032456055,0.12431607,0.06892708,-0.03238008,0.062458172,-0.10259681,0.03246656,0.02372691,-0.12656169,0.013734117,0.09090696,-0.1331979,0.11350903,0.053014696,0.0896675,-0.101540625,-0.121302225,-0.08349614,-0.0060849786,-0.002942428,-0.062581584,0.100912824,0.048832476,0.050205275,0.086762786,-0.00447993,-0.021022424,-0.0944229,-0.007584378,-0.13104567,4.5865774e-05,0.047033444,-0.089218214,-0.10973987,0.03257075,-0.048202,0.13434422,0.013815254,0.053920522,0.021997362,-0.019923173,0.060993314,-0.06815851,-0.11342047,0.06212385,-0.029438347,0.068529695,0.031226113
0.08706957,-0.0057020932,-0.0016707629,-0.11524922,0.11863977,0.08422384,-0.019460142,0.061405644,-0.11938432,0.09342535,-0.01712387,0.045013025,-0.040613413,-0.015639096,0.022905976,-0.1056993,0.10786627,0.110253796,-0.013396554,-0.08986759,0.1112268,-0.0021131337,-0.0010013133,-0.01816462,0.11302574,0.09796922,-0.03628216,-0.09684226,0.065124184,-0.112259716,0.033594638,0.019182876,0.0029740334,0.049759418,-0.016419552,0.10289024,-0.032599047,0.010944784,-0.10033804,-0.064649075,-0.049257085,-0.08436637,-0.026440062,0.030360654,-0.07763503,0.015376717,-0.06611828,0.10231732,0.11784086,-0.07438651,-0.018180907,-0.03184569,-0.09458175,-0.123847924,-0.1336184,0.00016097724,0.052091703,-0.123329856,-0.04674589,-0.013595238,0.12167576,0.10239819,-0.056745544,0.100338235,0.113811046,-0.04520075,0.11910513,0.061177418,0.07230745,-0.12527987,0.00212501,0.017879456,-0.12571585,0.042827785,-0.12843558,-0.012493312,-0.04477732,0.077003345,0.09871246,0.034561083,-0.028613523,-0.08775169,0.072653025,0.02803035,0.08182946,-0.03786011,0.0794401,-0.08425763,0.12470347,-0.0044761747,0.13339862,-0.08050458,0.08734582,-0.043701544,0.0654041,-0.030673444,0.078576535,-0.042780377,0.0015588552,0.055581287,-0.046472475,0.021478623,-0.13692154,0.09978384,0.027701959,-0.095530316,0.06553528,0.07391672,0.0062741637,-0.13552654,-0.053419486,0.13038585,-0.038111366,0.1251789,0.10216257,0.011623174,-0.036434524,0.047585532,0.027743712,-0.06961126,-0.07739726,0.027621523,-0.011424035,-0.01992996,-0.09398171,-0.028340437,0.13501868,-0.13633862,-0.12115394,0.009148642,-0.09043561,0.08837916,0.043038845,0.10869634,-0.089702696,-0.10442135,0.0069373846,0.07989599,0.08663033,-0.08421003,-0.13633187,0.13587907,0.08937204,0.038861424,0.07557508,0.090280995,-0.015941016,0.1216149,-0.09739033,0.042015,-0.040812753,0.043100312,0.105868995,0.07938692,-0.07450515,-0.035274945,-0.13392854,0.10267186,-0.09556171,0.031226873
0.06867564,0.07410516,0.06713849,-0.11651555,0.09757665,-0.08685602,0.0918787,-0.07602805,-0.022474028,-0.010393575,0.07695849,0.04433702,0.038648173,-0.11578756,-0.10100854,-0.12615843,0.0044834465,0.01048018,0.1346482,0.056420013,0.03337522,0.0026361346,0.09457545,0.07333717,-0.09354995,0.07532981,0.10646963,-0.016408056,-0.079271644,0.12028399,0.033992767,0.10513513,-0.05182691,0.017267644,0.07639223,0.048336506,-0.1301957,0.005259007,-0.10183986,0.028754592,-0.017413482,-0.021412715,0.0746226,0.053128183,0.071704805,-0.07520072,0.06879003,0.13623047,0.13371709,-0.024606392,-0.0830321,0.052128494,0.011989504,0.06001793,0.078777924,0.044592246,0.033130825,0.11329752,-0.05214668,-0.070771135,0.11429617,0.07134928,0.11859429,0.12064448,0.09011653,0.003614366,0.1341236,0.07594232,-0.12495831,-0.09074958,-0.02088844,-0.12333948,-0.0095683485,0.009112895,-0.08205302,0.0045802146,-0.12608013,-0.10289547,-0.015310213,0.09603301,-0.047809914,0.0021236688,-0.032278165,0.028400958,0.0061565936,0.13394591,0.05220823,0.08246626,-0.06239021,0.13269308,-0.12933892,-0.018569112,-0.07334533,-0.08071225,-0.07524842,-0.006050557,0.008582786,-0.08193983,-0.023447394,0.00041161478,-0.074415006,0.006910518,-0.10078808,0.026028648,0.052207932,0.030953556,0.0054541677,-0.10694961,-0.07424626,-0.041204646,0.03889358,-0.10929322,-0.116012104,-0.044448696,-0.12937365,-0.05689121,0.059633017,-0.07098817,0.02756086,0.04574804,0.10370742,0.014050603,-0.038295098,-0.0097127855,-0.0063667744,-0.07512517,-0.09457928,0.09918061,-0.0050724,-0.10344912,0.11066759,-0.023583464,-0.084390506,-0.12943248,-0.07617101,0.103826255,-0.029124938,-0.024238914,0.08061807,0.11902964,0.042321697,0.042930156,-0.008911729,-0.115759775,-0.1143461,0.017019466,0.058441967,-0.11981327,0.101245,-0.06756049,-0.034311503,-0.09582625,-0.061289847,0.06700696,0.08685981,0.06323795,0.014489204,0.113566756,0.049028233,-0.029732496
0.09276101,0.12499747,-0.008051559,-0.052239567,0.06547119,-0.085809425,-0.005980924,-0.08610475,0.08276057,0.07247105,0.08613789,-0.041807212,0.0049674064,-0.08847419,-0.06809599,0.092249274,0.029746994,-0.09205483,-0.06981941,-0.02871728,0.1320025,0.036888093,-0.09778095,0.1145885,-0.026009746,-0.0124687925,-0.024439797,-0.009036109,-0.12438533,-0.016430289,-0.07851447,0.018156126,-0.09581995,0.11727217,-0.025411233,0.030279815,0.024779126,-0.07808536,-0.123979785,-0.07542735,0.12730193,-0.09533283,0.12532353,0.053245574,-0.05469826,0.059405535,-0.12557967,-0.09182738,0.03466341,-0.122045465,0.011357561,0.12975061,-0.030179001,-0.07310623,-0.060978465,-0.040583245,-0.061470807,-0.051083803,0.038694993,-0.0919932,-0.037816174,0.08733511,0.06768039,-0.1053823,-0.04096225,-0.11417706,0.032205656,0.09269579,-0.09539597,-0.06606098,-0.0010851771,-0.048828818,0.09253758,0.06593862,-0.05164347,0.03413564,-0.027977988,0.057409808,0.05726835,0.13156042,0.034524232,0.13673759,-0.07321044,0.08304535,-0.007831126,0.106752425,0.0055362433,-0.072557405,0.094833136,-0.04205314,0.01500386,0.028343141,-0.032278948,-0.03493832,-0.10256094,0.0006841421,-0.094795235,-0.032596372,0.063577995,0.115306675,0.0077464283,-0.12643982,-0.06223207,0.08073348,0.050040156,-0.021891452,0.11552423,-0.039478026,0.13546509,-0.07357873,-0.008872449,0.13035956,-0.09727208,0.020594358,0.10295625,0.058857426,0.027096137,-0.13247399,0.06816785,0.118511975,0.04281743,0.024191514,0.023060367,-0.08894294,0.057997346,0.095457405,0.055523664,-0.13101275,-0.0347984,0.021904513,-0.023505934,0.05062811,-0.08246212,-0.111750156,0.13285398,0.01901634,-0.019303337,-0.0828357,0.08844164,-0.12688212,-0.113042876,0.012821481,-0.032942854,-0.015879802,0.020168021,0.12344155,0.11062972,0.018942654,0.11296168,-0.084143594,-0.099824965,0.09315944,-0.060816824,0.067216486,-0.0016067475,-0.06655594,0.066418365,0.035223976,0.07147813,0.07080725
-0.023367703,-0.12683488,0.08318348,-0.09394759,0.03175722,0.098621115,0.0019028485,0.00412336,0.011355773,-0.11516417,0.083781764,-0.1084828,0.11107366,0.060802698,-0.008199409,0.12516347,0.013096005,0.032409668,0.121724546,0.082550466,0.117310226,0.07342379,0.12600267,-0.06547282,-0.05117903,0.0006490797,0.0740034,-0.12221715,0.13677916,-0.059090696,0.031738415,-0.10281998,0.11012131,0.036537334,-0.097706094,-0.12125505,-0.05791965,-0.038793422,0.13614935,-0.09488368,-0.04361075,0.07201645,-0.034571014,-0.052373514,-0.11117567,0.0659284,0.0024680942,0.07928491,0.009239629,-0.035081215,0.011967465,-0.015118703,0.08279124,-0.11901411,-0.09224986,-0.035570562,-0.13163716,-0.019519694,0.07573332,-0.07734992,0.04054205,0.09200694,0.0796749,0.019168705,0.075214654,-0.0050503314,0.039898053,0.01357618,-0.058063462,0.07966931,0.10881694,0.1302503,-0.060705274,-0.06086097,0.090491936,-0.049050525,0.09615798,-0.014805101,0.12244707,0.1248672,0.020914137,-0.13403605,0.06543723,0.0297717,0.12704048,-0.0043198913,-0.1005888,0.07964349,-0.01760476,0.11085424,0.06256385,0.015327945,-0.039041474,0.07376833,-0.10714902,-0.02785945,-0.008641422,-0.1253529,0.07969543,0.06485866,0.064623386,-0.086730555,0.12791935,-0.05001331,0.12102002,0.03038308,-0.07905921,0.124250114,0.020925984,-0.10110812,-0.01061824,0.1321759,-0.10318436,-0.12488309,-0.017111957,0.05577348,-0.07288087,0.13022447,0.06627132,-0.08208397,0.12718213,-0.0034803152,0.09695655,0.064805806,-0.027185552,-0.12792486,0.030034974,-0.06273,-0.13613367,-0.057106584,0.06355642,0.023079604,0.074738204,-0.029380955,-0.12226328,-0.04799597,0.13320225,0.004742369,-0.13619404,-0.12053911,-0.073439,0.1264781,-0.04558657,0.071357995,-0.0031288117,0.07680446,0.09843522,0.02302073,0.13276678,-0.10567778,0.12106216,0.06344104,0.026288554,0.03370568,-0.013219513,-0.053196184,0.059538484,0.08698018,0.062243357,0.08098742
-0.11340891,0.071858466,0.06504384,-0.09628971,0.0471368,0.10658668,0.13074577,-0.046207346,-0.085405976,0.08227509,-0.021965265,-0.06596327,-0.10129075,-0.12147411,0.06601995,0.03614348,0.06993914,-0.0033336282,-0.12309793,0.13241735,-0.08080787,-0.10542399,0.01834111,0.10393284,-0.07783094,-0.1003129,-0.12931444,0.033348456,-0.09439626,0.018455505,-0.044881463,0.036574706,-0.07050092,-0.017335653,-0.02411744,0.110742554,0.033516362,0.07546809,0.13281596,-0.045103557,0.06793514,-0.12749699,-0.066864,-0.041354597,-0.020362243,0.12187493,-0.066011265,-0.0381841,0.11923465,0.13335833,0.12657163,-0.07527659,0.13534826,0.08008373,-0.021684468,-0.022889726,0.1271956,-0.0017883629,-0.12296875,-0.08257766,-0.10255058,0.014944926,0.09363924,-0.105794206,-0.031575143,-0.062309474,0.031185865,-0.06722138,-0.12208467,0.039044738,0.12855312,0.049151868,0.03147541,0.00069896877,0.058391035,0.067529336,0.110632956,0.0144700855,-0.08503521,0.09218019,-0.023203753,0.10499641,-0.0190169,0.087950274,0.07246482,-0.05715993,0.10841231,-0.13284542,0.11069615,0.017948568,0.04690498,-0.037684247,-0.034521975,0.03609526,0.091855064,0.13131976,0.007764101,-0.004685402,0.084309965,-0.02767405,-0.0378147,0.027701706,0.13192189,-0.129199,0.117094725,0.1268309,-0.09302418,-0.093888566,-0.07928686,-0.09101091,0.11491743,-0.08411,0.0018196404,0.094118625,0.01545617,-0.035435863,0.02439177,-0.02370818,-0.09130967,-0.00042502582,-0.11957416,-0.018521875,-0.10950576,-0.12440015,0.04771103,-0.072331585,-0.008175999,-0.09511925,-0.068995476,-0.022177137,-0.0012332052,-0.041647114,0.057433665,0.1132012,0.097937465,-0.035315327,-0.012531087,-0.06728605,0.1163955,0.06689662,-0.10441259,-0.10489142,-0.12354255,-0.062410712,0.0415653,-0.06367277,0.050234824,-0.0677879,0.02244474,-0.11084111,-0.0011547506,-0.04011859,0.072836205,0.043212816,-0.063384205,0.018433198,0.054623082,-0.12686142,0.13270262,-0.014782831
-0.027329199,-0.08740416,0.080347195,0.066275835,0.027794972,0.033757716,0.06832099,-0.06932233,-0.009843141,0.10739638,0.077258185,-0.0022548437,-0.06179796,0.052686855,-0.10140057,0.124085516,0.032093212,-0.019318812,-0.033411138,0.059791982,0.1040315,-0.08444417,-0.058745064,0.052388206,0.013603598,-0.046523824,0.011488736,-0.08437376,-0.0046810657,-0.07183219,0.07970774,-0.13115212,0.08586466,0.11536366,0.12734675,0.10607761,-0.070710085,0.06384936,0.10513529,0.08629061,0.0009523034,-0.047497876,-0.0035776943,-0.097667694,0.094484344,0.0033649653,-0.11810682,-0.030022003,-0.07045234,0.0810394,0.12921435,0.057628676,-0.12172259,-0.09413315,-0.10217306,-0.018950656,0.11602214,0.0032913834,-0.08654059,0.12456334,0.12531957,-0.04237259,-0.1262333,0.0093587935,-0.13225114,0.055261225,0.0951646,0.12131259,-0.0045420527,0.10797566,0.038814962,0.07764658,-0.063823566,-0.04867042,0.011665449,0.037790224,-0.06477075,0.035876036,-0.080176055,-0.07904148,0.07079081,0.017343089,0.048084214,0.12156966,0.073294565,0.12343231,-0.12110801,0.11469346,-0.034756415,0.0046417564,-0.08173296,0.1302245,0.051615357,0.014260098,-0.01982905,-0.0449827,-0.097843334,-0.12785904,0.08451256,-0.013668992,0.1292299,0.049569026,0.034758896,0.08913167,-0.10563828,0.04357353,0.086257175,-0.10120185,-0.11016536,-0.03457229,0.04753542,-0.009836346,0.0011146963,0.024038434,-0.003468886,-0.056213923,-0.0454282,0.089656785,-0.00496763,0.002346322,0.13490304,0.11143975,-0.0018146038,-0.11798155,0.106328726,0.08410621,0.07787384,0.0831352,0.0018086731,-0.10140256,0.036245108,0.053389877,0.01702267,0.019853443,-0.030041657,-0.064407915,0.075854704,-0.023043163,-0.12054648,-0.069298014,0.08688843,-0.019996397,-0.06868905,0.12650919,-0.12913726,0.1066712,0.05804126,-0.120174505,0.023303166,0.11977035,-0.120599926,0.1295428,-0.10875498,-0.11979166,-0.100050524,0.0024858862,0.116358966,0.031230792,0.08402169,0.08351286
0.012055516,-0.09760851,0.09567191,0.0073228776,-0.024809487,-0.006942868,-0.12639199,-0.10957406,0.07709238,0.118120104,-0.041652396,-0.13333812,-0.05326797,-0.11788306,0.026195243,-0.10048688,-0.1261886,0.060354024,0.10880493,0.091391906,-0.05478683,0.13555592,-0.10173827,0.10498515,0.073427305,-0.031504855,-0.09475084,0.08362734,-0.09869594,-0.0010403842,0.09342231,-0.039735675,0.029663354,-0.004460633,0.09191431,-0.104649484,0.03186521,-0.011963949,-0.0012152493,-0.094101,0.006045535,-0.021415032,0.019272551,-0.087869085,-0.13593237,-0.121331185,-0.13688722,-0.06727166,-0.13644512,-0.095212854,-0.095440626,-0.082871936,0.08281526,0.1343793,0.11394411,-0.042526156,-0.09019853,-0.06356657,0.017175838,-0.12190992,-0.05167236,-0.044574745,0.11988947,-0.0335079,0.020959899,0.12824428,0.08154546,0.09661111,0.0552496,0.009753719,0.04379067,0.1111331,-0.11314251,-0.10881074,-0.076740086,-0.00081942976,0.13120967,-0.018812396,0.085702345,-0.05786529,-0.04195396,-0.056918964,-0.025163412,0.099206075,-0.10977829,-0.01340282,-0.061076924,0.040543288,-0.13091795,-0.051748298,-0.023738608,0.09942795,-0.13053542,-0.09434092,-0.09840123,0.037909344,-0.12943141,-0.095270835,0.06565721,-0.0024380684,0.013291627,-0.015467271,0.017425358,-0.03272216,0.055186033,0.03777592,0.03126076,0.08492872,-0.109886095,0.020293295,-0.047899075,0.03825605,-0.12771566,0.0018359274,0.0621261,-0.0417409,0.018501014,-0.08276805,0.0019466579,-0.033031583,0.12071547,0.027846292,-0.050163977,-0.13646132,-0.12121724,-0.05467309,0.09358665,0.114651054,0.09994161,-0.09576093,0.13334021,-0.11532773,-0.02051542,0.1344909,0.04227233,-0.11594139,0.0894108,-0.12145955,0.112277925,0.050927877,0.082423896,-0.13244896,-0.0074229985,0.09384999,-0.11876083,0.1199384,-0.012046084,-0.017139181,0.077391386,-0.08943447,0.12254915,0.05726564,-0.059618987,0.05083409,0.09798108,-0.08873162,-0.036157355,-0.12765288,0.046758235,-0.075262874
-0.07220273,-0.03341107,-0.06488403,0.083772495,0.110721916,0.12707359,0.034985006,0.040323243,0.023579359,0.06515607,0.01808536,0.051098526,0.10973294,-0.024583407,-0.132456,-0.04294952,-0.030451052,0.0963659,-0.13635388,-0.06769277,-0.08017923,0.100597754,0.05432175,0.029432595,-0.00031276047,0.120132774,-0.053660154,-0.012281798,-0.015658095,-0.08652547,-0.060476847,-0.06313002,-0.06315316,-0.08898639,-0.063040465,0.050099343,-0.006346971,0.07460195,0.12504163,-0.058894813,-0.050465405,0.0411433,-0.12026239,0.12566212,0.086199194,0.014484048,0.005006358,-0.005023554,0.13552576,0.06538056,0.07841715,0.09105952,0.11820614,0.031038657,0.058100283,0.11504978,-0.047562912,-0.027518913,-0.10489994,0.12548888,0.03121522,0.05461371,0.084146366,0.09549476,0.10845573,0.08950423,0.023329437,-0.099480376,0.0760479,0.019822031,0.05351658,-0.08297281,0.002999425,0.10533813,0.11637244,-0.04509618,0.071014315,0.07579684,-0.03325717,-0.012271643,-0.030195363,0.05686523,0.040106773,0.11782426,0.054196835,-0.012909889,0.035680816,0.028045893,-0.016856201,0.03728889,-0.0066669732,0.11970106,0.08771561,-0.073124155,-0.03127159,-0.048835576,-0.010080904,0.057697624,-0.017811544,0.044383824,0.10242355,-0.108385056,-0.016517885,-0.06689387,-0.13607103,0.12436542,-0.012526549,-0.028566383,-0.08942235,0.01832442,-0.024786338,-0.13624848,0.03163995,-0.12203531,0.032428727,-0.12146595,0.12313032,0.053523928,-0.13022137,-0.13597536,-0.112477794,-0.13418527,0.04119584,0.13533121,-0.13290937,-0.045852542,-0.11807036,-0.09082571,0.015306652,-0.123543784,-0.059154913,-0.024407767,0.06271002,0.13160545,0.110393494,-0.05154726,-0.01085712,0.092301086,0.06639141,0.0039706975,0.039476782,-0.12534112,-0.082763806,0.026153162,-0.044965073,-0.103967845,-0.0614916,-0.122321524,-0.11615212,0.017831236,-0.07025421,-0.13253827,-0.122237265,0.105042025,0.05633439,0.0961414,-0.055214502,-0.059986264,-0.08138944,0.041208833
