-0.105564535,-0.09168181,0.021852985,-0.07958682,0.01849331,0.111445695,0.08262959,0.11858228,-0.06559456,0.031718373,0.080965236,-0.037269793,-0.122792915,0.013800785,0.049476072,-0.08195688,-0.11653331,0.09531142,0.03152114,0.1192942,0.061344787,-0.04865612,-0.0049310774,0.06802796,-0.121108174,-0.078206316,-0.024248809,-0.11321195,0.118582964,-0.09447644,0.044822767,0.021878123,-0.11792511,0.13078946,-0.065532595,0.12304443,-0.10702571,-0.05375555,-0.119035035,0.12847319,0.030875757,0.028960884,0.0064356625,-0.08850534,0.0012352318,0.110731736,-0.03339547,0.122583866,0.024260983,-0.048445188,-0.12708558,-0.08021204,0.068239406,-0.060488075,0.007798344,0.02707912,-0.119846925,-0.075753,-0.05033201,0.11563173,0.11741099,-0.13618696,-0.083754316,-0.0706743,0.12870508,0.1172204,-0.04313858,0.06061919,-0.009056613,0.01789166,0.12750667,0.05399181,-0.020496778,-0.061426245,-0.07987107,0.11162643,-0.0001552999,-0.098808706,-0.059684277,0.025192067,-0.05443947,0.10385835,-0.12223553,0.099044025,0.059976697,0.03316742,0.07535948,-0.03331098,-0.0010252148,-0.10578964,0.09654397,0.13428745,0.028787985,-0.044733576,0.016115278,0.11399257,0.033063874,0.0595738,0.087173864,0.112864956,-0.095268846,0.035400078,0.08664033,-0.13620566,-0.066615164,-0.062809065,-0.08104767,-0.047720656,0.08666892,-0.09873734,-0.13350289,0.11621249,-0.0034112632,-0.002358988,0.11114395,-0.025505058,0.032839686,-0.06505295,0.0682098,-0.0033088177,-0.010847032,-0.02286674,0.04767981,-0.023240477,0.011510119,0.08897577,0.114185005,0.09263131,-0.06730995,-0.09048909,-0.076143816,0.05789289,-0.09024153,-0.01987724,0.0011455715,-0.03500019,0.019422084,0.051472455,0.025833294,-0.12799303,0.07941951,-0.10533833,0.105549455,-0.11184262,-0.1014103,-0.00483346,-0.023554608,-0.016353339,0.09886266,-0.098388866,0.06438258,-0.09841773,0.052961096,0.049849615,0.09586291,0.0073017925,0.1237261,0.08051804,0.0006837845,-0.032883175
0.120485425,0.05758874,-0.12806945,0.06662643,-0.10015012,-0.007550493,0.098988265,0.124248534,0.13205686,-0.10100672,0.12398246,-0.045569986,-0.009040162,0.09907876,-0.022607721,0.058242783,-0.048465855,-0.06767413,0.067887604,0.010349587,-0.1028316,-0.10301535,-0.08149822,-0.06162575,-0.10063937,-0.13661018,0.090291604,-0.048775278,0.078395694,0.13645816,0.057558835,0.07168932,0.10685931,-0.0503404,-0.1025829,-0.08494276,-0.0002860129,0.12017995,0.0504577,-0.022979535,0.12013468,0.08517715,-0.04176996,-0.1294844,0.10828601,0.034396783,0.010391578,0.06522699,0.0650316,-0.10236178,0.06587222,-0.03932125,0.009807989,-0.0878163,0.11167207,0.08909145,0.059950545,0.12976852,-0.006388396,0.045893878,0.0746309,0.11876878,-0.003897369,-0.026272126,-0.10353012,-0.03423994,0.048088163,0.0076458156,0.016478643,-0.121815175,0.07868299,-0.06574245,-0.055022083,-0.003372416,0.06266023,-0.09428947,0.069137484,-0.11745349,0.13554439,0.00062711537,-0.12263601,0.06466906,0.03214842,0.08027126,0.10196231,0.11205326,0.06624034,-0.07749703,0.119006395,0.12780744,0.08765623,0.022675782,0.08700548,-0.06836797,0.031246036,0.098556414,-0.11925876,-0.013960168,0.016490519,0.08651535,0.10671309,-0.12944221,0.021258399,-0.019912593,-0.0017374009,0.098677695,0.008955568,-0.026947722,-0.12941933,-0.05734729,0.017782688,-0.058137767,0.0059339553,-0.053999715,0.009682551,0.12122491,0.026831731,-0.08913693,-0.03695403,0.10119617,0.057776332,-0.11491351,0.042639315,0.002748832,-0.11278477,-0.12268178,-0.13442758,-0.05691044,0.05326481,0.0037198067,-0.009719938,-0.10540571,0.017553732,0.10163517,0.07515292,-0.11786592,-0.06644997,0.03520432,0.098285675,0.04897195,-0.086634316,0.088916555,-0.067997105,0.0032712817,-0.07470602,-0.032698885,0.06415914,-0.066476904,-0.037778854,0.01985073,0.12857693,-0.03137032,-0.022996478,0.09948133,0.12401536,0.12851861,0.012426645,-0.10895363,0.080400735,-0.00046674907
-0.021298416,0.12008503,-0.09025204,0.091725945,-0.08240825,0.12384638,-0.014763571,-0.08400765,-0.058725342,-0.039172024,0.12948662,-0.044156738,-0.07708646,-0.108511925,-0.078898326,0.00427334,-0.03081157,-0.02444753,0.0389753,-0.10985632,0.11144175,-0.027886122,0.08092654,-0.025197752,0.026342258,0.08890268,0.12574193,0.004463926,0.13221478,-0.049061395,0.027062312,0.07241395,0.05915171,-0.08983694,0.11850637,-0.08735512,-0.04068739,-0.015214428,-0.025600456,-0.036372527,0.11688879,0.04344468,-0.13461697,-0.118867524,0.024033993,-0.112617716,-0.092805475,-0.008538812,-0.12998696,0.014412552,-0.022189416,-0.03872264,0.04745488,-0.061067425,-0.11396091,0.06942494,0.057886347,0.071364194,-0.109595075,-0.06723232,0.08854549,-0.0077690333,0.117408544,-0.01652278,0.058727175,0.09254499,0.018203795,-0.047501333,-0.018805899,-0.13185142,0.13489923,-0.06295167,0.09477104,0.060965434,0.12918913,-0.061363466,-0.0429665,-0.01698307,-0.03570085,0.1197249,0.0960304,0.07736546,-0.011828497,0.07760562,0.12569901,0.01730989,-0.055173077,-0.05370684,0.09390542,0.09826824,0.087508634,0.037795275,0.07210486,-0.09945087,-0.050267108,0.09637815,-0.07777596,-0.012138411,-0.03973055,0.058718488,-0.056950822,0.059722245,-0.121210515,-0.06907484,-0.073013514,0.050095618,0.023384422,0.11381301,0.024925679,-0.07363664,0.11382392,0.059473842,0.10609257,0.041119963,0.01065132,-0.049225613,0.06286189,-0.10895602,0.051552802,0.0446769,-0.04038822,0.031513646,-0.12155364,-0.036053963,0.044574186,0.014291853,0.05530174,0.034499094,-0.03574483,-0.048313037,0.06854753,0.023151621,-0.09947274,0.027496293,-0.03592974,-0.05857843,-0.037289314,-0.018890359,-0.13308449,-0.04595411,-0.06675117,-0.07208886,0.033745542,-0.09777129,0.01886493,-0.08945657,-0.09867113,-0.01773499,-0.12427129,-0.067641646,-0.026051275,0.08451612,0.0781692,0.082339734,-0.07274431,0.0656303,-0.11039898,0.03883195,0.08002752,-0.10049707
-0.12291713,0.043409422,-0.07858531,0.13017806,0.07343528,-0.09348613,-0.07302304,0.078591704,0.057455778,0.04252352,0.10365917,0.035480842,-0.05543281,-0.00022117794,0.04177071,-0.06517919,-0.038847715,-0.03667856,-0.10085788,0.07290046,-0.004735261,-0.0995887,0.07955116,-0.08251553,-0.0071703494,-0.066559955,-0.085543916,-0.08833427,-0.09060208,0.09530024,0.1269364,0.11189678,-0.051975027,0.10993679,-0.13548312,0.019360185,0.09438777,-0.038388535,-0.13515346,-0.06538656,0.08514859,-0.12100579,0.09632033,-0.053499825,0.07212284,-0.058697887,0.08666021,0.0038646907,0.020958468,-0.069930054,-0.12366791,-0.10678834,0.0761527,-0.13625087,-0.053697214,0.040037453,-0.04573544,-0.0128801465,-0.022227027,0.05369623,-0.06702465,-0.06431046,-0.015710361,-0.040339865,-0.11432612,0.054125935,-0.055038832,0.022544056,0.101107135,-0.12169748,0.13062078,-0.05032809,-0.01123935,0.006623,0.021301553,-0.051314257,-0.08357002,0.087811396,0.030352488,-0.08647409,0.06696971,-0.12109407,-0.0885562,0.03552574,-0.100918114,-0.09377639,0.03534308,-0.08073504,-0.07546957,0.08635904,0.12724945,-0.038038693,0.078302845,-0.055970147,0.09210253,0.020451754,-0.04718972,0.010712102,0.12435117,-0.08841477,-0.051876143,0.05877304,-0.046913303,0.039449528,0.067843825,-0.014927752,0.1009333,0.015375927,0.07097958,0.12517443,-0.07525661,0.0031796694,-0.022446446,-0.029901601,0.10171525,-0.021742024,-0.039609365,0.011176929,-0.010169029,-0.024842001,-0.08832872,0.1303961,0.093701735,-0.10436186,0.11604613,0.120912254,0.09327614,-0.04798536,0.033309504,0.09299688,-0.05716215,-0.08925599,0.059824854,-0.120949835,-0.07783172,-0.11376127,-0.044140838,-0.10201841,0.09266667,-0.10251212,-0.06309339,-0.094046384,-0.027251631,0.03045836,-0.062356062,0.12751436,-0.042991996,-0.120308876,-0.03696017,8.85427e-05,0.072273076,0.0700386,-0.08567822,-0.096423164,0.09902871,-0.1346118,-0.11592944,-0.07418348,-0.10764746,0.04221402
-0.04448425,0.016599402,-0.07997848,-0.10049945,0.12145415,0.11885694,0.11382261,0.032996684,-0.10442519,0.01662232,0.0912766,-0.0478993,0.0480296,-0.025419168,0.11229327,0.08206588,0.0859566,0.005150944,-0.017420046,-0.09494874,-0.11955369,0.08975741,-0.117296785,-0.033004098,0.07697354,0.10161632,-0.09840712,0.1308462,-0.1069788,-0.070728794,0.007532403,-0.11510524,0.010630131,-0.13598153,-0.045728482,-0.03872574,-0.11072084,-0.06774161,-0.081286214,0.038032487,0.022395477,0.064186305,-0.04039824,-0.11218958,-0.032898188,0.009498432,0.09496845,-0.02791547,-0.12353187,-0.13141677,0.024610147,0.08395375,-0.028498903,-0.0655323,-0.06700474,0.029383004,0.10248068,-0.00680542,-0.06410257,0.013911322,-0.067275934,-0.0027925372,-0.08305623,-0.0088252425,-0.059178516,0.050883904,-0.03588345,0.08227472,-0.076285474,-0.051728286,-0.13578562,0.0799844,0.018775344,0.10048734,0.064422145,0.08588418,-0.04399076,0.002305001,0.13305932,0.029089749,-0.064346604,0.031266704,-0.078558736,0.03965418,-0.12589988,0.058133006,-0.12942103,-0.019301414,0.03798838,-0.0064567924,-0.12821636,0.033378422,-0.027122155,0.10647881,0.012586907,-0.11987863,-0.09235956,0.11237803,0.12224972,0.13486233,-0.087879404,0.10292122,0.05159515,-0.064932875,0.12843198,-0.03895218,-0.13252111,-0.0903806,-0.10431035,0.012055293,-0.118758224,-0.09592867,0.05687116,-0.06113892,0.102445364,0.12699896,0.08524147,0.12024081,-0.02412831,0.047131225,0.0150960535,0.01648213,-0.029370211,-0.0016376227,0.108249664,-0.029709801,-0.09437461,0.0066091567,-0.06401798,0.07851064,-0.06083896,-0.025460988,-0.13516468,-0.06663501,-0.07835923,0.07375035,0.025153875,0.09649724,0.004730463,-0.12234607,-0.109891675,0.014638409,0.082969904,0.059797958,-0.118861094,0.043107495,0.05197917,-0.048912786,0.021598175,-0.11018214,-0.055569895,0.05670941,-0.11829307,-0.06651431,-0.10399556,0.008547202,0.12744975,0.06472531,-0.03622268,-0.004287109
-0.11822869,-0.01801379,0.0154942125,-0.100386426,0.06707314,-0.088019386,-0.088768505,0.091931745,-0.008954957,0.06523019,-0.080357574,0.024732217,0.02876462,0.10605532,0.085533634,0.027232438,0.0012482256,-0.0028460473,0.11271605,0.023391932,0.008268982,0.029458746,0.086371645,0.034154117,0.07406689,-0.04222013,-0.0934387,-0.13512674,0.13022918,0.012768269,0.10787845,-0.012295902,-0.118148215,0.0031784326,0.017398372,-0.024940826,0.050254837,-0.037886657,0.10310875,0.08401601,0.040220276,-0.005356401,-0.11619835,0.08514576,0.06463951,-0.011671007,-0.013073675,0.033824414,-0.030431002,-0.11881526,-0.1297696,0.12048307,0.044807225,-0.07092611,0.020987362,0.049553543,0.11423722,0.029749602,0.08061226,0.100678,-0.13032077,-0.12371224,-0.086402394,0.068580434,0.0971445,-0.09818727,-0.028859094,-0.054688796,0.017723784,0.12954551,0.010789961,0.051732913,0.014191955,0.12264475,-0.04124582,0.055307418,-0.1132033,-0.0648714,0.09266624,-0.07488744,0.041809753,0.03294024,-0.06691803,-0.09228633,0.12182081,-0.10335007,0.011688143,0.010066614,0.012672409,-0.016789243,-0.052216023,0.05361566,0.04445055,0.114635885,-0.028461426,0.04726556,0.08783291,-0.13291822,0.05492401,-0.119595416,0.014710262,-0.088313505,-0.05090575,-0.034605063,0.08228187,0.037289932,0.008260652,-0.11261964,0.0012110025,0.12261951,-0.013017751,0.0819103,-0.068181984,0.05124089,-0.10088952,0.07484627,-0.009194478,-0.1360375,0.030821234,0.13048756,0.05256632,-0.019354597,0.10509233,0.03403969,-0.056893207,0.056709886,-0.07196865,-0.11622992,-0.017605118,0.056217283,0.032273263,-0.08526756,0.13266969,0.08365366,-0.10947615,-0.085825816,0.09381354,0.10186915,0.029184282,-0.13276413,0.035979226,-0.039799757,0.011332363,-0.0014027953,-0.01706364,0.12779015,-0.044575788,-0.012726054,-0.103965074,0.05815327,-0.103431754,0.13368243,0.1074069,-0.10969949,0.11523467,0.008059323,0.026844889,0.05944334,-0.10394564,0.07031745
-0.008015513,-0.10829149,0.027912408,-0.05594331,0.014157906,0.11279963,0.046442598,0.041897997,0.0040584207,-0.06872157,0.08682945,-0.0025643408,0.06256215,-0.02078583,0.050456524,-0.019813254,-0.1277962,0.068091184,-0.124204464,0.10437532,-0.13078587,-0.1150454,-0.1339465,0.10753131,-0.02657868,-0.08160194,0.04724881,-0.060984895,-0.092468336,0.08851686,0.11405745,-0.025769465,-0.0013647377,-0.092415415,0.113484174,-0.027374059,0.01313512,-0.07708728,-0.012603663,-0.038812354,-0.013538435,0.073473826,0.03650652,-0.08761437,0.13498828,-0.106261514,0.08381069,0.09740162,-0.03086286,0.0020268112,0.10534349,0.026620537,0.008644685,0.12825006,-0.08901149,-0.07083231,0.07605936,0.08095257,0.07223165,0.019590855,-0.12547325,0.059093103,0.069738716,0.08941211,0.045241296,0.09106897,0.023669064,0.004400328,-0.010849774,0.0882314,0.13197437,0.06811117,-0.12510417,-0.015428588,-0.0694209,-0.104314685,-0.09102753,-0.055489816,-0.01133351,-0.05767653,0.0030017495,-0.100974165,0.10266544,-0.039726757,0.09884024,-0.042854093,0.043375105,0.03422934,0.10237609,-0.087772,0.051977143,-0.115166515,-0.08205769,0.075458825,-0.13120174,0.04541123,0.07030021,-0.04937301,0.019272685,-0.02856145,-0.056122936,0.10397385,-0.04662957,-0.048429683,0.101806626,0.11152117,-0.016515762,-0.044263817,0.0520837,-0.004606232,-0.0042352974,-0.06465825,0.07856713,0.13141283,-0.12145393,-0.08113349,0.02263844,-0.1335153,0.08284037,-0.09939047,-0.026393607,-0.1301388,-0.08805602,-0.08052215,0.084900245,-0.091423996,0.10628472,-0.05239532,-0.0075145066,0.062122762,-0.11223222,-0.04141692,-0.082849964,0.07789996,-0.08305606,-0.029544875,-0.042892165,0.047617003,0.013299137,-0.07959148,-0.046301335,0.06671725,0.09378716,0.12606177,-0.10246302,0.044751987,0.06033127,0.11656508,-0.07808076,-0.062761925,0.050057903,-0.00025062263,0.007940546,-0.1232183,0.046163768,0.12938672,-0.048253223,-0.033063382,-0.11640971,0.033296257
-0.12277022,-0.007901534,0.054688886,-0.08624703,0.06277935,-0.08871783,0.08192308,-0.08702429,-0.046270125,-0.0075943917,-0.032336727,-0.11524516,-0.08409946,-0.043009363,-0.038127623,-0.011405006,-0.041015267,0.015647188,-0.12288374,0.024118066,-0.05280873,0.017480865,0.054368228,0.026086003,0.028253525,0.0027583241,0.13487634,0.07117781,0.0672649,0.0056358874,0.022936076,0.115277976,-0.035362795,-0.040109187,0.08813296,-0.059312493,-0.11303393,0.102736935,-0.0015424341,0.05246359,-0.025972985,0.1313768,0.05673729,0.056948245,0.078418255,-0.07908602,0.0012827218,0.080458745,0.0068589896,-0.1024276,0.03171265,0.12399918,0.021652862,0.04063545,-0.03428764,-0.08902197,-0.0074536204,0.0108875185,-0.107714325,0.10138117,-0.05817727,0.10334593,0.111511976,0.09995493,0.08475539,0.055542022,0.13421202,-0.11755013,-0.08828383,0.09819171,-0.0664202,-0.096080184,-0.09949723,-0.105229154,0.017491803,-0.036057226,0.038777098,-0.1231008,0.0896772,0.08952999,0.050486103,0.1271806,0.10787685,0.03855644,-0.04782062,-0.0003553927,-0.032278225,0.076092824,0.10392609,0.079666704,0.09523603,-0.058548003,-0.091201216,-0.12714209,-0.012810513,0.044782907,-0.12977414,0.038172647,-0.027442291,-0.080012925,0.13605091,0.10392681,0.10634039,0.05718173,-0.07102751,0.035584852,0.0041832924,-0.13619138,-0.033455506,0.07928324,-0.090531856,-0.12913655,-0.04101778,-0.06321242,-0.04404456,0.04809238,0.13092703,0.07205275,0.053857535,-0.11326158,-0.028539479,0.06610209,-0.1085478,0.11178373,0.053006858,0.052892044,-0.03281142,-0.07724327,0.03417866,-0.03551712,-0.12371247,0.10855603,-0.10515335,-0.11370368,0.016777754,0.03977619,-0.08947263,0.067926034,-0.045499496,-0.04974574,0.045720845,-0.02771055,-0.01595825,0.07126929,0.0097151995,-0.06641044,0.07249342,-0.10042179,0.107148305,0.083738804,-0.037728712,0.06433475,0.051981688,-0.032423176,-0.13373329,0.0300318,0.12183258,0.046995148,0.006698832,0.0053592324
-0.043095127,-0.060167708,0.0797036,-0.07301442,-0.10355568,0.07554263,-0.11035092,-0.010127917,-0.07660283,0.11230144,-0.11773047,-0.08173674,-0.04392168,-0.13593476,-0.049782433,-0.12339361,-0.11439984,-0.077645116,-0.09717882,0.050589144,0.02483292,0.03669834,0.10200016,0.0029938817,0.08756985,-0.06869623,0.059106097,0.08715761,0.013597816,0.08970103,0.100594744,-0.063171804,-0.024508417,-0.028337955,-0.0024802089,-0.10883121,-0.07389145,0.032258436,-0.00022040308,0.11311507,-0.087272435,-0.015316382,-0.1275341,-0.043883055,0.13421476,0.065473184,0.014774188,-0.008267745,-0.022896744,-0.060766943,0.05429569,0.1061369,0.06049937,-0.0027243793,0.11839864,-0.13166608,-0.055657133,0.04594004,-0.06382902,0.008227259,-0.10277918,0.06872901,-0.026012748,-0.006013021,0.010840178,-0.039058052,0.026435554,0.12041822,0.007297829,-0.04155658,-0.09389262,0.0551309,0.007883027,0.041145325,0.047084764,0.13178131,-0.06354421,0.051304042,0.041763067,0.054438815,0.13672006,0.0071053803,-0.03967596,-0.10724193,0.007235974,0.08252287,-0.10653956,0.104511514,-0.0045610815,-0.04304547,-0.05386214,-0.13596423,-0.06417187,-0.035498902,0.09865001,0.12246251,-0.037190527,0.11309287,0.09144437,-0.05037602,0.0076634735,0.055753693,0.08271369,-0.032011338,-0.054639526,-0.045263924,-0.058525674,0.06652796,0.09667882,-0.10212033,-0.0007172525,-0.0024762303,0.12203652,0.13235575,0.03225626,0.053742558,-0.026487432,0.12047085,0.0026546419,-0.05017837,-0.06893583,-0.07917912,-0.10515815,0.09872989,-0.11410671,0.00071179867,0.13220203,-0.090853624,-0.10185951,0.0014144927,-0.009056851,-0.022176035,0.046982616,0.076152176,0.094857946,-0.13170955,0.062811226,0.08703819,-0.12593552,-0.020201944,0.081186876,-0.018917814,0.019125313,-0.04206094,0.10833351,-0.08028647,-0.10844457,0.05206196,0.047106177,0.0034353286,-0.0004261732,-0.13650712,0.08715059,-0.10274434,-0.009151757,-0.094505005,0.09318781,0.11531165,0.109082624,-0.0076954663
-0.10706119,0.0054211915,-0.074485004,0.008395687,0.0060209483,-0.0052808523,0.0067856014,-0.026084214,-0.06048853,-0.0966707,0.06160289,-0.052784704,-0.037017465,0.012107626,-0.04552552,-0.0025987774,-0.049673326,-0.12167479,0.088775754,0.006462246,0.039383605,0.08453415,-0.019198805,-0.13013645,-0.059065916,0.1218338,-0.051239952,-0.11904617,-0.0018414408,0.09869747,0.0020944625,0.083745494,-0.10301237,-0.07811575,-0.06007033,0.12316528,-0.11444019,-0.086153135,-0.03652796,-0.021590546,-0.077162825,0.056292146,0.13452241,0.12377483,0.12152031,-0.10655139,-0.086935386,0.035301194,-0.019546628,-0.0121699795,0.0058424026,-0.05631862,-0.0146603435,-0.04021039,0.12754837,0.008520916,0.08812229,-0.070845924,-0.0611258,0.048998818,0.116149634,0.083748534,-0.11475269,-0.061062954,-0.124702945,-0.1352394,-0.122457005,-0.083504826,-0.012555048,-0.091470584,-0.0835536,0.1343272,-0.11098841,0.029029444,-0.024311721,0.12039879,0.09358564,0.059534684,-0.08810431,-0.09273036,0.019405454,0.021133155,-0.06617371,0.052341416,0.008467674,0.0038908422,0.051466882,-0.08866602,-0.017249495,0.0029759854,0.052440926,-0.003077522,-0.067766614,0.032457158,0.09249413,-0.09417364,-0.026382968,-0.11584962,-0.027005933,0.07255395,0.07074453,0.005997449,-0.07004278,-0.049579434,-0.09171224,0.11790103,-0.04635615,0.025414556,0.086380005,-0.038193338,0.009617522,-0.057019778,-0.12877384,0.006260842,0.11980364,-0.119373456,-0.12385243,-0.0128611475,0.033791214,-0.097600184,-0.027941652,-0.07934631,0.0557867,0.13248268,0.0054282546,0.08596505,-0.016289122,-0.008033961,-0.027864538,-0.096937224,-0.10386625,-0.056376666,-0.11328472,-0.095503315,0.029365674,-0.101895005,0.056018397,0.1265133,0.10884407,0.101062045,0.025820658,-0.111936375,0.045224547,0.04055403,0.07873033,-0.1322396,0.019135728,0.03417501,0.111552685,-0.08812915,0.008039176,-0.060806446,-0.1332456,0.08491771,-0.05279015,0.06107682,-0.022560775,0.003866583,0.023494795,0.07867476
-0.027524099,-0.05939447,0.09565078,0.098976776,0.038505808,0.05268748,0.053799555,-0.008422643,0.13171694,-0.026038215,-0.0692176,-0.07625583,0.042449802,-0.027370825,0.12458134,0.053377435,-0.0021492094,0.116276175,-0.053188838,-0.054198213,0.06952396,0.044419706,0.10310522,-0.09950535,0.13589743,0.09359282,0.053949043,0.06771758,-0.035728343,-0.03431859,0.124174595,0.0033332705,0.023707986,-0.04387953,0.078291,0.11483535,0.04062067,0.0034067333,0.0064207464,0.10341272,-0.031453572,-0.13495529,-0.05437927,0.0037828237,-0.07133899,0.02179782,-0.113567084,-0.027189277,0.010431379,-0.035827264,-0.13675396,-0.022975422,0.07912353,0.10321449,0.107253194,0.11248769,0.07525374,-0.0224296,-0.120480634,-0.08387432,-0.09210076,-0.026065312,-0.081857175,-0.035238147,0.04744734,-0.10055694,0.094506904,0.09968038,-0.112736516,-0.015126996,-0.116572514,0.0019399375,0.054326355,0.10082896,0.004958689,0.040630326,0.07830602,-0.09837117,0.0076242983,0.06671718,0.042576954,0.07969697,-0.102648586,-0.13090417,0.10244487,0.11534926,0.12409857,-0.13272254,-0.01565431,0.029769585,-0.03480894,0.084656835,0.0966375,0.023600116,0.01436238,-0.082065985,0.03201212,0.066543594,-0.026568398,-0.09442335,-0.053886235,0.11986363,-0.05904238,-0.08779462,-0.09767994,0.037099972,0.02819927,0.10496618,0.11979264,0.02583678,-0.13580218,0.050423622,-0.032972753,-0.1328748,0.0415238,0.005294144,-0.08418933,-0.12452143,-0.036637135,-0.11674323,-0.04293026,-0.032829598,0.025564343,0.12872359,0.034515083,-0.10461788,-0.09472142,0.08002986,-0.01786492,0.09748764,0.038369507,0.07226701,0.041820303,0.011713639,0.088466555,-0.08263681,0.03809938,0.054046005,-0.07783763,-0.12908745,-0.07916728,0.026100934,0.12399426,0.12306705,-0.0944515,-0.03358864,0.015420258,0.06166552,-0.108728044,-0.09808482,-0.038016297,0.11207388,-0.09699315,-0.035215497,-0.09237405,0.10832992,0.03876652,-0.06797621,-0.026691511,-0.01500389
-0.10676581,-0.07278417,0.048893496,-0.07770189,0.008313313,0.09409669,-0.091273785,-0.0009794384,0.02037713,0.017172322,-0.1158319,-0.043360353,0.020310462,0.059867486,0.055042744,0.015960112,-0.049420968,-0.12913224,-0.12522402,0.00022421777,-0.04313463,0.11589441,0.020282,0.07102376,-0.021715418,0.10746452,-0.08847876,-0.10786545,-0.12247656,-0.03448251,0.1005936,-0.077763036,-0.081055336,-0.13359162,0.0026253313,-0.04242505,-0.0150279775,0.02044493,-0.13273367,0.014525682,0.0058346987,0.032662258,-0.047458798,0.039685562,0.016037747,0.0709821,-0.12334676,-0.10753301,-0.038593233,0.043582976,-0.0505718,0.022236362,0.11072984,0.041058496,-0.10581134,-0.13488849,-0.09093544,0.08357577,0.05527246,-0.07061315,0.08421682,0.1189751,0.022532701,-0.120579526,0.13550639,0.026739925,-0.014184289,-0.0892587,0.014342532,-0.113517396,-0.048414372,0.10436264,-0.003448084,-0.019975372,-0.096826196,0.0012806654,-0.09396529,0.022294447,-0.07767616,0.11216396,-0.105764985,-0.044514284,0.08896206,-0.1256909,-0.10224034,-0.1341459,-0.08267932,0.12165213,-0.067575306,0.07842894,0.13504624,-0.102425575,-0.066119485,0.013525829,0.09253369,0.05463274,-0.0093654245,-0.10463984,0.084939584,0.02071838,-0.03863381,-0.09624234,0.025452659,-0.014483921,0.1346378,-0.06355635,-0.09985232,0.01668705,0.12704712,-0.09374378,0.05807364,0.08918978,0.05668184,0.059680358,-0.12046046,-0.09767635,0.10060425,0.13095155,-0.0750431,0.0071122646,0.06697895,-0.09545986,0.06097634,-0.040737078,-0.12623066,0.109016776,0.024080545,-0.039072357,0.036570042,0.10932647,0.12100157,0.0053907335,0.053788364,0.12828124,0.09465355,-0.104791105,0.12242529,0.06507929,0.022471294,0.024580792,0.037975684,-0.10786167,0.031653658,0.062161684,0.08959335,-0.061827473,-0.065385714,-0.12933141,-0.068911895,0.051809773,-0.02271983,-0.012516461,-0.13165574,0.009913728,0.030269012,0.11826575,-0.12991148,-0.12598416,-0.066839874,-0.0026314259
0.062324688,0.06471424,0.03321232,0.049611658,0.054294348,0.07490057,-0.12961456,0.09008995,0.0074065477,0.0068496615,0.021484733,-0.08665782,-0.045377597,0.099205166,0.067904055,0.064253196,0.13005844,-0.056784555,0.12525716,-0.1178001,0.01861684,-0.07736807,-0.015956327,0.06303945,-0.094276994,0.08120388,0.033290118,-0.017854638,0.00023397803,0.06687999,-0.090216324,0.012744263,-0.08988444,-0.07863278,0.05268164,0.055906028,-0.011174738,0.12427431,-0.039470546,-0.09124068,-0.017455727,0.014245495,0.10850842,-0.08465958,0.10025415,-0.1297838,-0.00021366775,0.016534865,0.08092263,-0.059640527,0.057879955,-0.042303048,0.10114837,-0.038387097,-0.04679355,-0.02283471,-0.024430133,0.070296615,-0.031020574,0.09498213,-0.097065166,-0.08778244,-0.010527253,-0.04144039,0.012187675,-0.10725192,-0.039826594,-0.11572455,0.036634654,0.12837231,0.03961903,-0.05705236,-0.077623606,-0.016601004,-0.06899185,-0.090384066,-0.057708263,-0.024338096,0.1080993,-0.100051925,0.055307284,0.13605681,0.042821974,0.05655329,0.01610604,-0.112038925,0.072898015,0.097401366,0.075660944,-0.12559724,-0.1028749,-0.0032698363,-0.12226312,-0.061002783,0.02691926,-0.0960714,-0.11411493,0.053328797,0.13464266,-0.035224862,0.09851067,-0.11348106,0.13269714,0.040209964,-0.015297316,0.05040285,0.047786504,0.04540436,-0.13220166,-0.008804947,-0.016307183,-0.09231003,-0.043631546,0.11178441,0.12257761,0.11797646,-0.024653666,-0.12047525,-0.08855829,0.07170816,0.042281106,-0.045599304,-0.021731608,0.051003784,0.044162422,-0.074948326,-0.053907067,0.13643727,0.012716457,-0.060761526,-0.049261622,0.04620248,-0.0018100739,-0.07556793,-0.084262684,-0.08437601,0.06714505,-0.044994354,0.13251373,0.12503588,-0.07574275,0.021552667,0.072985634,0.06971644,0.10867123,-0.06334402,0.07248835,-0.102145925,0.09002936,-0.07535882,-0.09996179,0.020472154,0.031425238,0.080122486,0.022184089,-0.11060746,-0.084879816,0.035684556,0.0035235435,0.014723942
0.04514809,0.014344186,0.11532849,0.10677929,0.014894322,-0.012820534,-0.082534105,-0.016259253,-0.12203554,-0.004723996,0.09588753,0.06755862,-0.044509254,-0.10760343,-0.085136086,-0.019777112,0.04368384,-0.08462761,-0.013938263,0.11025788,-0.09232181,0.07270229,-0.021667786,0.088539094,0.112199605,-0.0037953258,-0.033944912,-0.045588657,-0.04956951,-0.012884617,-0.046366923,0.0668101,0.06808871,0.016466528,-0.064649366,-0.008351773,-0.10876072,-0.018183127,-0.026507802,0.083354056,-0.068216786,0.003774196,-0.008669257,0.13225526,-0.12309617,-0.09738811,0.06531581,-0.01508864,-0.105438516,0.026709884,-0.07043614,-0.0099886805,-0.033635587,0.022217989,0.046950907,0.02624102,0.096105516,-0.018672995,0.048830748,-0.06948991,0.062108725,0.03290148,-0.121881545,0.046157107,0.05180703,-0.01491081,-0.020059668,-0.03467986,0.053457484,-0.061192296,-0.10783427,0.10089986,0.12094709,0.0026693046,0.11882207,0.029837415,0.11645293,0.02878727,0.061710313,-0.0069095343,0.023737624,0.02282159,0.07930136,0.03341864,-0.061480276,-0.07247925,0.074784935,-0.07095931,-0.024873704,-0.04658497,-0.11814652,0.0046049356,0.07049772,0.078625634,-0.09757273,0.090659544,-0.02875691,0.11922434,-0.004496515,0.020756975,0.074424446,0.010384917,-0.050459787,0.067193955,0.018670648,-0.13635816,0.06484015,0.11128707,0.03879097,-0.09730963,-0.08800036,0.08984232,-0.03101734,0.12274656,0.08995296,0.04083006,0.025121942,0.12136248,-0.003203854,-0.11456729,0.07369381,0.005700752,0.03565897,-0.02428583,0.09397741,-0.000118374825,0.099424854,0.08391,0.07816057,0.12831178,-0.105789274,0.024056748,0.001981005,-0.00810124,-0.10152802,0.0018291324,-0.021219447,0.10864554,-0.0467849,0.07511802,0.051200747,-0.12576044,-0.025322951,0.08016333,-0.051771216,-0.11668988,0.010269016,0.0030743182,0.08428793,-0.10763914,0.06537379,0.027644038,0.1292992,-0.009713739,0.10860546,0.042288885,-0.016323797,0.0062551945,-0.12320159,-0.12419953
-0.0888101,-0.075780004,-0.0052494705,0.09850724,-0.04625188,0.101187944,-0.06484561,0.03238815,0.113895714,0.11515632,0.08327897,-0.1195185,0.10145603,-0.09557794,0.06577718,-0.07846025,0.10092354,-0.101973355,0.018678933,-0.05063785,0.074903116,0.05982159,-0.09973457,0.051687896,-0.07576929,-0.041159756,0.10938467,-0.09828162,0.116680115,-0.07870029,-0.078981414,0.025026396,0.047824413,0.009576291,-0.060437895,0.06592099,-0.12490327,-0.05759211,0.09742382,-0.050248466,-0.12352204,-0.09593363,-0.10897619,0.10819754,0.035864025,-0.088021085,-0.04361421,0.11204477,0.057776272,-0.10044101,-0.035324305,-0.1288822,-0.043545328,0.052655354,-0.13582101,-0.006940976,-0.11987458,0.04778245,-0.05365219,-0.093610674,0.10799052,0.023853362,0.0984174,0.01951404,0.12123641,0.11356342,0.074950874,0.046815425,-0.016119003,-0.123775974,0.028239027,-0.092978835,0.088463485,0.13661084,0.098786175,-0.1352887,-0.01671879,-0.1006445,-0.12981866,0.10459708,0.13654357,0.12411836,-0.12511384,0.073176876,-0.13642368,-0.08473016,0.10935339,0.052367315,0.022740394,0.08227493,-0.112726495,-0.104808986,0.007821202,-0.055962473,0.12735453,0.0736485,-0.01939132,-0.06250372,0.041239813,-0.073714115,0.09276712,-0.124222055,-0.0792943,0.008196443,-0.10437681,-0.020542517,0.061951175,0.022856295,-0.090959266,0.09206481,-0.065539904,-0.00996159,-0.00571616,0.053365037,0.040574506,0.11028902,-0.096350074,-0.12144013,0.11354762,0.089111626,0.092879325,-0.04831183,-0.08202928,-0.055179246,0.045000628,-0.06643358,-0.08895031,0.12537453,-0.006360084,-0.012262955,-0.054076895,0.121949226,0.11420044,-0.023459412,0.08619557,0.08656226,0.1079296,0.10347694,-0.07327733,-0.118060336,-0.014097318,0.096306354,0.014269069,0.06564346,0.09482573,-0.0733279,-0.08201153,0.12962857,-0.057776235,-0.032177024,0.020396128,-0.049591906,0.018454298,0.12705296,0.09302232,-0.088729754,0.13120124,-0.08013163,0.07699205,0.037122488
0.08333954,-0.06579459,-0.1236921,0.123808324,0.0019832253,0.13273317,-0.040575907,-0.020494364,0.07285309,-0.0081768185,-0.06978194,0.0052785575,0.11245057,-0.09487085,0.08255236,0.012917206,0.061281323,-0.05767516,0.06051436,-0.015898608,0.013195381,-0.037719764,-0.043424368,0.109229565,-0.026111998,-0.055982456,-0.09186156,0.070104614,0.058943883,0.08815952,-0.0115074515,-0.13402125,0.13256225,0.07058877,0.031389385,-0.03221956,0.067868635,0.09635624,0.030102715,0.09651226,0.053356573,0.03989519,0.019243926,-0.051046453,-0.08413279,0.113156825,0.09205812,0.032450244,-0.10667364,-0.047065467,0.075378016,0.09523842,0.12109634,0.025393337,-0.042823307,-0.0869191,0.13683191,-0.09216668,0.095394894,0.008019075,-0.10228435,-0.07292223,-0.003682077,-0.059955478,0.11393124,-0.020624101,0.047955677,0.09740518,0.07339345,-0.0910958,-0.09891657,-0.11032336,-0.05806131,-0.089597866,-0.02708856,0.116632015,0.013287485,0.0130006075,-0.056367032,-0.0011680722,-0.052707,-0.055913113,-0.071136355,-0.096004374,-0.12935679,0.07559356,-0.13140664,-0.005072266,-0.050009556,-0.11382281,0.12614903,-0.029180698,0.05046256,0.017833486,0.10108641,-0.049704507,-0.11599833,-0.025275387,0.029206365,-0.130935,0.105370715,0.0023343414,-0.08924508,-0.115350254,-0.13033716,0.09170391,0.014614508,0.0315786,0.02526638,0.039451838,0.0801485,-0.13624522,0.061275974,0.115065575,0.054395303,-0.113345444,-0.0053938776,0.0035016984,0.10355744,0.075737536,-0.034586973,-0.07646402,0.021713361,-0.112706155,0.012450486,-0.068629175,-0.014713362,-0.08437382,-0.105965436,0.08249101,1.07735395e-05,-0.04298181,0.11361265,-0.09789528,0.10480438,0.05625996,-0.10017756,-0.11220591,-0.121826045,-0.1328861,-0.120208,-0.09509216,-0.089950845,0.072152555,-0.046598032,0.04103364,-0.090858355,-0.12366961,-0.024569042,-0.033151656,-0.10974023,-0.039548606,-0.10277274,0.076195106,-0.10019107,-0.11283583,0.017829493,0.01278469,-0.11576758,-0.10517241
-0.03189251,-0.09623457,0.106265366,0.026921406,0.11992177,-0.07507852,0.09643857,-0.005087808,0.13013625,0.019022152,-0.12980264,0.0011871308,0.03654085,0.033542305,0.084533334,0.09318523,0.043301135,-0.13494314,-0.10973229,0.12280601,0.00790742,-0.06990309,0.056985497,-0.11021145,0.07184328,0.02207923,0.047170892,0.13239476,0.020977631,0.08112432,-0.020679861,-0.04753098,-0.021977246,0.05186507,0.064760044,-0.058854952,0.04748766,0.118516386,-0.11660549,-0.123751976,0.06727603,0.12797654,0.027871236,0.08699937,0.081073746,-0.11586937,-0.10773921,0.009987578,0.13351029,0.006680459,-0.012451723,-0.04554429,0.051605374,-0.09596229,0.024561733,0.01958029,-0.031796522,-0.12886025,-0.0028794557,-0.104500316,-0.027930684,-0.13023664,0.0029112399,-0.1320821,-0.115298085,0.13395604,0.0748799,-0.0915616,-0.021979533,-0.04600954,0.07626054,-0.10807331,0.13275799,-0.026123747,-0.021722794,-0.004887983,0.071171194,0.12424633,0.057801634,0.09543361,-0.104773566,0.058078244,-0.1086192,0.07993594,0.04330267,0.049847007,-0.030769162,-0.09928645,-0.0793292,0.0621579,-0.12813307,0.07842414,0.014315426,-0.12747276,-0.04752311,0.035701632,0.10795529,-0.038940527,0.062292397,0.014423713,-0.07667057,0.0210111,0.055635944,0.08256319,-0.1244073,0.02636677,-0.036856256,0.06627035,-0.13536666,0.12329617,0.0791911,-0.04447142,0.045101956,0.0031104237,-0.06587702,0.0018811375,-0.0010325462,-0.062678024,0.0777061,-0.03431101,0.021222576,0.010106251,-0.041233018,0.00527592,0.05586584,-0.022960566,-0.12727414,0.09306303,-0.12259517,0.041015655,-0.065011844,-0.072438404,0.13419789,0.005466804,0.05018285,-0.028587863,-0.077576526,0.08234681,-0.046460718,0.11454821,-0.074829556,-0.09999914,0.098981604,0.035778657,0.01799734,0.13094309,0.1071962,-0.053800046,-0.08961667,-0.08577577,-0.06022331,0.06312369,0.1021698,0.06690189,0.06951596,0.007171884,-0.10641479,-0.07505384,0.09298393,0.06594679
0.10686803,-0.12126083,-0.10887551,-0.015098758,-0.060775235,-0.096644744,0.011580348,0.107621744,0.10197319,-0.071152255,-0.05663223,-0.0031422526,0.014350042,0.07036948,-0.11146447,-0.012680508,-0.10735381,0.052166596,0.02729489,0.07936978,0.11109151,-0.13311508,-0.09440713,-0.080828115,0.09135945,-0.06949938,0.062333927,-0.085324466,-0.06984527,-0.014507197,-0.00925909,-0.042828858,0.11990997,-0.10007657,0.042299658,-0.10193689,-0.107044905,0.09626745,0.09773825,0.10456705,-0.083734825,0.10372208,-0.034782402,0.0737572,-0.058081545,-0.028593414,-0.035928138,0.113235,-0.016122691,0.09754792,0.0031322688,0.062349856,0.10662082,0.015880585,-0.028498054,0.07162298,0.04372625,-0.1301943,0.031154558,-0.013052784,0.13385975,0.09266545,-0.07052991,-0.123689525,-0.0025163442,-0.09981795,-0.09859395,0.10483818,-0.12588988,0.12121609,-0.13492522,0.010297582,-0.056266643,-0.018610835,-0.10893999,-0.1286794,-0.06562508,0.028050795,0.038886666,-0.13505264,0.05628659,0.036208212,0.08224417,0.023055464,-0.036260583,0.060613602,0.035755172,-0.040146403,-0.023214951,-0.035638563,-0.019613452,0.0037212074,0.06882705,0.042104855,0.0030848235,0.11096044,0.04021515,-0.04924856,0.029314876,-0.096540466,0.11645329,-0.040705808,-0.015435539,-0.045706123,-0.12845647,0.11106934,-0.009709194,0.073037416,-0.12750068,-0.051046617,-0.051933922,-0.057759747,0.12379545,0.00844112,-0.03678006,0.05490084,0.12791964,0.083454326,0.12123695,-0.13053425,-0.07226678,0.115270466,0.05703698,0.005642742,0.1270017,0.067504436,0.022062033,0.052516893,-0.043675393,0.013556361,-0.0019899905,0.0430485,-0.10031575,0.1307441,0.025320992,-0.045037612,-0.12007901,-0.06298193,-0.055564217,0.053116888,0.0514165,0.012947947,-0.029659532,0.040330857,-0.08235236,0.08057213,0.10354513,0.01136893,0.056022123,-0.010428235,-0.03282869,-0.10088158,0.041541398,0.08769368,0.06456791,0.11239424,-0.07922016,-0.11783797,0.09283802,0.13643354
-0.039544493,-0.04842645,0.046815693,0.05137129,-0.037273124,0.062343106,-0.08804564,0.024902657,0.10631049,0.027799144,0.026677117,0.011517435,-0.055444077,0.09911314,0.086086184,0.06422688,-0.015485197,-0.11927959,-0.0962487,0.051215336,-0.13048051,-0.09569524,0.0018398166,0.031787813,-0.036357254,-0.1253013,0.06746678,0.02834925,0.0715794,0.12771812,-0.0831238,-0.039985515,0.030849084,0.08824226,0.07453926,0.059121832,0.032355085,0.036370248,0.022136435,-0.0011057854,0.0055024624,-0.12813808,0.06031677,0.10309148,-0.021383435,0.07716791,-0.12668076,-0.13090836,-0.11339801,0.033506557,-0.110871635,0.024564609,-0.08916546,0.0021326244,-0.011292145,0.03785424,0.078740284,-0.059868798,0.07797162,0.005719751,0.10783346,0.04692264,0.09455496,0.03841801,-0.003432393,0.06181945,-0.06346726,0.047352105,0.04542856,-0.102223754,0.11110845,-0.051032774,0.06969941,0.019950658,0.081163794,-0.08636038,-0.12047486,-0.051194377,0.048348486,0.033968613,-0.0053123236,-0.07321726,-0.10962939,-0.024631366,-0.09816511,-0.004510686,-0.13573645,-0.01878491,0.05419579,0.08630273,0.0023246855,0.014210865,-0.011446759,-0.06378723,-0.07863389,-0.019714981,0.10561605,0.017948464,0.0859565,-0.02809862,-0.03883446,0.012709141,0.016701788,-0.031067163,-0.08931863,-0.09180717,-0.12110223,-0.13471435,0.06334637,0.0755658,0.10832371,-0.11713111,0.08686595,0.063357696,-0.02599509,-0.119786434,-0.08480443,-0.08832007,-0.12836275,0.03130333,0.11754912,0.053791597,-0.08853479,0.12755442,0.034105763,-0.0024935305,-0.113310054,0.057329327,-0.06262305,0.09533355,0.09557034,-0.13111997,0.024962202,-0.076053455,0.08271627,0.07177411,-0.026260734,0.019353643,-0.112548865,-0.13253243,0.0076736063,-0.0017542094,-0.011417344,0.112065956,0.038137943,-0.08856449,0.099003345,-0.06337539,0.048294365,-0.13640553,0.02797538,0.13105458,0.09309594,-0.11538992,-0.08532296,0.005646229,-0.1143955,0.050641105,5.841255e-06,-0.05310963
-0.114580475,0.011661902,-0.053242996,0.09884533,-0.015566818,-0.09929936,0.12736619,-0.080428354,-0.0759054,-0.014293261,-0.10087228,0.009055182,-0.118135646,-0.09753231,0.047436953,0.096799225,0.09355524,-0.045468353,-0.037062556,0.13168186,-0.002282083,0.12980703,-0.039710276,0.116732,0.09265001,0.1226446,0.09128508,-0.025500946,-0.13683544,-0.112729795,-0.12322336,0.115044296,0.11253841,-0.13014024,0.063465625,-0.077824414,0.0020787865,-0.012353778,0.13133642,-0.015350692,0.0028353482,-0.00852634,-0.0526309,0.04901521,-0.08728252,-0.09161651,-0.031759076,0.065429464,0.08043818,-0.04774756,-0.11675949,0.040256023,-0.029441446,0.09714861,0.105406,0.019354656,0.048870876,-0.025030732,0.045881927,-0.034126915,-0.044614412,-0.097651504,-0.08214538,0.005530104,-0.050675064,-0.11677359,0.014226764,0.09850708,-0.0920451,0.06392047,-0.0717731,-0.058351897,0.027379021,0.010324255,-0.045492284,-0.061001703,-0.054180615,-0.060880914,0.023229808,-0.09670687,-0.10921102,-0.019604608,0.058029026,0.058322027,0.11490911,0.030597478,-0.0682951,0.03037943,0.01090394,-0.031035267,0.104161575,0.0978671,0.10703476,0.05340603,-0.09437713,-0.053823814,-0.09327814,0.08506662,0.08021553,0.07542089,0.11897299,-0.11851171,-0.06721243,-0.039122373,-0.11927965,0.06525372,0.04304257,-0.061438322,0.11197001,0.024978206,0.06637631,-0.06684695,-0.02055084,0.0013876855,0.118392766,0.09007786,-0.06757909,-0.08665423,0.1055204,-0.07548794,-0.1300722,0.024705738,0.06628795,-0.012717664,0.10628587,-0.12491463,-0.06265745,0.10284431,-0.070223056,0.059625775,0.051830366,-0.101864345,-0.11323043,0.065184355,0.062533334,0.026717633,-0.12844388,-0.084325016,0.042791873,-0.010627031,-0.13088119,-0.044053473,0.0054664165,-0.0046735853,-0.057969764,-0.0106832385,0.1305153,0.109502524,-0.08512417,0.12793148,-0.13237368,0.10534966,-0.11316122,-0.09192248,0.1104722,-9.8496675e-05,-0.12838489,-0.06301882,0.0010579526,-0.0024026483
-0.12149142,-0.057885565,0.043315753,0.02060771,0.10418466,0.008857533,0.048733488,0.06889962,-0.04436992,0.06714022,-0.0041150004,-0.047199644,0.0050507486,0.105191246,-0.12009044,0.050787374,0.078955725,0.09967969,0.02233152,0.008003011,-0.051384218,0.12173024,-0.113493145,0.010192692,0.095795825,0.113752335,0.0439194,-0.018764213,-0.06634233,0.008064508,-0.11796944,0.02898994,-0.0643528,0.054676935,0.05074206,0.08759439,-0.12332365,-0.014835462,-0.099759504,0.12017402,0.0283802,-0.04260291,-0.0033777654,-0.0122770965,-0.030584186,-0.13650902,0.112683594,0.011025414,-0.10935953,0.07464011,-0.13346447,-0.045376718,0.12580404,0.12193945,-0.10478793,0.097002745,-0.11396782,0.0066290647,-0.029672228,-0.034107327,0.089879155,0.08757377,-0.13497555,-0.05871571,-0.09635468,-0.05143074,0.083027855,-0.022982828,-0.07124703,-0.13183539,-0.11371746,0.0033048391,-0.09658363,-0.00074885786,-0.034691967,-0.0820605,-0.11995998,0.0074301213,-0.076839656,-0.01080969,-0.10127729,0.02257736,-0.06305088,-0.10022489,0.02564685,-0.08836652,-0.0056756437,0.0070260763,0.06158425,-0.0012645125,-0.10419265,-0.10322206,0.033275127,0.08795965,-0.07438644,0.12362799,0.10830103,0.039000854,-0.06078715,-0.08032362,0.09142132,0.030510008,0.072517246,0.119597435,0.076083586,-0.11552299,0.057491094,0.07075991,-0.048616715,0.092924014,0.08425586,-0.05795148,-0.026708879,-0.031202056,0.12795621,0.02440849,-0.08621481,-0.06214294,0.11649367,0.017006218,0.007957011,0.013518855,0.0058633983,0.01672186,0.041094854,-0.0186854,0.06390841,0.041315556,-0.10637124,0.07296617,-0.072111286,0.09189473,-0.1176161,-0.062004454,0.040589288,-0.041608065,-0.046979412,0.010898054,0.04163912,0.047178462,-0.08675743,-0.13051017,-0.10386308,0.0016185939,-0.13430199,0.03229609,0.06731564,0.08740619,0.11789873,0.03470555,0.11700928,-0.0054101646,0.016374722,0.035135567,0.099060416,0.018101513,-0.13009033,0.014333129,-0.036556102,-0.09380692
-0.0058711767,-0.039052993,-0.112274826,0.11178297,-0.034418978,0.08671117,0.09026183,0.0686332,-0.067425944,-0.049557827,-0.11433546,-0.018568724,-0.07151656,-0.05299563,-0.093867704,0.015432313,-0.024858944,0.086943835,0.0390238,-0.028994642,0.12735242,-0.053839907,0.09464072,-0.060398817,0.022678733,0.09836902,0.11643687,-0.13356577,-0.13515322,-0.13024963,-0.06449844,0.08855398,-0.016394183,-0.12973252,0.07339427,-0.056733236,0.015773073,0.040847793,-0.08236781,-0.003161192,-0.1141116,0.06955311,-0.009245083,0.0101804435,-0.05655805,0.1201776,-0.111197025,-0.028091043,-0.010713011,0.047565356,-0.009586051,0.020187214,-0.014431357,-0.05603583,-0.06472508,0.1195932,0.13352495,0.07810576,0.045972943,0.13640198,-0.00046359003,0.030058146,-0.10384245,-0.017793097,0.12812477,0.0024027377,-0.08986093,0.08398418,0.12107983,0.041494623,0.09011176,0.123669386,-0.07098827,0.11714715,-0.013724394,-0.08628598,0.06597982,0.024229914,-0.084244534,0.027683705,-0.024313547,-0.13065681,-0.00677526,0.013895854,-0.026594028,-0.05842992,0.017242089,-0.0794801,0.030187294,-0.08598259,-0.13428856,0.06875056,-0.095179684,-0.10652873,0.108619526,-0.04133439,-0.087232016,0.061680824,0.009057701,-0.13344824,-0.10008314,-0.026246369,-0.051703602,-0.1018569,0.08188385,-0.0032515526,0.08740273,-0.0477774,0.0014575422,-0.011114672,0.040583476,0.00076664984,0.033314824,0.036692858,-0.018635906,0.02608183,0.034036323,-0.07182236,0.026730388,-0.019908383,0.076116174,0.028236061,0.114187926,-0.09564184,0.06263232,-0.043934837,0.07637146,0.11387855,-0.13425961,0.0118967,-0.015656821,0.09537697,-0.042774633,-0.11713571,-0.10246645,-0.05097633,0.12606043,0.04611753,-0.092924505,-0.03440693,-0.0728224,-0.012937017,-0.11886811,-0.095893934,0.04546447,-0.11324398,0.12780741,0.027306601,-0.029782511,0.103934586,0.1286805,0.050194725,-0.10213962,-0.1001705,0.11237146,0.027308568,-0.039980493,0.01798819,0.10136439,-0.04572019
0.021154642,-0.08930551,0.11631408,0.10114546,0.11928201,-0.09634965,-0.018680468,-0.12914366,0.003340885,-0.1293941,-0.07809009,0.03663899,0.033323973,0.036832035,-0.01913289,0.04590948,-0.13597374,0.058768824,-0.07653408,-0.032321155,0.036208674,0.047918886,0.09378168,-0.085057735,-0.044141717,-0.0923193,0.10247612,-0.02584093,0.093299165,0.00097464025,0.13211256,-0.09780873,-0.13211583,-0.119988225,-0.058381476,0.09475084,-0.016386509,-0.10284375,0.096823946,0.1102566,-0.0754475,0.06805776,-0.075947516,-0.049787886,-0.11927888,0.044518426,-0.119941086,-0.08572216,-0.12268044,0.051674843,0.13313699,-0.030927435,-0.089512065,0.11878982,0.038550064,-0.042905644,-0.006852433,0.006328255,-0.09477751,0.030747414,0.11437911,-0.023269862,0.05300516,-0.10124801,-0.047527745,-0.08935353,0.031104311,-0.070141606,-0.0285149,-0.119367115,0.013739601,-0.08483763,0.06369588,-0.09327866,-0.10352372,-0.13467559,0.008380696,0.033335462,0.11773026,0.13468444,0.12087023,-0.009700939,0.035087883,0.12456918,-0.041274577,-0.103675425,0.043672875,-0.06505347,0.03478223,0.09048246,0.124767214,-0.040240392,0.030712917,-0.05248765,-0.042041942,0.0011217445,0.10205488,-0.079015106,-0.08337443,-0.044210307,0.09697579,0.12863648,0.07769996,-0.11519949,-0.113502316,-0.07328804,0.13650665,-0.03085009,-0.052173942,-0.0035605878,-0.10815963,-0.0062741637,-0.087271646,-0.04931327,-0.010743901,0.1291976,0.0149239,-0.114459194,0.089449674,-0.038372897,-0.032733485,-0.06780768,0.06782815,-0.102679014,0.0039384067,0.015410408,-0.04115522,-0.13690479,-0.1002163,0.029606417,0.12505531,-0.07281786,-0.13260275,0.023769721,0.10516854,0.029173642,0.10106349,-0.046273425,-0.033949547,-0.0028386712,-0.047620498,0.059738204,0.062250122,-0.11710224,-0.003393054,-0.09229818,-0.10809639,-0.07531197,-0.07122149,0.013424367,0.020378307,0.11668882,-0.037340738,-0.052030034,0.121059656,0.09560609,0.01244092,0.08706206,-0.07715747,0.13299292
0.13384095,0.10766114,0.020521164,0.03449054,-0.042404808,0.11560005,-0.074894324,-0.0014933348,0.09477271,-0.077379465,0.059537634,0.13210091,0.13667655,-0.12657018,-0.027922943,0.060623527,0.059312,-0.02812294,-0.024710044,0.043175608,0.041188195,-0.116160154,-0.09992121,0.05925265,0.092914686,-0.07583544,0.11329004,-0.0548992,0.03480506,-0.12815689,0.13223329,0.1325044,-0.04105568,-0.11396815,-0.034454726,-0.011750832,-0.0052675605,0.012463927,-0.039815687,-0.12960614,-0.012311667,-0.13579597,0.1232557,0.0825457,-0.099178955,-0.13298073,-0.026938774,-0.11044347,0.11310151,0.09929612,0.03849314,-0.13509534,-0.005041912,-0.091502935,-0.044369623,0.10098484,-0.06690049,-0.10404444,0.06269921,0.03537987,0.10724206,0.06734182,-0.08576412,0.08664636,0.021781892,0.08230761,0.07943298,-0.0695947,0.08929311,-0.09511928,0.012632191,-0.0762987,0.101569,0.08744408,0.062007427,0.0045500547,-0.01949498,0.07872175,0.03668949,0.08470695,0.1145809,0.07621208,0.082913265,-0.12555447,-0.067223765,-0.011506364,0.04762602,-0.0655322,0.05488102,-0.0028623044,0.021067992,-0.13082625,-0.01047875,-0.003663987,0.106808186,0.13537419,-0.0640311,-0.08153446,0.12708515,-0.038498394,-0.088904575,0.051687837,0.026930675,0.0789381,-0.052625544,-0.06725847,-0.042958535,0.09301031,0.08202456,-0.12889352,0.06120996,0.052601352,0.06388569,-0.10765651,0.12462288,0.09808868,0.0409023,0.07718584,0.08595677,0.019919872,0.076393634,0.10015966,-0.013092935,-0.12696727,0.11559287,0.01812175,0.057976782,-0.041135177,-0.1105359,0.08994506,0.036449283,0.04277098,0.11678141,-0.11452566,-0.117994644,0.020295963,-0.07603654,0.12849265,0.11091359,-0.011867836,-0.046697445,0.012110919,-0.09380447,-0.112140976,0.103735656,0.006212488,0.10498522,0.040190384,-0.12395158,0.06549789,-0.037209302,-0.0154834315,-0.038389936,0.06184341,0.10658978,0.018318936,-0.0067111403,0.049960524,-0.028501056,-0.053769037
0.09711267,0.122511834,0.10856223,-0.11498399,0.07222065,-0.08594857,0.035165116,0.036584705,0.13368818,0.008891225,0.023320168,0.071624294,0.099233836,-0.07157614,0.032304153,0.10037924,0.08987461,-0.026619166,-0.10768619,-0.04209078,-0.009754732,0.100887135,0.10435967,0.08106281,0.037085965,0.046476454,0.008013874,0.11936018,0.074596584,-0.05510491,-0.001838237,-0.06600875,0.027655467,0.040095672,0.010154039,0.06827803,0.06555195,-0.07743725,0.11733237,-0.08349082,0.0259251,-0.016955249,-0.12260591,-0.13183881,0.04193653,0.027495667,0.11838731,0.090959534,0.05488676,0.13328755,0.07722041,0.014852732,0.06044835,0.012816489,0.0569174,0.058394134,-0.08263597,-0.03445322,-0.020704083,-0.09439029,0.034322828,0.07851513,-0.11841494,0.01635468,0.06548007,0.058041587,-0.11868927,0.029721364,-0.052628748,0.06096801,-0.016746342,0.09541839,0.025219753,-0.04359018,0.12439591,0.06764971,0.118878365,0.12166801,-0.12564883,-0.11855666,0.022028401,0.0872408,0.099636495,-0.0428461,0.12899745,0.0437513,0.047063485,-0.07579593,-0.10257543,-0.10056621,0.0046871305,0.089953676,0.037223727,-0.1078505,-0.021672063,-0.02945555,0.082667306,0.13655704,-0.10691565,-0.1097731,0.037116945,0.12985957,0.0738918,-0.025914058,0.1216822,0.11106905,0.11844769,-0.13449536,0.12787661,0.033293635,-0.059767723,0.11672202,0.031707793,0.067022175,-0.02445589,-0.11175075,0.07527098,-0.061106928,0.102918476,-0.10707846,-0.12497375,-0.115289986,-0.0061421096,0.06549625,0.044250667,-0.0353864,-0.020798497,0.031246066,0.116794944,-0.10495218,0.0054027885,0.038970098,-0.097440705,-0.017106242,-0.0133651495,-0.07661948,0.06586027,0.122781605,0.029373288,-0.10424437,-0.03106615,0.05558087,0.09058452,0.098680854,0.065220326,0.08780317,0.07110381,0.09859301,0.017185539,0.099244475,0.029765502,0.050895855,0.0846744,-0.0164503,-0.05966521,-0.12871654,-0.08858493,0.13666597,-0.019051827,0.050977573
0.13663065,0.061829567,-0.03559906,-0.047787026,0.023667768,0.04268959,0.058304593,0.046486646,-0.02535753,0.07188925,0.03525029,0.041072264,0.021941498,0.09782946,0.025296316,-0.115816616,-0.022677876,-0.107969105,-0.018734142,0.13534299,-0.104552776,0.055333182,-0.0060946345,-1.4305115e-06,-0.122402355,0.020676494,-0.010487661,0.111283734,-0.11451508,0.058510825,-0.014043778,0.07906225,0.087252095,0.046007186,-0.015308708,0.013936728,-0.02264177,0.01605858,-0.011910006,0.09880695,0.06765807,-0.09300129,-0.007646203,-0.10918794,-0.00386329,0.026436731,0.046079144,-0.068202384,-0.026038185,-0.038678735,0.02035904,0.124219865,-0.074368745,-0.012340657,-0.1219788,0.06773168,-0.021224014,-0.04014033,-0.12317733,-0.00033305585,0.13157019,-0.09092362,-0.10647999,-0.13404639,0.07208197,-0.111896224,-0.05872733,-0.13429818,0.007585481,-0.10223052,0.072437555,-0.047762707,-0.06975732,0.06611374,-0.11824779,-0.037380077,0.027942598,-0.04074753,0.09244265,-0.012592167,-0.0046471357,-0.03166303,-0.09302839,0.10315165,-0.09307361,0.08870961,-0.06478945,-0.052477494,-0.12722309,-0.10025777,-0.13436402,-0.10156122,0.13305932,9.23872e-06,0.044889793,0.089511186,0.069895774,0.07930301,0.017365426,-0.10120452,0.12068164,-0.004832253,0.082715526,0.07999021,0.114025265,-0.13258685,-0.072655216,-0.0041888207,-0.13529938,-0.107538685,0.08855252,-0.067778796,0.056987584,0.13245153,-0.10829776,0.13434094,0.054210156,-0.047416784,-0.023153186,-0.046814352,-0.03349801,0.13651323,-0.12628233,0.119618386,-0.03249996,-0.08532672,-0.095599554,-0.110097446,0.06748383,-0.059211552,0.047386423,0.011796996,0.008984789,-0.037052236,-0.11442371,0.0048420727,-0.031517982,0.105363235,0.050508797,-0.101211414,0.09582645,-0.04397352,-0.050154477,0.05139424,-0.096203096,-0.13545348,0.10833426,-0.06446753,0.028197244,-0.07065149,0.113491714,0.10726096,0.0071709007,-0.07335937,0.07766278,-0.037786625,0.00929527,0.060984015,-0.11625516,0.06855014
0.065268904,-0.04434018,-0.07837826,-0.055525854,-0.034898393,-0.07574184,-0.10661877,0.054107517,0.1312066,-0.07431877,-0.05528806,-0.04757414,0.028947368,0.042044327,-0.09705551,0.007342294,-0.106622785,0.03919168,0.012281075,0.052139014,0.09605074,0.10575536,-0.11477296,-0.1298727,-0.074440636,0.013257608,-0.018637866,0.011136964,0.11045365,0.07322161,-0.09049036,0.025001124,0.014382884,0.09171553,-0.024151944,0.052851364,0.10114929,-0.09592453,0.117850155,-0.12660006,-0.05808027,0.101254895,0.100386456,0.10771054,0.088623196,-0.02975078,-0.037602663,0.0018114448,-0.09505795,-0.08116235,0.028597176,-0.10634976,0.03039144,0.020741984,-0.046924666,-0.0768504,-0.06344062,0.0035176873,0.10516161,-0.10858019,0.04732661,-0.10369051,-0.11432103,0.08412956,-0.0617645,-0.04819227,0.11683464,0.13408518,-0.056017518,0.021269172,-0.050183825,-0.051343083,-0.03384286,0.0897107,0.09283629,-0.11098998,0.040578097,0.11982468,0.1123444,-0.048945762,0.09841475,0.082210705,0.12138581,0.0014779568,0.02256322,0.009199902,-0.092663236,-0.11312384,0.11185062,0.05470133,-0.1139307,-0.035338245,0.003829077,-0.012356326,0.00034703314,-0.09225975,0.06493023,-0.06386699,-0.009358466,0.036528125,-0.09736499,0.13285616,-0.12842344,-0.11343732,-0.049897157,-0.06635892,0.13112295,0.022706121,-0.13567586,-0.065852106,0.014966205,-0.04774335,0.10058965,-0.13162035,-0.104633644,0.11894572,0.09611195,0.11997914,0.01822485,0.034295186,-0.03923095,-0.06628709,0.11188352,0.118629664,-0.0655119,0.12709394,0.07557626,-0.022620358,-0.042924322,-0.11008948,0.0381016,0.06706393,0.07065831,-0.05399511,0.00016725063,0.115640014,0.050783783,-0.07678863,-0.11240466,-0.10999154,0.08290106,-0.07070134,-0.053466856,-0.10083428,0.090128735,0.06983678,0.12737864,0.015112013,0.094597295,0.04122816,-0.08413318,0.07964258,0.08174324,0.12032983,0.04744865,-0.048415348,0.04557863,-0.05277984,-0.13565059,-0.055922747
-0.09464029,-0.09912747,-0.062271997,0.031289294,-0.11880794,0.120619506,0.028765589,0.06261994,0.06385654,-0.065779045,0.0618248,-0.051051416,0.13287416,-0.079620965,0.0031911582,0.06709601,-0.0069802403,0.06911646,0.12533313,0.084771454,0.060818598,0.09860192,0.052826688,0.042895913,-0.11222357,0.05025941,0.10347971,0.061084002,0.06838606,-0.059814796,0.021677315,0.09123112,-0.11970603,0.030956745,-0.026701465,-0.05822797,0.110443726,0.11563861,-0.047826365,-0.070131615,0.03011772,-0.13409811,0.018211767,-0.08304943,-0.032801226,0.033761114,0.029499859,-0.07718924,-0.08539145,0.06453873,0.060666785,0.018325895,-0.0221868,-0.05461877,-0.025890715,-0.10103665,-0.05410125,0.13081995,-0.037535965,0.11648092,-0.04255113,-0.124967545,-0.12703517,0.06360796,-0.07070055,0.110439494,-0.041314505,0.020701215,-0.12351999,0.07175347,0.12626633,0.06298618,-0.0042600483,-0.000762105,0.064004004,-0.096343026,-0.12329858,0.011722982,-0.0023824722,-0.11706993,-0.012874827,-0.08987974,0.06478234,-0.13168557,-0.12325532,-0.085255966,0.04864998,0.12284231,-0.011371791,-0.1292116,0.08751656,-0.09337686,0.04209368,-0.029463552,0.049587533,-0.016821139,-0.12669623,-0.017204575,0.027092576,-0.01748018,0.072017595,-0.13124843,-0.1342856,0.04740219,-0.059995726,-0.043972805,-0.06660139,-0.12241111,0.13266215,0.10717748,0.017485633,-0.12997264,-0.06048259,0.007337928,0.1251171,-0.1193583,0.023223996,0.12896782,-0.0916374,0.08728047,-0.10151686,-0.12643352,0.07659137,-0.13115607,-0.035191886,-0.07382991,-0.052758157,-0.1343512,-0.036763765,-0.05956345,-0.05669239,0.07074535,-0.0696851,-0.06927434,0.009213448,-0.0134831965,-0.02081038,-0.020334557,0.050568566,-0.08258885,0.053169966,0.06433508,-0.066212595,-0.12199512,-0.02906131,-0.1368509,-0.022542626,0.12154183,-0.1054316,0.06229779,0.068127885,-0.04276435,0.126133,-0.087131396,-0.10383367,-0.09461548,0.06345485,-0.11268559,0.018627122,0.02795057
-0.112486966,0.10303868,-0.090207905,-0.12049095,0.13647118,0.13410112,-0.07960275,0.09450896,0.105371594,-0.03644882,-0.05788991,0.12721482,-0.033910275,0.10448399,0.057608888,-0.06435398,-0.0657937,-0.0025189668,0.015204921,0.10913326,-0.08173583,-0.02085694,-0.0110471845,0.13688457,0.09620571,-0.066956416,0.030771479,-0.12324892,0.09041381,-0.0431963,0.1332505,0.03454405,-0.06660625,0.017834306,-0.119668156,0.059406415,0.11505991,0.10868685,-0.009908825,0.0124729425,-0.05861689,-0.04555232,-0.0113387555,0.03183335,-0.015612327,-0.038631067,-0.096314356,0.12294865,-0.04810158,0.03658317,-0.042882793,-0.05144553,-0.06346465,-0.05582559,-0.0048939884,0.06888206,0.045631066,0.069524065,0.010980621,0.1269168,0.012046248,-0.030649476,-0.012319244,0.07191329,0.04451403,-0.07397878,0.02631545,-0.12443266,-0.098476164,-0.08737236,-0.09995023,0.08604893,-0.0045377165,-0.123590894,-0.04428494,-0.030002289,-0.1354375,-0.119111106,0.09847289,-0.028166167,-0.11633916,0.005870849,-0.03533674,0.10710837,-0.06726287,0.0033417642,0.053916767,-0.10655922,0.030114919,0.11392987,-0.106593534,0.022490382,-0.066471875,0.025323674,-0.10586133,-0.05467456,0.03112778,0.07313232,0.04692903,-0.09115926,-0.002355799,0.003913343,0.045550197,-0.070792355,-0.10993839,0.1079092,-0.049303994,0.13063085,0.049861044,-0.077785045,-0.12248979,-0.1342598,-0.019633338,-0.033458114,0.006255716,0.04036452,-0.10810844,-0.092698365,0.00549984,0.024982259,0.053329214,-0.027777083,0.049008384,-0.084887356,-0.05083131,0.0074085444,0.09624623,0.08471185,0.1355901,-0.05541358,0.05333516,-0.09297456,0.070726275,0.08599682,-0.10305746,-0.09650661,-0.030035228,-0.026869044,0.08416739,0.084240094,-0.09459942,0.04231614,-0.109413825,-0.011397779,-0.064178206,0.10390879,0.07964417,0.0628442,-0.022070318,0.03452602,0.032512277,0.10088259,0.05505173,0.018672958,0.010390341,0.1363835,-0.013711497,-0.08478771,-0.122248426,-0.065293
-4.440546e-05,0.06416848,0.006048441,-0.0666642,-0.042344347,-0.0981434,-0.061521217,-0.03931652,0.108080566,-0.020416856,-0.045541584,-0.12037806,0.134585,-0.13148262,0.023764268,0.041499674,0.077962056,-0.04973901,-0.102190815,0.03338878,-0.056877203,-0.025022738,0.0057225227,-0.07995038,-0.004093349,0.02067323,0.04242453,-0.030429468,0.019596472,0.05129522,-0.105804294,0.077843085,-0.10915229,-0.03654869,0.037105024,0.015929103,-0.0637141,0.10736348,0.014893636,-0.09253232,0.024392039,-0.092370495,0.039762318,-0.08466023,-0.026729122,0.08663432,-0.018987939,0.08760379,-0.11393665,0.03314112,-0.13105135,0.10643974,-0.0024797171,-0.08452292,-0.11948357,0.1263172,0.099270955,-0.08762743,0.10049175,-0.008874118,-0.12473439,0.121950805,0.007486984,-0.04173088,0.07581386,-0.027061857,0.057874724,0.033235267,-0.074607655,0.051380366,0.09808655,-0.031332776,0.07427339,0.08202092,-0.08297637,-0.08873008,0.058710918,0.13644484,0.12515295,-0.11913614,0.020734742,-0.115832835,0.03621742,-0.119850874,0.031617224,-0.030835137,0.083400056,-0.048357174,-0.039114825,0.032452986,0.10479349,-0.10232454,0.108539745,-0.042745218,0.05183047,0.1091297,0.13018933,-0.1098207,-0.018649034,0.09027146,0.10727441,-0.010405362,0.09262279,-0.097966224,-0.12855847,0.018510193,-0.13323617,0.008822963,0.07948166,0.025698751,-0.113582626,0.055900976,-0.042074457,0.02321802,-0.092145324,0.03901258,0.027016476,-0.006583944,-0.058065422,0.13160121,0.0569185,0.081222266,-0.019940443,0.0521238,-0.08359095,0.034061924,-0.0746292,-0.12563482,0.02827707,0.073088765,0.047205105,0.06713496,-0.0077290386,-0.039458044,-0.08192962,0.076157,0.0027990341,-0.08641402,0.029040575,-0.080368474,-0.10363439,-0.008042544,-0.024229094,-0.10225683,0.03700623,-0.04771798,-0.11708837,0.110133916,0.036327437,-0.0016321093,-0.024033017,0.1208179,-0.08444156,-0.061319523,0.06406771,-0.021977507,-0.13435021,0.0867842,-0.007908523,-0.079325646
0.042079195,-0.0077946484,0.0037421733,-0.08508323,0.11398062,0.032261774,-0.0029156804,-0.027573824,0.12940904,0.1309169,0.13152182,0.0148132,-0.12205793,0.065930456,0.024306491,0.07602042,0.013794944,-0.033242323,-0.021895759,0.0060099512,0.045586333,-0.10642256,0.103740394,0.06691499,0.103272825,-0.014586069,-0.12156614,-0.02092161,-0.09185069,-0.10573609,-0.12959516,-0.053043395,-0.035637163,-0.048012882,-0.014946267,-0.012256332,0.013480589,0.011964172,-0.07461925,-0.08229611,0.06366514,-0.12219505,0.034090877,0.108126596,-0.05955398,0.04865864,0.12962165,-0.034862615,-0.03377969,0.06415823,-0.09463751,0.07697952,0.005280331,-0.01910413,0.031561136,-0.025640905,0.12691689,0.07476547,-0.007907838,-0.009982944,-0.084648706,-0.07710971,-0.102046415,0.005270794,-0.09762418,0.106573686,-0.11617057,0.12130761,-0.002759695,0.11959672,0.050536484,0.09782408,0.023136139,-0.11670944,0.033083558,0.06344846,0.015935883,0.12511694,0.108597726,0.079860955,-0.13558145,0.099197686,-0.04115098,-0.13505307,-0.0036396682,-0.05136577,0.020741895,-0.12234594,0.068461925,-0.071226984,0.07203473,-0.054089688,-0.12123768,-0.09386209,0.011341333,-0.012765102,-0.053610176,-0.13521309,0.09820235,0.061926886,0.051736638,0.051644668,0.03303498,-0.06623839,0.07258636,-0.04958897,0.051454768,0.010309935,0.08439876,-0.118420064,0.07507029,0.08365719,-0.053241856,0.039738223,0.102383494,0.067714125,-0.09065072,-0.009124681,0.03059192,-0.03303831,0.058986783,-0.05192413,0.0493118,-0.11174076,-0.07453251,0.05727014,-0.108283006,-0.067857146,-0.100565955,0.06033078,-0.09195349,0.08143692,-0.09589726,-0.060285337,-0.0041902214,0.11621478,0.0060397834,0.08757736,-0.105103046,-0.026348814,0.09123056,-0.11251622,-0.13476531,-0.117135026,-0.12128025,0.05825989,-0.011703387,0.050945476,-0.13272358,0.056989744,-0.031058572,0.03235218,0.0604883,0.10963978,-0.10630147,-0.06970208,0.024981529,0.014248505,-0.02943325,-0.07053872
0.027285099,-0.037531525,-0.117781594,0.11634803,-0.0645308,-0.096278146,0.02324991,-0.019997284,0.033365503,-0.095961735,0.11905727,0.10464735,-0.065322414,-0.026725002,-0.12855954,-0.012543,-0.11828879,0.07111582,-0.10284842,0.038258925,0.08356656,0.057518125,-0.06400939,0.05741343,-0.041108146,0.08946121,-0.11660242,0.07478222,-0.0020018965,0.00671196,-0.10816436,-0.01870349,-0.100564905,-0.10539066,-0.104427055,0.06092854,0.07607937,0.080042735,0.095318854,-0.064128555,0.07284193,-0.044464953,-0.06996453,-0.04403258,-0.08604093,0.02158092,-0.051245145,0.0446084,0.12908876,0.047456414,-0.08905756,0.1321193,0.10691771,0.10808252,0.01589726,-0.07092696,0.03759682,-0.12797174,-0.04456962,-0.0012684911,0.13296026,0.1091453,-0.04103694,-0.13644454,0.006883055,-0.08288029,-0.12758158,-0.118594825,0.049926504,-0.11500429,0.086451724,-0.13487145,0.007369265,0.10159309,0.09103279,0.08794169,0.004257858,0.053664982,0.05095589,0.067531005,-0.075757906,-0.089102186,0.13310444,-0.053593233,0.0959426,0.06554444,-0.10104086,0.06968452,-0.005566865,0.07316552,0.119330704,0.049912795,-0.07277865,-0.072905846,-0.0985586,0.11019075,0.07233176,0.00096549094,-0.12818603,-0.04847219,-0.052756853,0.0032473505,0.035592005,0.09574029,-0.03674271,0.095731944,0.054256022,0.05962898,-0.0625476,-0.12163489,-0.12969285,0.058758453,0.13073558,0.056574047,-0.10757979,0.040813208,0.022393823,0.019425347,-0.11332687,-0.09369181,-0.05598572,0.037052915,0.009297058,0.045473576,0.05831021,-0.020176776,-0.061715104,0.0418666,0.07170412,-0.13099562,0.061942324,0.122751325,-0.0483353,-0.09006618,0.0663546,-0.12273888,-0.11667519,0.076429605,0.03260365,0.060391665,-0.08898018,0.02370289,0.11550361,0.09772143,-0.10401094,0.03132187,0.09731521,-0.10628009,-0.010850757,-0.02828879,0.095279485,0.04781781,0.05081345,-0.06373431,-0.11233627,0.11884746,-0.0044890046,0.010811552,0.084272,-0.10955022
0.016254649,0.11385369,-0.035121605,-0.0065581203,-0.0734771,-0.020357832,0.02392757,-0.101938844,0.11291993,-0.10149756,0.043691456,0.010158971,0.029707551,-0.015573934,-0.060391605,0.07327524,0.01870884,0.085863724,0.0627269,0.028667226,-0.0017742962,0.06412506,-0.07890841,-0.045224354,0.1302813,-0.022704318,-0.057138123,-0.09012273,-0.07207067,-0.09030081,0.064114094,0.016092554,-0.12981485,0.098500356,0.08007717,-0.008848593,-0.035441667,0.0119764805,-0.029943064,-0.045585133,-0.019633599,-0.034414962,0.006455317,0.06005293,-0.059875228,-0.12845874,-0.0940994,0.12671065,-0.11826989,-0.06257675,0.1239416,0.0748294,0.13421279,0.038950905,-0.04715032,0.034739077,-0.07432562,-0.12254003,0.0013785809,-0.057514504,0.098237514,0.10918024,0.0058859885,-0.10447312,0.08220714,0.014739975,0.05569242,0.10602544,-0.083541356,-0.0060503334,-0.122120224,0.081858605,-0.056446075,-0.08504249,-0.13548158,-0.040366314,-0.10727004,0.08603296,0.032443553,-0.023095071,-0.018696666,-0.1356547,-0.015791066,0.072003916,0.013151273,0.1342746,-0.021438897,0.012225702,0.0021685958,0.0035769194,-0.07154588,-0.12886962,0.0735261,-0.047883727,0.12085649,-0.08821586,0.05877562,0.0934196,0.08534199,-0.016319,-0.05123558,-0.053535677,0.12366852,0.00018011034,-0.068234704,0.05507931,0.036580235,-0.022248112,0.059574947,-0.0307784,-0.10202429,-0.07504329,0.07186003,-0.07970062,-0.0013831407,-0.034256592,0.11385983,0.08112821,-0.014286116,0.0039958656,-0.0069782883,-0.064071484,-0.021746919,-0.0858441,0.06506392,-0.020639218,-0.13386227,0.053832963,0.01707755,0.00058300793,-0.06523362,0.10713005,0.01269488,0.09122877,-0.048869208,0.07126029,0.05306092,-0.032025278,-0.1330607,0.018727452,-0.039173365,0.104246885,0.10203721,0.09377535,-0.0062410235,-0.0752665,0.023400739,0.08094953,0.10726765,0.00569126,0.10664119,0.102845415,-0.025429644,0.058115885,0.041414887,-0.07010997,-0.10862664,-0.12435313,0.034470424,-0.12049859
0.021820605,-0.04825391,0.007728964,0.058073714,-0.11088596,-0.111391276,-0.122766465,0.03489095,0.09930816,0.06155987,0.08787659,0.009747267,0.101514146,0.07447456,-0.04060845,-0.1081277,-0.03785567,0.09037724,0.10897009,0.04238254,0.05746834,0.00031615794,-0.09582821,-0.10916254,0.10636181,0.07974574,0.09860656,0.1249575,0.066000685,0.11329493,0.008682132,-0.053968474,-0.042373143,-0.10377729,-0.11397471,0.0681397,0.11790401,-0.059283763,0.023146093,0.116560936,0.111303255,0.120016634,-0.059050567,0.009273723,0.054974154,-0.039999723,-0.09658882,0.044195876,-0.094914496,-0.03529796,0.009937629,0.13035071,0.13422781,-0.09782646,0.114819735,-0.054799855,-0.034802377,-0.08620197,-0.041789874,-0.07132969,-0.11092971,0.13016856,0.010991037,0.09510198,-0.049368702,0.090745,0.024562389,-0.05642782,0.054603845,-0.029365316,-0.019776128,0.01576814,0.08365546,-0.0455233,-0.006199047,-0.11325456,0.11999062,-0.0658275,0.06838374,-0.05253143,0.008601487,0.13692906,-0.081338346,-0.012245789,0.036660016,-0.103241384,-0.09294739,0.0073832124,0.020800397,0.13466558,-0.095593676,0.00020289421,-0.016545303,-0.0051772594,-0.03753645,-0.051920183,0.06719911,0.10290088,-0.026117124,-0.09482054,-0.05031249,0.023700967,-0.0049488693,0.064543396,-0.02383168,-0.10757499,0.11688489,0.09676419,0.1245158,0.060324684,0.02145581,-0.022894815,-0.06956966,0.013961896,-0.020037144,-0.006481141,-0.04493314,0.13335428,0.04494068,-0.13312756,-0.0835188,-0.02101335,0.023066342,-0.037898704,-0.055443585,-0.12534525,0.09268211,0.03510335,-0.05512228,-0.010352075,0.10595538,-0.03582658,-0.118050665,-0.065395735,0.10151957,-0.09524357,-0.069855094,0.026097044,0.103943914,0.07630618,0.093424365,-0.11624585,0.0642896,0.014561459,0.05217959,-0.05094815,-0.0592886,-0.06814878,-0.12606508,0.10560891,0.02055943,-0.02964288,0.099286854,0.13609308,0.10879579,0.07292804,0.003674522,-0.052710786,-0.088763475,0.07316917
0.070379764,-0.0530893,-0.090425625,-0.00042963028,-0.11951886,0.042016834,0.008954957,-0.1305641,-0.12965593,0.090491205,-0.064417936,0.0260403,-0.12145743,-0.05276501,0.01826337,-0.0665342,0.03315431,0.0937285,-0.013410233,0.01089564,-0.11844517,0.025907427,-0.11685273,0.11252497,-0.054855093,-0.06562717,0.12100741,0.047914878,-0.12887894,0.007226959,0.0803958,-0.005671799,0.009222105,-0.078386,-0.04233785,0.050448,-0.11180684,-0.07341226,-0.101942666,-0.06477104,0.022362933,-0.096094385,-0.091869816,-0.10210084,-0.12451594,-0.06680886,-0.11035686,0.047866493,-0.1264709,0.06525637,-0.1350875,-0.09587686,-0.106163055,-0.016666427,0.036678717,-0.06298196,0.11823779,-0.09635712,-0.13056947,-0.058109723,0.08118357,0.120746374,-0.08961115,-0.10593015,0.024769947,0.03443843,-0.1306559,-0.099510476,0.05712095,0.06426123,0.044547096,0.09308657,0.0333841,-0.0052132756,-0.044743337,-0.04924386,0.06633727,0.07353325,-0.04501652,0.035690606,-0.0753234,-0.025449231,-0.092879586,-0.10582979,-0.09427348,0.0703371,-0.057988405,0.11855221,-0.0721123,-0.13575947,0.028269619,0.05255127,-0.118578106,0.13559657,-0.00399518,0.04728104,-0.12407044,-0.06424275,-0.032490693,0.07875824,-0.107617006,0.09209362,-0.06378648,-0.04288537,0.064207435,0.0051575154,0.05904427,0.11236754,-0.01915875,-0.026334383,0.0685761,-0.030027851,0.06247264,-0.1068629,-0.08176756,0.024461895,0.11895993,0.053356633,0.045391113,-0.13597988,-0.10206836,0.09694147,0.04609877,-0.1033996,-0.029817507,0.09436217,-0.015720807,0.10272443,0.03429717,0.07190433,-0.017951563,-0.020509154,0.105826825,-0.12990323,-0.03769763,-0.13568312,0.04411991,0.12421358,0.08594717,-0.0014440715,-0.09820105,-0.058132283,0.11811152,-0.13244057,-0.11634794,0.07371402,-0.06824117,0.13351661,-0.0785336,0.04291302,0.06890446,-0.12217445,0.019411728,-0.09705192,0.011660695,-0.119617686,0.055406332,0.08790177,-0.05001919,0.050141454
0.08131732,-0.06447448,0.03321238,-0.0835506,0.055454105,-0.0942866,0.02659154,-0.12785342,0.04611802,-0.10198106,-0.12166473,-0.07506438,0.12608689,0.13114315,-0.12760757,0.028788805,-0.059840985,-0.04717601,-0.108691745,0.06546861,-0.10459623,-0.0057703853,0.05272293,-0.0644642,-0.023043558,-0.083940566,-0.045448475,0.102025226,-0.13236538,0.1304808,-0.13401681,-0.09873411,0.1336638,0.084882125,0.04346636,-0.08224107,-0.072970875,-0.11464968,0.05337718,-0.05761388,-0.10957853,-0.13029253,0.07558654,0.014903098,-0.016173266,-0.09752859,0.10631652,0.07627793,-0.09658748,0.10953674,-0.06867397,0.09068546,0.023185432,0.07344879,-0.04479818,0.06864168,0.05098635,-0.030676313,0.111915976,0.060501203,-0.02536308,-0.03475984,-0.092451885,0.12885624,0.1020076,0.03900464,-0.07611375,0.11762178,-0.050462335,-0.0076116323,0.12590107,0.0054579973,-0.09431255,-0.0061693937,-0.08292283,-0.044214293,-0.077545084,0.029087171,-0.119983196,0.053462774,-0.13681354,0.04764527,0.057101622,0.1348682,-0.10384561,-0.10720125,0.085751384,0.12152666,-0.048937373,-0.07271643,-0.10509651,-0.026259758,-0.084025025,0.11416304,0.122903615,0.0123844,0.0021874607,0.07432826,0.13147041,-0.11775162,0.09200609,-0.09848854,-0.13202533,0.12154806,-0.070124075,-0.045061246,-0.04153099,-0.094566576,0.114468485,-0.046713926,0.07944855,0.035195544,0.094485834,0.11412254,0.12427175,-0.08621007,-0.06632284,-0.1335281,-0.0037269592,-0.13067071,0.0692257,-0.03677222,0.13553318,0.091991335,0.04866281,0.003311202,0.0057499856,0.02137576,0.11665404,0.1345273,-0.121469736,-0.007471457,-0.004373431,0.044253692,0.11398071,0.13017341,-0.1351973,-0.08023189,-0.05950348,0.12532884,0.135111,-0.0968921,-0.07145055,0.021861479,-0.07826197,0.13441324,0.013120651,-0.11924094,-0.08687649,0.03398539,-0.03299293,-0.037725605,-0.10687929,0.103106335,0.11316183,0.11113644,0.13503489,0.11675185,-0.116307065,-0.07343436
0.08128478,0.024389356,-0.03435649,-0.020992063,0.13273725,-0.04101494,0.123257965,0.120286375,0.072653085,0.08011423,0.13523462,0.1079707,-0.12510513,0.11946115,0.0879111,-0.047748342,0.10490073,-0.12655947,-0.0829858,0.0898273,0.017913893,-0.09033623,-0.103768505,-0.13348731,-0.09992845,0.04390669,-0.11494753,-0.065322645,-0.10319777,0.12585089,-0.078973025,0.10450436,-0.07844686,-0.035538465,0.048178434,0.09688215,-0.035933524,-0.010772988,0.13523537,-0.0300017,0.04365149,-0.11333947,0.10091148,-0.08262512,-0.05627562,0.006435573,0.093407154,-0.0027454942,-0.058949858,0.045945615,-0.009087533,0.10111511,0.116010725,0.13437614,0.123647004,-0.07929234,-0.09185268,0.060108423,-0.0457151,0.12398264,0.12999973,0.0881681,-0.01087445,0.079549104,0.031605706,-0.0083954185,-0.058047168,0.05683659,0.014885873,0.09170753,0.07701507,0.05818233,0.11116396,0.09635167,0.015728936,-0.07846008,-0.0056114644,-0.072116636,-0.053764597,0.088862956,0.13435155,0.118604064,-0.065974176,-0.044257715,-0.053288147,-0.12198236,0.028154582,0.023972198,-0.11928889,-0.014094442,-0.023544192,0.09072778,-0.081617385,0.111256436,-0.010308951,0.13034678,-0.0347286,-0.018536888,-0.050016314,-0.029101104,-0.0044888705,-0.028054811,-0.05844771,-0.034793176,-0.06784128,-0.023264736,0.06902577,0.12524557,-0.08119996,0.110802814,0.09524521,0.10949698,0.0023161024,-0.12614842,0.12535551,-0.07654573,0.019469216,-0.12309705,0.13493776,-0.10526921,0.06708665,0.06636675,-0.054301113,0.09507848,-0.090467185,-0.079288885,0.054276332,-0.09151217,-0.026073277,0.012446761,-0.13027386,-0.092705645,0.10514784,0.023290664,0.07019612,-0.08371967,0.021398127,0.088694364,-0.029274948,-0.038291313,0.05296798,0.13132048,0.085198745,-0.001462549,0.051934674,0.1229873,-0.053022437,0.046841115,0.0685866,-0.11130953,0.1326316,-0.07154992,0.016341582,-0.019884259,-0.10983206,0.03452736,0.12078953,0.033161,0.06410086,0.0195698
0.0025735497,0.027831629,0.113199025,-0.13541834,0.003623858,-0.0608403,0.10509302,0.07453799,0.060039014,-0.07773979,-0.035267368,0.044961974,-0.010280684,0.12306368,0.0042999387,0.019470692,-0.0529716,0.10280356,0.036421403,0.09212555,0.11129716,-0.014145799,0.03674881,0.034368828,-0.1255341,0.06970708,0.027134627,-0.034513623,-0.089175545,0.024839982,0.12134728,-0.10262084,0.031015575,-0.06042657,-0.011374086,0.12142047,0.08449367,-0.11199988,0.052298784,-0.025559641,-0.13553241,0.0063979626,-0.016339138,0.10978237,0.035064176,-0.0034322888,-0.09749839,0.0964171,-0.12776156,-0.13161618,0.017447725,0.0349745,0.06755532,-0.047156096,0.0628452,0.109608784,0.13423398,-0.1178637,-0.022894166,0.10076021,0.099908024,-0.010809943,0.023506284,0.12849012,-0.032253288,-0.08000699,-0.03081353,0.122326344,-0.03510864,0.051892728,-0.05322834,-0.13383791,0.07256086,0.03771402,-0.05135993,0.131632,0.049009517,-0.020462789,0.0968893,0.07209647,0.085855424,0.10581243,0.1187135,-0.0053277314,0.120132625,-0.10623229,-0.1328494,-0.012265474,0.01885873,0.08850472,-0.10635694,-0.0966374,0.109852895,0.1315198,0.11148533,-0.099183485,0.1022093,-0.040721186,-0.092457294,0.09101102,-0.07653049,-0.07406951,-0.08294468,0.07311407,-0.10210486,0.008450106,-0.021235898,-0.041297004,-0.11966547,-0.030443996,-0.07345581,0.05761163,0.06391129,0.022274628,0.08714573,0.10278453,0.06378892,0.05393076,-0.01971978,-0.107250646,-0.11189841,0.077945724,0.025926754,-0.09201774,0.016531006,0.119116336,0.104376525,0.1205658,-0.0081494,0.07462846,0.08069351,-0.03319671,-0.11316824,0.092903644,-0.032080255,0.112324476,-0.11844295,0.064680964,-0.059982277,0.08413912,-0.027704112,0.027196527,0.018826306,-0.12501127,0.076184034,-0.048617564,0.011754453,-0.12589753,0.027756706,0.11776301,0.040546194,-0.042734638,0.08486682,0.11409354,-0.0024302006,0.036876693,0.06747703,0.033677757,0.02975303,0.06929484
-0.039280675,-0.05012206,-0.1070518,0.060565576,0.022182241,0.09109038,-0.0029999167,-0.089502275,-0.03386741,-0.12280989,0.09902626,0.061783537,-0.0024957508,-0.115425475,-0.12048834,0.028514013,0.030823976,-0.063268796,-0.10180738,0.11721733,-0.04634417,-0.10655171,0.009927928,-0.051479578,-0.1009009,-0.10295883,0.07419138,0.03166829,-0.052964486,-0.06701042,-0.0069552064,-0.1328796,0.13508493,0.08752091,-0.07768808,0.034279153,-0.12619875,0.026531339,0.127538,0.12807742,0.05213934,0.04429294,0.0038953125,-0.11120307,0.073204756,0.100234225,-0.042026237,0.02591227,0.11401406,0.022528648,0.030367762,-0.06776531,0.12516922,0.08525665,0.047115818,0.118861854,-0.08032842,-0.005968854,0.03595671,-0.11420879,0.06457141,-0.09467833,0.13070586,-0.087195024,-0.07382087,0.09596722,0.097065434,0.1296421,0.08189334,-0.12812613,0.039412215,-0.013067342,-0.034881644,0.12283352,-0.07518299,0.075818166,0.04520993,0.096417844,-0.0699898,0.035077557,-0.11779181,0.033753574,0.13002515,0.061920807,0.11915809,-0.090231836,-0.07417228,-0.088731386,0.089019716,0.05611722,0.13570407,-0.07883287,-0.08076697,-0.09713523,0.047567442,-0.1309682,0.052590907,0.0144871175,-0.033762418,0.034913927,-0.0997411,-0.082108974,0.08179149,0.0947164,0.08369464,0.11966449,-0.056795985,0.030224442,0.086495236,-0.059353694,-0.10310763,-0.10107181,0.016307503,0.024361804,-0.034517504,0.11539486,-0.096003234,-0.08412528,0.10906434,0.055471957,0.023171693,-0.10115108,-0.03219103,0.12343541,-0.103620544,-0.09878425,0.016304627,-0.04825858,0.08968833,0.09892058,0.007193163,-0.10983513,-0.05456692,-0.020904109,0.011268437,-0.016349033,0.06314689,0.054627255,0.066595286,0.107352436,-0.10916868,0.10743821,-0.08556886,-0.059287652,-0.109771304,0.12263557,0.012013987,-0.0275907,0.005197957,-0.020926572,0.004777044,-0.021438181,-0.073762365,-0.07533953,-0.07651704,-0.0406491,-0.023525484,0.07970722,-0.021578237,0.008405775
-0.13276054,0.063646555,0.053127587,0.100363895,-0.026283197,0.12611362,0.10943703,0.041373894,-0.11792579,0.099849164,-0.0822317,0.05021341,0.012334123,-0.107551455,-0.11912782,-0.006237179,-0.025418967,0.015388042,-0.022856355,-0.11672762,0.037346452,0.09318398,0.0124988705,0.031789795,-0.11600603,0.07003841,0.112094134,0.052595124,0.030632079,-0.05496172,0.09349257,-0.02624882,-0.0110646635,0.13596925,-0.09305461,-0.057616398,0.024376616,-0.06626049,-0.018900678,0.0025206655,0.0040286183,0.034643978,0.07025349,0.07178247,0.066919,0.009079337,-0.09015377,-0.023459248,-0.022951134,-0.08149316,-0.12779495,-0.05050742,0.09712613,-0.070124045,0.048584595,-0.037566327,-0.06935495,-0.0010567158,0.08521725,0.09504339,0.04468897,-0.099464834,0.078327626,-0.07257562,-0.08144002,-0.089032516,0.09293322,0.006631717,0.02408646,0.07126553,-0.10520963,0.12772638,-0.0883027,-0.083402514,0.06947294,0.08758402,0.08125402,-0.04873392,-0.09617489,0.07043928,-0.10066569,-0.13457191,-0.120378226,-0.05455096,-0.09119312,0.049347833,-0.09432751,-0.09148279,0.09949148,-0.083913624,0.009837404,0.12833977,-0.05566869,-0.08054706,0.0034344047,-0.12764406,-0.04660012,0.06474522,-0.03875725,0.023022428,0.12514022,-0.003470391,0.11167151,-0.08896742,-0.12059441,-0.045180276,-0.05840087,-0.06513143,-0.08910424,-0.042364784,-0.023044728,-0.052612424,-0.016349167,-0.058332406,0.0043216795,-0.06926468,-0.10375385,0.118058145,-0.100066714,-0.019756839,-0.02583456,0.09298712,-0.057944857,0.058499783,0.05533448,-0.02187059,-0.04797955,0.13191429,0.11539698,-0.11586803,0.0014043003,0.13508883,-0.097265065,0.13143644,0.11334488,0.12428194,0.11742467,0.0947078,-0.093704805,-0.080349475,0.058814168,-0.07507957,-0.058436483,0.12008229,0.118386745,-0.12157861,-0.07671344,0.13140532,-0.07968218,0.07427874,-0.023788325,-0.104274824,-0.12366938,0.006624818,0.119125485,0.13436562,0.06964168,-0.0535219,-0.09406689,0.11655003
